split,global_index,inchi_key,smiles,formula,target_value
train,1589,KEPBFKQZBJTCSI-UHFFFAOYSA-N,CC(O)=Nc1ccc(C2=CC(=O)c3ncccc3C2=O)cc1,,1.55
train,4985,XZDNEHOONYNLCP-VHXPQNKSSA-N,N#Cc1ncc(-c2ccc(N=Nc3ccc(-c4cnc(C#N)[nH]4)o3)o2)[nH]1,,0.96
train,1847,LZQPLLRGDLINNA-UHFFFAOYSA-N,N#Cc1cc(C#N)c2c(n1)C(=O)C(c1ccc(F)cn1)=C(c1ccc(F)cn1)C2=O,,2.39
train,5360,OCAXNVXQHYTXON-UHFFFAOYSA,CC1(C)c2cc(-c3ccc(-c4ccc(O)o4)cc3)ccc2N(c2ccc(-c3ccc(O)o3)cc2)c2ccc(-c3ccc(-c4ccc(O)o4)cc3)cc21,,0.55
train,3852,ZQCKQEGESVJVOL-UHFFFAOYSA-N,COc1ncc(C2=C(c3cnc(OC)[nH]3)C(=O)c3c(C#N)cc(C#N)nc3C2=O)[nH]1,,1.07
train,2686,RKTAIEMPOHIHJL-UHFFFAOYSA-N,Cn1c(Cl)ccc1C1=CC(=O)c2nc(C#N)cc(C#N)c2C1=O,,1.55
train,2904,SJGYSDMSONGTRW-UHFFFAOYSA-N,COc1cnc(C2=C(c3ncc(OC)s3)C(=O)c3nc(C#N)cnc3C2=O)s1,,1.24
train,5336,DMDVONKWDLZNIM-AATRIKPKSA,C/C=C/c1ccc(-c2ccc3c(c2)C(C)(C)c2cc(-c4ccc(-c5coc([N+](=O)[O-])c5)cc4)ccc2N3c2ccc(C)cc2)cc1,,0.66
train,3444,XCSDGOIUERPKAI-UHFFFAOYSA-N,N#Cc1nc2c(nc1C#N)C(=O)C(c1ncc(C(F)(F)F)o1)=C(c1ncc(C(F)(F)F)o1)C2=O,,2.87
train,1013,HOJSBHWKFHVVAY-UHFFFAOYSA-N,N#Cc1cc(C#N)c2c(n1)C(=O)C(c1ccc(Cl)cc1)=C(c1ccc(Cl)cc1)C2=O,,2.08
train,2979,UKWYZXROPKVIRU-UHFFFAOYSA-N,CN(C)c1c[nH]c(C2=C(c3cc(N(C)C)c[nH]3)C(=O)c3nc(C#N)c(C#N)cc3C2=O)c1,,0.25
train,4725,RMEAZJGFNYFQIS-UHFFFAOYSA-N,O=C1c2ccc(-c3nc(OC(F)(F)F)cs3)cc2C(=O)c2cc(-c3nc(OC(F)(F)F)cs3)ccc21,,2.04
train,1705,LIEWIZSVMNJZSI-UHFFFAOYSA-N,O=C1C=C(c2nnc([N+](=O)[O-])nn2)C(=O)c2nccnc21,,2.94
train,5437,IXLTVJDEEZSYHV-UHFFFAOYSA,O=c1oc2cc(Cl)ccc2c2cc3ccccc3c(-c3csc([N+](=O)[O-])c3)c12,,1.66
train,5281,BCXKBHZDCSNALD-UHFFFAOYSA,CO[C]1=N[CH]C(=CN=1)c1ccc(cc1)N1c2ccc(cc2C(c2c1ccc(c2)c1ccc(cc1)c1ccco1)(C)C)c1ccc(cc1)OC(F)(F)F,,0.73
train,758,GGJLUKPRIOFEJW-UHFFFAOYSA-N,COc1cnc2c(c1)C(=O)C(c1ccc(O)cn1)=CC2=O,,2.05
train,2,AAHTVBYDUMLUIQ-UHFFFAOYSA-N,N#Cc1cnc2c(n1)C(=O)C(c1nc(F)cs1)=C(c1nc(F)cs1)C2=O,,2.04
train,3554,XPJGLSOUVFBXGF-UHFFFAOYSA-N,CC(O)=Nc1ccc(C2=CC(=O)c3ncc(C#N)nc3C2=O)nc1,,1.83
train,5375,WGTRBLOCLCYCQE-UHFFFAOYSA,Cc1ncc(-c2ccc(-c3ccc4c(c3)C(C)(C)c3cc(-c5ccc(-c6cc(C(F)(F)F)n(C=O)c6)cc5)ccc3N4c3ccc(C4=CS(=O)(=O)C(F)=C4)cc3)cc2)o1,,0.76
train,1340,JBPQGNKJOZMWDM-UHFFFAOYSA-N,COc1ccc2c(n1)C(=O)C=C(C#CC#N)C2=O,,2.65
train,2929,SMCRGYYOMAHNEF-UHFFFAOYSA-N,O=C1C=C(c2nc([N+](=O)[O-])co2)C(=O)c2nccnc21,,3.05
train,2780,RVKMQAMETPIMKM-UHFFFAOYSA-N,COc1cnc2c(n1)C(=O)C(c1ncc(N=C(C)O)s1)=CC2=O,,1.45
train,4604,OLKVKTVHTBTHGV-UHFFFAOYSA-N,N#Cc1coc(C2(C#N)N=N2)n1,,3.09
train,1010,HNTSQTYLEBRJCF-UHFFFAOYSA-N,COc1cnc2c(n1)C(=O)C=C(c1nc(C)co1)C2=O,,2.13
train,2298,OEUGPBMBIKYKGZ-UHFFFAOYSA-N,COc1cnc(C2=C(c3ncc(OC)s3)C(=O)c3nc(C#N)c(C#N)nc3C2=O)s1,,1.27
train,2112,NGNBKCWLXYYMEV-UHFFFAOYSA-N,COc1cnc2c(c1)C(=O)C(c1ccc[nH]1)=CC2=O,,1.41
train,1911,MGWZATIFNKBNOR-UHFFFAOYSA-N,COc1nc2c(nc1OC)C(=O)C(C1=CC=C(OC(F)(F)F)S1(=O)=O)=CC2=O,,2.26
train,3972,BISKDGONOUMNHM-FMQUCBEESA-N,Fc1ccc(-c2ccc(N=Nc3ccc(-c4ccc(F)s4)o3)o2)s1,,0.66
train,1501,JUXWWXHYXMIHSC-UHFFFAOYSA-N,COc1ccnc2c1C(=O)C(C1=CC=C(O)C1)=CC2=O,,1.14
train,399,CKSZYZIEJCPDMT-UHFFFAOYSA-N,N#Cc1ccc2c(n1)C(=O)C(c1ccc(C(F)(F)F)s1)=C(c1ccc(C(F)(F)F)s1)C2=O,,2.02
train,5477,QQGNLFLAXQMYKK-UHFFFAOYSA,N#Cc1nc(-c2c3ccccc3cc3c2c(=O)oc2cc(Cl)ccc23)co1,,1.73
train,2629,QPMPSDLEDNNTFW-UHFFFAOYSA-N,N#Cc1cnc2c(n1)C(=O)C(c1ncc(OC(F)(F)F)s1)=CC2=O,,2.21
train,4689,QRSPOUGKAVHYPG-DQRAZIAOSA-N,N#Cc1nnc(-c2ccc(N=Nc3ccc(-c4nnc(C#N)nn4)s3)s2)nn1,,1.7
train,2845,SCJDNEGQALLEJN-ONEGZZNKSA-N,CN(C)C=CC1=CC(=O)c2nc(C#N)cnc2C1=O,,1.15
train,4428,LCCDDFQMUIASDI-UHFFFAOYSA-N,N#Cc1cc(-c2ncc(S)o2)c(C#N)c(-c2ncc(S)o2)c1,,-0.89
train,3282,WKZLTPLYYZVCCV-UHFFFAOYSA-N,COc1cnc2c(c1)C(=O)C(c1cnc(N(C)C)[nH]1)=CC2=O,,0.82
train,745,GEKDDOOPCYTJCI-UHFFFAOYSA-N,N#Cc1cc2c(nc1C#N)C(=O)C=C(c1cnc[nH]1)C2=O,,2.09
train,2237,NWUSRKGYOBAOGZ-UHFFFAOYSA-N,N#Cc1cnc2c(n1)C(=O)C(c1ccc(O)[nH]1)=C(c1ccc(O)[nH]1)C2=O,,0.51
train,602,DZFOMOZIAXCNSO-UHFFFAOYSA-N,N#Cc1ccnc2c1C(=O)C(c1ccco1)=CC2=O,,1.97
train,4652,PUKRSFISJKNLPG-UHFFFAOYSA-N,SC#CC1(S)N=N1,,2.02
train,5494,ULXODSQOEGIBNM-UHFFFAOYSA,O=c1oc2cc(-c3ccc(O)[nH]3)ccc2c2cc3ccccc3c(-c3cc(S)[nH]n3)c12,,0.71
train,2058,MZTYTPAPUTXLGT-UHFFFAOYSA-N,CC#CC1=CC(=O)c2nc(C#N)cc(C#N)c2C1=O,,2.87
train,671,FHNZXGTZLBMPKZ-UHFFFAOYSA-N,N#Cc1cc2c(nc1C#N)C(=O)C=C(c1ncc(OC(F)(F)F)o1)C2=O,,2.43
train,1298,IVOGDVZTTLLQEO-UHFFFAOYSA-N,N#Cc1cnc(C2=C(c3ncc(C#N)s3)C(=O)c3nc(C#N)c(C#N)cc3C2=O)s1,,2.49
train,4871,VPKOACZBTMIKIB-XOHWUJONSA-N,COC=Cc1ccc2c(c1)C(=O)c1cc(C=COC)ccc1C2=O,,1.37
train,2672,RJGJWMKHLCXWOF-UHFFFAOYSA-N,N#Cc1c[nH]c(C2=CC(=O)c3nc(C#N)c(C#N)nc3C2=O)c1,,2.15
train,2021,MUXQKUOSHYCZIR-UHFFFAOYSA-N,CC(O)=Nc1ccc(C2=CC(=O)c3ncc(C#N)c(C#N)c3C2=O)[nH]1,,1.12
train,3074,UWEPDXXGFJIPIU-UHFFFAOYSA-N,N#Cc1ccnc2c1C(=O)C(n1ccnc1F)=C(n1ccnc1F)C2=O,,2.22
train,3415,WZFDXUFKWZBBCC-UHFFFAOYSA-N,O=C1C(n2cc(O)nn2)=C(n2cc(O)nn2)C(=O)c2nccnc21,,2.34
train,556,DTIMHNBTUWCCEC-UHFFFAOYSA-N,N#Cc1cnc2c(c1)C(=O)C(C1=CC=CC1)=CC2=O,,1.66
train,2663,RIHDEKFZZLRIIV-UHFFFAOYSA-N,Cn1c(F)ccc1C1=CC(=O)c2ncc(C#N)cc2C1=O,,1.51
train,5253,ORXSDRGKAHUFNA-MHWRWJLKSA,C=NSN1c2ccccc2N(/C=N/S)c2ccccc21,,0.65
train,3868,ZRLDXKOMUIGLSO-UHFFFAOYSA-N,COc1cn(C2=C(n3cc(OC)nn3)C(=O)c3nc(OC)c(OC)nc3C2=O)nn1,,2.19
train,1209,ILGCDWGTKOTWJD-UHFFFAOYSA-N,CN(C)C#CC1=CC(=O)c2nc(C#N)c(C#N)nc2C1=O,,1.6
train,330,CBVZXLBICIOWOG-UHFFFAOYSA-N,N#Cc1cnc2c(c1C#N)C(=O)C(c1ccc([N+](=O)[O-])cn1)=C(c1ccc([N+](=O)[O-])cn1)C2=O,,3.06
train,1336,JBFFQGIBBNWOMS-UHFFFAOYSA-N,Cc1ncc(C2=CC(=O)c3nc(C#N)cc(C#N)c3C2=O)[nH]1,,1.77
train,2882,SGRXIFZWSZWAQL-UHFFFAOYSA-N,Cc1cn(C2=C(n3cc(C)nn3)C(=O)c3nc(C#N)c(C#N)nc3C2=O)nn1,,2.45
train,4834,URZFXQISWCTQBI-OCEACIFDSA-N,O=S1(=O)C(c2ccc(N=Nc3ccc(C4=CC=C(C(F)(F)F)S4(=O)=O)s3)s2)=CC=C1C(F)(F)F,,1.53
train,2513,PEIRQTNUYBBZAD-UHFFFAOYSA-N,Cc1cn(C2=CC(=O)c3ncc(C#N)c(C#N)c3C2=O)c2ccccc12,,1.41
train,5264,WJOLBZFMFUEOLK-UHFFFAOYSA,Fc1cc(N2c3ccccc3N(c3ccoc3F)c3ccccc32)co1,,0.38
train,4347,JUHVRKSVADQROH-DQSJHHFOSA-N,FC(F)(F)Oc1ccc(-c2ccc(N=Nc3ccc(-c4ccc(OC(F)(F)F)s4)[nH]3)[nH]2)s1,,-0.2
train,2277,OBYUNKMRWNNXRZ-UHFFFAOYSA-N,COc1c[nH]c(C2=C(c3cc(OC)c[nH]3)C(=O)c3nc(C#N)c(C#N)nc3C2=O)c1,,0.78
train,2625,QPHCVAXTKCFLFX-UHFFFAOYSA-N,N#Cc1ccnc2c1C(=O)C(C1=CC=C(C(F)(F)F)S1(=O)=O)=C(C1=CC=C(C(F)(F)F)S1(=O)=O)C2=O,,2.87
train,968,HIHJQDXNQDXYHN-UHFFFAOYSA-N,Cc1cnc(C2=C(c3ncc(C)s3)C(=O)c3nc(C#N)c(C#N)nc3C2=O)s1,,1.6
train,2313,OHIHJXOBFBHDCX-UHFFFAOYSA-N,N#Cc1cc(C#N)c2c(n1)C(=O)C=C(c1ncc(OC(F)(F)F)cn1)C2=O,,2.83
train,824,GQJJETGLMPEUMY-HSFFGMMNSA-N,N#Cc1cc2c(nc1C#N)C(=O)C(C=CS)=C(C=CS)C2=O,,1.41
train,5092,AOIFCKQBDADFCF-UHFFFAOYSA,CN1c2ccccc2N(c2csc([N+](=O)[O-])c2)c2ccccc21,,0.26
train,2655,RHEYUHQAUNFEKO-UHFFFAOYSA-N,N#Cc1csc(C2=C(c3nc(C#N)cs3)C(=O)c3ncccc3C2=O)n1,,2.42
train,5387,ZNSUMMNCODFVRU-ULXPUVHCSA,CC1(C)c2cc(-c3ccc(/C=N\[N+](=O)[O-])cc3)ccc2N(c2ccc(-c3coc(Cl)c3)cc2)c2ccc(-c3ccc(-c4cc(C(F)(F)F)[nH]n4)cc3)cc21,,0.85
train,757,GGIZHAFJEOQLDX-UHFFFAOYSA-N,N#Cc1ccc2c(n1)C(=O)C=C(c1ccc(F)n1C=O)C2=O,,1.9
train,3523,XLSVVWLXXRDEKJ-UHFFFAOYSA-N,N#Cc1ccnc2c1C(=O)C(c1ncc(C(F)(F)F)cn1)=C(c1ncc(C(F)(F)F)cn1)C2=O,,2.89
train,4772,SLXWWCJUMOAGIY-UHFFFAOYSA-N,O=Cn1c([N+](=O)[O-])ccc1C1([N+](=O)[O-])N=N1,,3.01
train,1362,JEUMNRGIQXDFNB-UHFFFAOYSA-N,O=Cn1cccc1C1=CC(=O)c2ncccc2C1=O,,1.87
train,4367,KAOWGNCTHPSQJR-OCEACIFDSA-N,c1cnc(-c2ccc(N=Nc3ccc(-c4ncccn4)cc3)cc2)nc1,,1.85
train,5409,CTEWJJPXGCUZIP-UHFFFAOYSA,C=NOCc1ccc2c(c1)oc(=O)c1c2cc2ccccc2c1C1=NN=[C](=N[N]1)OC(F)(F)F,,1.77
train,1236,IODHCKBRQAKTDK-UHFFFAOYSA-N,N#Cc1nc2c(nc1C#N)C(=O)C(n1cc(Cl)nn1)=C(n1cc(Cl)nn1)C2=O,,2.73
train,3529,XLZSQNBZNOXEHA-UHFFFAOYSA-N,N#Cc1nc2c(nc1C#N)C(=O)C(C1=CC=CC1)=CC2=O,,1.75
train,4130,FUZYEVZDQOZJNT-QJZPKIEXSA-N,N#CN=Cc1cc(C#N)cc(C=NC#N)c1C#N,,3.08
train,4762,SFCQXRZTJVTXTI-UCZXZSEYSA-N,ClN=Cc1ccc(N=Nc2ccc(C=NCl)s2)s1,,1.51
train,1637,KJPSUJBGFMRXPA-UHFFFAOYSA-N,N#Cc1cnc2c(c1C#N)C(=O)C(c1ccc[nH]1)=CC2=O,,1.59
train,2491,PBORJOGHXNMMPT-UHFFFAOYSA-N,N#Cc1cc(C#N)c2c(n1)C(=O)C(c1ncc([N+](=O)[O-])cn1)=C(c1ncc([N+](=O)[O-])cn1)C2=O,,3.17
train,1385,JHMNMNDACTXAAV-UHFFFAOYSA-N,O=C1C(c2ncc(Cl)s2)=C(c2ncc(Cl)s2)C(=O)c2ncccc21,,1.81
train,675,FIHLAVXAWPKTGD-UHFFFAOYSA-N,N#CC1=CC=C(C2=C(C3=CC=C(C#N)C3)C(=O)c3nc(C#N)cnc3C2=O)C1,,1.8
train,1635,KJIUCYLIQPPCQJ-UHFFFAOYSA-N,COc1nc2c(nc1OC)C(=O)C(c1ccc([N+](=O)[O-])cn1)=CC2=O,,2.33
train,948,HEIDMGYQRBKRJO-UHFFFAOYSA-N,N#Cc1ccc2c(n1)C(=O)C=C(c1ccc(OC(F)(F)F)[nH]1)C2=O,,1.57
train,4933,WZXCMUFOAYQGOH-VAVLHINXSA-N,FC(F)(F)N=Cc1ccc(N=Nc2ccc(C=NC(F)(F)F)s2)s1,,1.87
train,4534,NCGSINXYGXNQDP-UHFFFAOYSA-N,Cn1c(O)ccc1-c1ccc2c(c1)C(=O)c1cc(-c3ccc(O)n3C)ccc1C2=O,,0.8
train,1218,ILZDUDSACREUOD-UHFFFAOYSA-N,N#Cc1cc2c(nc1C#N)C(=O)C(n1cc(F)c3ccccc31)=C(n1cc(F)c3ccccc31)C2=O,,1.35
train,2776,RVFHDSJRUGKXRP-ZPUQHVIOSA-N,N#Cc1cc2c(nc1C#N)C(=O)C(C=COC(F)(F)F)=C(C=COC(F)(F)F)C2=O,,2.08
train,2516,PEUNZMIURZLNFU-UHFFFAOYSA-N,COc1ccnc2c1C(=O)C(C1=CC=C(C)S1(=O)=O)=CC2=O,,2.21
train,5143,UXHKNSBWQMNZNZ-UHFFFAOYSA,C=NON1c2ccccc2N(c2cc([N+](=O)[O-])n(C=O)c2)c2ccccc21,,0.56
train,943,HEANDKJZKSNBDQ-UHFFFAOYSA-N,Cc1cn(C2=C(n3cc(C)c4ccccc43)C(=O)c3c(ncc(C#N)c3C#N)C2=O)c2ccccc12,,1.32
train,1844,LZFYJLSTOLLMNQ-UHFFFAOYSA-N,N#Cc1nc2c(nc1C#N)C(=O)C(c1ccc(C(F)(F)F)cn1)=CC2=O,,3.05
train,5129,QKZUGZSGKTVRNE-UHFFFAOYSA,FN1c2ccccc2N(c2nnc(C(F)(F)F)nn2)c2ccccc21,,1.28
train,3998,CAHFMHPGCFETPL-UHFFFAOYSA-N,Clc1c[nH]c(C2(Cl)N=N2)c1,,1.67
train,2621,QOZOSGKMTLIHKR-UHFFFAOYSA-N,COc1cnc2c(c1)C(=O)C(c1ccc(OC)s1)=CC2=O,,1.42
train,557,DTIYCHAIPUSTAI-UHFFFAOYSA-N,N#Cc1cnc2c(n1)C(=O)C(c1ncc(OC(F)(F)F)s1)=C(c1ncc(OC(F)(F)F)s1)C2=O,,2.0
train,1542,JZLDXHIRMNADCK-UHFFFAOYSA-N,C#CC1=C(C#C)C(=O)c2nc(C#N)cnc2C1=O,,2.86
train,2534,PGJNBSARWIMDEK-UHFFFAOYSA-N,N#Cc1ccc2c(n1)C(=O)C(C1=CC=CS1(=O)=O)=C(C1=CC=CS1(=O)=O)C2=O,,2.43
train,2748,RRIBLEYPPHFZQM-UHFFFAOYSA-N,N#Cc1cnc2c(n1)C(=O)C(c1ccc(O)o1)=CC2=O,,1.56
train,1715,LJADRPXMOIJPBN-UHFFFAOYSA-N,COc1nc2c(nc1OC)C(=O)C(C#CC(F)(F)F)=CC2=O,,2.44
train,78,AKAXHCGDPUBKKC-UHFFFAOYSA-N,COc1nnc(C2=CC(=O)c3nc(C#N)c(C#N)nc3C2=O)nn1,,2.33
train,2103,NFKHMEOOBPFLPH-UHFFFAOYSA-N,N#Cc1ccnc2c1C(=O)C(c1ccc(C(F)(F)F)o1)=C(c1ccc(C(F)(F)F)o1)C2=O,,1.92
train,4270,IGSCKDVLOLMCKO-UHFFFAOYSA-N,N#Cc1cc(-c2cc(O)c[nH]2)c(C#N)c(-c2cc(O)c[nH]2)c1,,-1.2
train,5127,PRTUSMAWEISGLW-OUKQBFOZSA,CO[C]1=NC=C[C](N=1)n1c2ccccc2n(c2c1cccc2)/C=C/N(=O)=O,,1.24
train,2958,UJJOEVVYKFASDW-UHFFFAOYSA-N,N#Cc1ccnc2c1C(=O)C(C1=CC=C([N+](=O)[O-])S1(=O)=O)=CC2=O,,3.18
train,3193,VZAGOVLOJHSOMB-UHFFFAOYSA-N,N#Cc1nc(C2=C(c3c[nH]c(C#N)n3)C(=O)c3nccnc3C2=O)c[nH]1,,2.01
train,1151,IDOCESJIOOENSA-UHFFFAOYSA-N,N#Cc1ccnc2c1C(=O)C(C#CC(F)(F)F)=C(C#CC(F)(F)F)C2=O,,3.4
train,1292,IVFVEGABCTWXCE-UHFFFAOYSA-N,N#Cc1cc(C#N)c2c(n1)C(=O)C(c1cnc([N+](=O)[O-])[nH]1)=C(c1cnc([N+](=O)[O-])[nH]1)C2=O,,2.28
train,3265,WIFMSVUIFODGSN-UHFFFAOYSA-N,Cc1coc(C2=C(c3nc(C)co3)C(=O)c3c(C#N)ccnc3C2=O)n1,,1.91
train,4872,VPVLDOKSDQTZFP-UHFFFAOYSA-N,CC1=CC=C(c2ccc3c(c2)C(=O)c2cc(C4=CC=C(C)C4)ccc2C3=O)C1,,1.18
train,19,ACYNLGLELDEJTC-UHFFFAOYSA-N,N#Cc1ccc(C2=C(c3ccc(C#N)[nH]3)C(=O)c3nc(C#N)c(C#N)nc3C2=O)[nH]1,,1.79
train,4006,CERNXSRWYBBWEI-FMQUCBEESA-N,O=[N+]([O-])C1=CC=C(c2ccc(N=Nc3ccc(C4=CC=C([N+](=O)[O-])C4)o3)o2)C1,,1.02
train,1007,HNIAATXNUWKFSQ-UHFFFAOYSA-N,O=C1C(n2cc([N+](=O)[O-])nn2)=C(n2cc([N+](=O)[O-])nn2)C(=O)c2nccnc21,,3.47
train,518,DOFFRGNXVBFYTC-UHFFFAOYSA-N,N#Cc1cc(C#N)c2c(n1)C(=O)C(n1ccc3ccccc31)=C(n1ccc3ccccc31)C2=O,,1.33
train,4142,GAIWUBAQTJDEGZ-ISLYRVAYSA-N,Oc1ccc(-c2ccc(N=Nc3ccc(-c4ccc(O)s4)o3)o2)s1,,0.4
train,3497,XIXHJJSNXIGZKR-UHFFFAOYSA-N,N#Cc1nnc(C2=CC(=O)c3nc(C#N)c(C#N)nc3C2=O)nn1,,2.88
train,1546,JZUPXSUJBFNLDT-UHFFFAOYSA-N,N#Cc1nc2c(nc1C#N)C(=O)C(n1cc([N+](=O)[O-])c3ccccc31)=C(n1cc([N+](=O)[O-])c3ccccc31)C2=O,,2.09
train,1694,KRVIFIVWLQMJEG-UHFFFAOYSA-N,N#CC#CC1=C(C#CC#N)C(=O)c2nc(C#N)cnc2C1=O,,3.41
train,1050,HSUUKKXIEAATCE-UHFFFAOYSA-N,N#Cc1nc2c(nc1C#N)C(=O)C(c1nc(S)co1)=C(c1nc(S)co1)C2=O,,1.82
train,3965,BHKKWVYOZWDYID-VHXPQNKSSA-N,O=[N+]([O-])c1c[nH]c(-c2ccc(N=Nc3ccc(-c4cc([N+](=O)[O-])c[nH]4)cc3)cc2)c1,,1.2
train,2349,OKRWMEZGVURRNU-UHFFFAOYSA-N,N#Cc1cnc2c(n1)C(=O)C=C(c1ncco1)C2=O,,2.48
train,823,GQBGQGCEKNYXQK-UHFFFAOYSA-N,CN(C)c1cnc(C2=CC(=O)c3ncc(C#N)c(C#N)c3C2=O)o1,,1.15
train,144,ARLYEEQPLRIKTF-UHFFFAOYSA-N,Cn1c(S)ccc1C1=CC(=O)c2nc(C#N)cc(C#N)c2C1=O,,1.26
train,1858,MBBZXEZANSGQGL-UHFFFAOYSA-N,COc1cnc2c(c1)C(=O)C(C#CO)=CC2=O,,2.28
train,1037,HQYQXEWWUKULTM-UHFFFAOYSA-N,N#Cc1cc2c(nc1C#N)C(=O)C=C(c1ccc(O)o1)C2=O,,1.56
train,3645,YAQLVKPVRSHKOX-UHFFFAOYSA-N,CN(C)C1=CC=C(C2=C(C3=CC=C(N(C)C)S3(=O)=O)C(=O)c3nccnc3C2=O)S1(=O)=O,,0.86
train,5254,PPBILDZLWZSUNQ-UHFFFAOYSA,C#CON1c2ccccc2N(C#CO)c2ccccc21,,1.11
train,4111,FOPSTGCKSBTWEJ-FMQUCBEESA-N,COc1ccc(-c2ccc(N=Nc3ccc(-c4ccc(OC)o4)s3)s2)o1,,0.36
train,5096,BVNMUJGDMFVNJI-UHFFFAOYSA,O=[N+]([O-])c1cccc(N2c3ccccc3N(c3ccc([N+](=O)[O-])nc3)c3ccccc32)c1,,1.38
train,5306,PDDUZBPPJDSDKG-UHFFFAOYSA,CC1(C)c2cc(-c3ccc(-c4ccccc4)cc3)ccc2N(c2ccc(-c3ccc(S)nc3)cc2)c2ccc(-c3ccc(-c4nncnn4)cc3)cc21,,0.76
train,3250,WGDDFGZZOJPUAD-OWOJBTEDSA-N,N#Cc1cnc2c(c1C#N)C(=O)C(C=COC(F)(F)F)=CC2=O,,2.54
train,3088,UWVFJVLIKULDLD-UHFFFAOYSA-N,N#Cc1ccc2c(n1)C(=O)C=C(c1ncc(Cl)s1)C2=O,,2.19
train,5463,NOLGJNFSYIHWSC-UHFFFAOYSA,C=NCc1ccc2c(c1)oc(=O)c1c(-c3csc(C#N)c3)c3ccccc3cc12,,1.59
train,2693,RLJHKCARDDIFED-UHFFFAOYSA-N,N#Cc1nc2c(nc1C#N)C(=O)C(c1nc(OC(F)(F)F)co1)=CC2=O,,2.48
train,731,GCIILPOYASDANN-UPHRSURJSA-N,N#Cc1nc2c(nc1C#N)C(=O)C(C=CO)=CC2=O,,2.05
train,885,GWXKWIKSTSQULJ-UHFFFAOYSA-N,N#Cc1cc(C#N)c2c(n1)C(=O)C(c1nnc(C(F)(F)F)nn1)=C(c1nnc(C(F)(F)F)nn1)C2=O,,2.97
train,4923,WVQABVSPOWSGEN-BUHFOSPRSA-N,O=[N+]([O-])C#Cc1ccc(N=Nc2ccc(C#C[N+](=O)[O-])s2)s1,,1.89
train,986,HLCJAZMHOKUERA-UHFFFAOYSA-N,N#Cc1cnc2c(c1C#N)C(=O)C(c1cc([N+](=O)[O-])c[nH]1)=CC2=O,,2.21
train,1575,KCYWLWBWFCHWBM-UHFFFAOYSA-N,N#Cc1ccc2c(n1)C(=O)C=C(c1ccc([N+](=O)[O-])s1)C2=O,,2.72
train,806,GODADXSLCDIGEK-UHFFFAOYSA-N,N#Cc1cnc2c(c1C#N)C(=O)C(c1ccccn1)=CC2=O,,2.65
train,4948,XFIMZRMDWTWXHX-BYYHNAKLSA-N,Fc1ccc(-c2ccc(N=Nc3ccc(-c4ccc(F)cc4)cc3)cc2)cc1,,1.46
train,3033,URCZGYYGXFNESR-HSFFGMMNSA-N,N#Cc1cnc2c(c1)C(=O)C(C=CCl)=C(C=CCl)C2=O,,2.15
train,2850,SDCGFHVLXZPZCF-UHFFFAOYSA-N,CC(O)=Nc1nnc(C2=C(c3nnc(N=C(C)O)nn3)C(=O)c3ncccc3C2=O)nn1,,2.03
train,3274,WJRGERIUDWQADE-UHFFFAOYSA-N,CC(O)=Nc1cn(C2=C(n3cc(N=C(C)O)nn3)C(=O)c3ncccc3C2=O)nn1,,2.11
train,3872,ZRWICXYIYVJIIT-UHFFFAOYSA-N,N#Cc1cnc2c(c1)C(=O)C(c1ccc([N+](=O)[O-])s1)=C(c1ccc([N+](=O)[O-])s1)C2=O,,2.32
train,2038,MXROQFPNEGIXPA-UHFFFAOYSA-N,N#Cc1csc(C2=C(c3nc(C#N)cs3)C(=O)c3nccnc3C2=O)n1,,2.46
train,1660,KNFXKCXMBIXPHW-UHFFFAOYSA-N,CC1=CC=C(C2=CC(=O)c3nc(C#N)c(C#N)nc3C2=O)C1,,1.46
train,3624,XYDYVGHMFGOHCX-UHFFFAOYSA-N,N#Cc1cc(C#N)c2c(n1)C(=O)C=C(c1ccco1)C2=O,,2.02
train,3355,WSIXRANRRPNCHG-UHFFFAOYSA-N,COc1ccc2c(n1)C(=O)C=C(C1=CC=C(C)S1(=O)=O)C2=O,,2.27
train,1960,MOGHIDNGZMOCSD-UHFFFAOYSA-N,CC(O)=Nc1ccc(C2=CC(=O)c3nc(C#N)ccc3C2=O)cc1,,1.61
train,2762,RTMVQCNBWYWIQK-UHFFFAOYSA-N,N#Cc1cnc2c(c1C#N)C(=O)C(c1cnc(O)[nH]1)=CC2=O,,1.73
train,267,BUJQGRDCOJSWDR-UHFFFAOYSA-N,N#Cc1cnc2c(n1)C(=O)C(c1cc(O)c[nH]1)=CC2=O,,1.34
train,2505,PDQYATMWBOGKIT-UHFFFAOYSA-N,N#Cc1cnc2c(c1C#N)C(=O)C(c1cnc(Cl)[nH]1)=C(c1cnc(Cl)[nH]1)C2=O,,1.64
train,1548,JZYIFXICBKHXHF-UHFFFAOYSA-N,N#Cc1cc2c(nc1C#N)C(=O)C=C(c1nncnn1)C2=O,,2.46
train,4758,SDMPXCJIDHXODL-UHFFFAOYSA-N,FC(F)(F)Oc1ccc(C2(OC(F)(F)F)N=N2)s1,,2.09
train,4732,RQRBPQPYGWRYGE-BYYHNAKLSA-N,O=Cn1c(OC(F)(F)F)ccc1-c1ccc(N=Nc2ccc(-c3ccc(OC(F)(F)F)n3C=O)s2)s1,,1.09
train,3663,YSEYWBGSOUBCHH-UHFFFAOYSA-N,N#Cc1cc2c(nc1C#N)C(=O)C=C(c1ncc(Cl)o1)C2=O,,2.3
train,2478,PAEBVLKULOPPAB-UHFFFAOYSA-N,N#Cc1ccc2c(n1)C(=O)C=C(c1ccc(F)[nH]1)C2=O,,1.5
train,1644,KLEOPAGPPHUKSQ-UHFFFAOYSA-N,COc1cnc2c(c1)C(=O)C(c1nc(C(F)(F)F)co1)=CC2=O,,2.49
train,3327,WOJIJLASNPXCNG-UHFFFAOYSA-N,N#Cc1cnc2c(c1)C(=O)C(c1nnc(OC(F)(F)F)nn1)=CC2=O,,2.66
train,3762,ZEOFCICAIHXJRQ-UHFFFAOYSA-N,N#CC1=CC=C(C2=C(C3=CC=C(C#N)S3(=O)=O)C(=O)c3c(C#N)cc(C#N)nc3C2=O)S1(=O)=O,,2.92
train,1625,KIJAFPKYTKOJAP-UHFFFAOYSA-N,N#Cc1cnc2c(n1)C(=O)C(C1=CC=C(F)C1)=CC2=O,,1.61
train,3036,URFVIKZGQMSNLV-UHFFFAOYSA-N,CC(O)=Nc1coc(C2=CC(=O)c3nccnc3C2=O)n1,,1.79
train,639,FCUSIHBRJYQBQR-UHFFFAOYSA-N,N#Cc1cnc2c(n1)C(=O)C=C(n1ccc3ccccc31)C2=O,,1.55
train,674,FIDCSCXUYSGGQO-UHFFFAOYSA-N,N#Cc1cnc2c(n1)C(=O)C(n1ccnc1)=C(n1ccnc1)C2=O,,2.13
train,2685,RKSVCQMPGHGAOE-UHFFFAOYSA-N,N#Cc1cc(C#N)c2c(n1)C(=O)C=C(c1ccc(O)cc1)C2=O,,1.94
train,2454,OXWUGSUUALNUEH-UHFFFAOYSA-N,COc1ccc2c(n1)C(=O)C=C(c1ncc(N=C(C)O)o1)C2=O,,1.5
train,2151,NKWMUOKGJVDPRY-UHFFFAOYSA-N,N#Cc1ccc2c(n1)C(=O)C(C1=CC=C(Cl)S1(=O)=O)=C(C1=CC=C(Cl)S1(=O)=O)C2=O,,2.32
train,3191,VYURPQCFVVQVGR-UHFFFAOYSA-N,N#Cc1cnc2c(n1)C(=O)C(c1ccc(F)n1C=O)=CC2=O,,1.98
train,3913,AIFHBMMGUWWCNR-UHFFFAOYSA-N,N#Cc1cc(C#CS)c(C#N)c(C#CS)c1,,1.95
train,1666,KNVRHOSGIZDKFD-UHFFFAOYSA-N,N#Cc1ccnc2c1C(=O)C(c1nnc(Cl)nn1)=CC2=O,,2.63
train,2153,NKXVFRSUEKTDLP-UHFFFAOYSA-N,COc1cnc2c(c1)C(=O)C(c1ncc(C#N)o1)=CC2=O,,2.53
train,1519,JWWRWZZZKUFPTQ-UHFFFAOYSA-N,N#Cc1cnc2c(n1)C(=O)C(c1cc(OC(F)(F)F)c[nH]1)=C(c1cc(OC(F)(F)F)c[nH]1)C2=O,,1.35
train,2669,RIWGVCKKFXZXPM-UHFFFAOYSA-N,CC1=CC=C(C2=CC(=O)c3nc(C#N)cnc3C2=O)C1,,1.45
train,606,DZOKZZFHWSRPMO-UHFFFAOYSA-N,N#Cc1cnc2c(n1)C(=O)C=C(c1ccc(Cl)n1C=O)C2=O,,1.95
train,4848,VCLQYNRUAXGOCV-FMQUCBEESA-N,OC1=CC=C(c2ccc(N=Nc3ccc(C4=CC=C(O)C4)s3)s2)C1,,0.21
train,1711,LIUKOPVAPADMLP-UHFFFAOYSA-N,C#CC1=CC(=O)c2nccc(OC)c2C1=O,,2.84
train,5380,XUHUJXBVORKWAE-IYVXLEGESA,CC1(C)c2cc(-c3ccc(/C=N\[N+](=O)[O-])cc3)ccc2N(c2ccc(C#CF)cc2)c2ccc(-c3ccc(-c4cnc(Cl)o4)cc3)cc21,,0.86
train,4875,VQVSCOCWUVEGEA-VHXPQNKSSA-N,N#CC1=CC=C(c2ccc(N=Nc3ccc(C4=CC=C(C#N)C4)s3)s2)C1,,0.76
train,523,DONDMGCWNUSIMZ-UHFFFAOYSA-N,Cc1cn(C2=CC(=O)c3nccc(C#N)c3C2=O)c2ccccc12,,1.35
train,596,DYKDQIKSVWHGOT-UHFFFAOYSA-N,N#Cc1cnc2c(c1C#N)C(=O)C(c1nc(Cl)co1)=C(c1nc(Cl)co1)C2=O,,2.31
train,2786,RWDMRIZDISYNBI-UHFFFAOYSA-N,CN(C)C#CC1=CC(=O)c2ncccc2C1=O,,1.44
train,898,GYCDOWBWRZCFCY-UHFFFAOYSA-N,COc1nc2c(nc1OC)C(=O)C(c1ccc(C#N)cn1)=C(c1ccc(C#N)cn1)C2=O,,2.48
train,1233,INVDBYLGSXECOU-KQOZZNSWSA-N,N#Cc1cnc2c(n1)C(=O)C(C=NC(F)(F)F)=C(C=NC(F)(F)F)C2=O,,3.64
train,867,GVIHDTBCZNYGIZ-UHFFFAOYSA-N,N#Cc1cnc2c(c1C#N)C(=O)C(n1ccnc1Cl)=CC2=O,,2.17
train,4618,OVMJWGVBMXTWNY-ISLYRVAYSA-N,O=[N+]([O-])c1cnc(-c2ccc(N=Nc3ccc(-c4ncc([N+](=O)[O-])s4)s3)s2)s1,,1.59
train,934,HCYIMGMWFYLDTI-UHFFFAOYSA-N,COc1ccc2c(n1)C(=O)C=C(C1=CC=CS1(=O)=O)C2=O,,2.45
train,3763,ZEOSTMLTECLLGR-UHFFFAOYSA-N,N#Cc1ccc2c(n1)C(=O)C(c1ncc(Cl)cn1)=C(c1ncc(Cl)cn1)C2=O,,2.76
train,1651,KMCMKVCIBBTTRF-UHFFFAOYSA-N,COc1ccc(C2=C(c3ccc(OC)cc3)C(=O)c3nc(C#N)c(C#N)cc3C2=O)cc1,,1.48
train,2922,SLNROKIMCCGFAL-IHWYPQMZSA-N,COc1cnc2c(c1)C(=O)C(C=CO)=CC2=O,,1.75
train,2305,OFGCWOBHNOQBBV-UHFFFAOYSA-N,COc1ccc2c(n1)C(=O)C=C(c1ccc(C#N)n1C=O)C2=O,,2.22
train,4695,QUVAZGPDZQAVDX-FMQUCBEESA-N,COc1nnc(-c2ccc(N=Nc3ccc(-c4nnc(OC)nn4)cc3)cc2)nn1,,1.79
train,3298,WMCPETTXBXTFCA-UHFFFAOYSA-N,COc1nc2c(nc1OC)C(=O)C(c1ncc(F)o1)=CC2=O,,2.19
train,355,CFKNTBHWXKJIPQ-UHFFFAOYSA-N,COc1ccc(C2=CC(=O)c3nccc(OC)c3C2=O)cc1,,1.7
train,224,BBZGXRZMKMPFCD-UHFFFAOYSA-N,O=C1C(C2=CC=C(O)S2(=O)=O)=C(C2=CC=C(O)S2(=O)=O)C(=O)c2ncccc21,,1.77
train,760,GGLVSROPDRFUMH-UHFFFAOYSA-N,COc1ccc2c(n1)C(=O)C=C(c1cc([N+](=O)[O-])c[nH]1)C2=O,,2.01
train,4204,HEMWNHDBVGXLBD-UHFFFAOYSA-N,Cc1coc(C2(C)N=N2)n1,,1.96
train,1748,LNOBIUQTXYWCEL-UHFFFAOYSA-N,O=C1C=C(c2cnc(Cl)[nH]2)C(=O)c2nccnc21,,2.01
train,3224,WDHMXVQAWHTMQA-UHFFFAOYSA-N,CC#CC1=C(C#CC)C(=O)c2nc(C#N)cnc2C1=O,,2.25
train,175,AVZPMVLKJVBEQP-UHFFFAOYSA-N,N#Cc1cnc2c(n1)C(=O)C(c1ccc(C#N)o1)=CC2=O,,2.45
train,836,GRSNBGNLKCHYLL-UHFFFAOYSA-N,N#Cc1ccc(C2=C(c3ccc(C#N)cc3)C(=O)c3c(ncc(C#N)c3C#N)C2=O)cc1,,2.59
train,4777,SRTAUVROQYETGY-UHFFFAOYSA-N,N#Cc1cc(C2=CC=CC2)c(C#N)c(C2=CC=CC2)c1,,-1.17
train,470,DAODIQOWUYEUFW-UHFFFAOYSA-N,N#Cc1ccnc2c1C(=O)C(c1ncc(C(F)(F)F)s1)=C(c1ncc(C(F)(F)F)s1)C2=O,,2.51
train,1843,LZEVOQDGKVXPEN-UHFFFAOYSA-N,COc1nc2c(nc1OC)C(=O)C(n1ccnc1)=C(n1ccnc1)C2=O,,2.07
train,2456,OYDICQFQOVKLJS-UHFFFAOYSA-N,N#Cc1cnc2c(c1)C(=O)C(c1nnc(S)nn1)=C(c1nnc(S)nn1)C2=O,,2.4
train,92,AMJUVBVWYOVDSK-UHFFFAOYSA-N,N#Cc1cnc2c(n1)C(=O)C(c1cc(C(F)(F)F)c[nH]1)=CC2=O,,2.02
train,4756,SBOQJGOSOHNEAR-UHFFFAOYSA-N,Cn1c(-c2cc(C#N)cc(-c3ccc([N+](=O)[O-])n3C)c2C#N)ccc1[N+](=O)[O-],,-0.39
train,4251,IAFOEYMXVBBUKQ-DQSJHHFOSA-N,FC(F)(F)c1csc(-c2ccc(N=Nc3ccc(-c4nc(C(F)(F)F)cs4)[nH]3)[nH]2)n1,,0.19
train,1912,MHAUGCMOWGHRJM-UHFFFAOYSA-N,Cc1cnc(C2=C(c3ncc(C)o3)C(=O)c3c(ncc(C#N)c3C#N)C2=O)o1,,1.85
train,4870,VNSPUAVDIIFBHR-WCWDXBQESA-N,N#CC1=CC=C(c2ccc(N=Nc3ccc(C4=CC=C(C#N)C4)o3)o2)C1,,0.83
train,4546,NJIXJWJCIKGNNV-QPLCGJKRSA-N,COc1cnc(-c2ccc(N=Nc3ccc(-c4ncc(OC)cn4)[nH]3)[nH]2)nc1,,0.02
train,1962,MOJQYEVFYPAQCZ-UHFFFAOYSA-N,COc1nc2c(nc1OC)C(=O)C(c1ccc(OC(F)(F)F)s1)=CC2=O,,1.88
train,5165,CZLBOHSJKRHLTM-UHFFFAOYSA,FC(F)(F)c1ncc(N2c3ccccc3N(C#CCl)c3ccccc32)o1,,0.75
train,101,ANLMFWLFUQQNFZ-UHFFFAOYSA-N,N#Cc1cnc2c(c1C#N)C(=O)C(n1ccnc1Cl)=C(n1ccnc1Cl)C2=O,,2.13
train,4841,UWRWLWRXCLCEAL-ISLYRVAYSA-N,C#Cc1ccc(N=Nc2ccc(C#C)cc2)cc1,,1.85
train,3078,UWIACAPVPHUXNI-UHFFFAOYSA-N,CC(O)=NC1=CC=C(C2=CC(=O)c3ncccc3C2=O)C1,,0.9
train,3889,ZTKJFVPOYLOMAK-UHFFFAOYSA-N,N#Cc1nc2c(nc1C#N)C(=O)C(c1ccc(S)n1C=O)=CC2=O,,1.67
train,1490,JUEOLLQDNXFDLW-UHFFFAOYSA-N,N#Cc1cc(C#N)c2c(n1)C(=O)C=C(c1cc(Cl)c[nH]1)C2=O,,1.7
train,2743,RQVZHLOQNQETFF-UHFFFAOYSA-N,N#Cc1ccnc2c1C(=O)C(c1ncc(F)cn1)=CC2=O,,2.68
train,5073,ZPRHAPILUBLPFE-GLIMQPGKSA-N,CC=Cc1ccc2c(c1)C(=O)c1cc(C=CC)ccc1C2=O,,1.9
train,2308,OFYKVXVPGRMANP-UHFFFAOYSA-N,COc1ccc2c(n1)C(=O)C=C(c1ccc(N(C)C)o1)C2=O,,0.72
train,2100,NFBWCLFLNWAKJM-UHFFFAOYSA-N,N#Cc1cnc2c(c1C#N)C(=O)C(C1=CC=C(OC(F)(F)F)C1)=CC2=O,,1.54
train,2926,SLRFHYXKFHLJEA-YXNCQKNLSA-N,CN=CC1=C(C=NC)C(=O)c2nc(C#N)c(C#N)cc2C1=O,,1.87
train,845,GSOVOAMZTMFIOJ-UHFFFAOYSA-N,COc1cnc2c(n1)C(=O)C(c1ncc(S)cn1)=CC2=O,,2.21
train,593,DYGBAPJDFZPTLO-UHFFFAOYSA-N,N#Cc1cc(C#N)c2c(n1)C(=O)C(C1=CC=C(O)S1(=O)=O)=C(C1=CC=C(O)S1(=O)=O)C2=O,,1.9
train,2383,OPQZXVSVKVMUPU-UHFFFAOYSA-N,COc1ccc2c(n1)C(=O)C=C(c1ncc(C)s1)C2=O,,1.92
train,1414,JKPSXLRCLAUJOF-JVLMNHKTSA-N,COc1cnc2c(n1)C(=O)C(C=CC#N)=C(C=CC#N)C2=O,,2.72
train,4700,QYHWQLINNDQAFN-DQRAZIAOSA-N,N#CC1=CC=C(c2ccc(N=Nc3ccc(C4=CC=C(C#N)S4(=O)=O)s3)s2)S1(=O)=O,,1.46
train,5358,NKRAAAZGOCFLQV-UHFFFAOYSA,CC1(C)c2cc(-c3ccc(C4=CS(=O)(=O)C(F)=C4)cc3)ccc2N(c2ccc(-c3csc(C#N)n3)cc2)c2ccc(-c3ccc(-c4nc(F)cs4)cc3)cc21,,0.83
train,5097,COQNVRZMPMSUDV-UHFFFAOYSA,Oc1cccc(N2c3ccccc3N(C#CS)c3ccccc32)c1,,0.48
train,286,BWEXBOXOZNPNIP-UHFFFAOYSA-N,COc1cnc2c(c1)C(=O)C(c1ncc(N=C(C)O)s1)=CC2=O,,1.34
train,5156,ZWPGVWBAONZMHX-UHFFFAOYSA,Oc1nc(N2c3ccccc3N(c3ccc(F)[nH]3)c3ccccc32)cs1,,0.25
train,946,HEEQDFBIOBQHGA-UHFFFAOYSA-N,COc1cnc2c(n1)C(=O)C=C(c1cnc(Cl)[nH]1)C2=O,,1.86
train,1649,KLUDOTVCKFOASG-UHFFFAOYSA-N,O=C1C(c2nnc(S)nn2)=C(c2nnc(S)nn2)C(=O)c2ncccc21,,2.35
train,5131,RPLODKFHEHYIFW-UHFFFAOYSA,O=[N+]([O-])c1ccc(N2c3ccccc3N(S)c3ccccc32)o1,,0.8
train,1808,LVCNPVRLJUIQDY-UHFFFAOYSA-N,COc1cnc2c(c1)C(=O)C(c1ccc(N(C)C)n1C)=CC2=O,,0.57
train,4951,XICRBQHEQWMQPJ-WCWDXBQESA-N,Oc1ncc(-c2ccc(N=Nc3ccc(-c4cnc(O)[nH]4)cc3)cc2)[nH]1,,1.0
train,4387,KKNUWMXPTDAORX-NXVVXOECSA-N,Sc1nnc(-c2ccc(N=Nc3ccc(-c4nnc(S)nn4)[nH]3)[nH]2)nn1,,0.9
train,4129,FUTVZGQEXUCVSN-OCEACIFDSA-N,COc1c[nH]c(-c2ccc(N=Nc3ccc(-c4cc(OC)c[nH]4)cc3)cc2)c1,,0.77
train,4628,PBFSRJWAYNIEPO-UHFFFAOYSA-N,O=S1(=O)C(Cl)=CC=C1C1(Cl)N=N1,,2.52
train,5226,DYEBINKINSXYCE-UHFFFAOYSA,Oc1ccc(N2c3ccccc3N(c3cccc(O)n3)c3ccccc32)cn1,,0.28
train,4984,XZCUIVOSLABRFP-KQQUZDAGSA-N,O=C1c2ccc(C=CC(F)(F)F)cc2C(=O)c2cc(C=CC(F)(F)F)ccc21,,2.55
train,5230,GYDPJYPKPDBGFY-UHFFFAOYSA,FC(F)(F)c1cc(N2c3ccccc3N(c3ccc(C(F)(F)F)[nH]3)c3ccccc32)c[nH]1,,0.43
train,2499,PCFXRXXAXCFBLZ-UHFFFAOYSA-N,COc1ccc(C2=CC(=O)c3nc(C#N)cnc3C2=O)n1C,,1.09
train,3187,VYLLTHXIABRZTO-UHFFFAOYSA-N,CN(C)c1ccc(C2=CC(=O)c3nc(C#N)cnc3C2=O)n1C,,0.69
train,1775,LRRWZOTZYQQUGW-UHFFFAOYSA-N,COc1cnc2c(n1)C(=O)C(c1nnc(OC(F)(F)F)nn1)=CC2=O,,2.62
train,1232,INUZELTVGCBTQU-UHFFFAOYSA-N,Cn1c(O)ccc1C1=CC(=O)c2nc(C#N)c(C#N)cc2C1=O,,1.16
train,359,CFXKIWJMIYTVFZ-UHFFFAOYSA-N,O=C1C(c2cnc(O)[nH]2)=CC(=O)c2ncccc21,,1.56
train,1481,JSOLIGBEUALOPR-UHFFFAOYSA-N,COc1cnc2c(c1)C(=O)C(c1ccc(OC)[nH]1)=CC2=O,,1.0
train,4410,KVUZEYJKDMWDHP-VHXPQNKSSA-N,c1ccc(-c2ccc(N=Nc3ccc(-c4ccccc4)[nH]3)[nH]2)cc1,,-0.14
train,3115,VAEXKUYWQRPGBN-UHFFFAOYSA-N,N#Cc1cnc2c(c1C#N)C(=O)C(c1ccc(Cl)o1)=CC2=O,,1.97
train,2781,RVNNECHIPCFTOR-UHFFFAOYSA-N,Cc1cn(C2=CC(=O)c3nccnc3C2=O)c2ccccc12,,1.32
train,2392,OQGIIOFXPGFBCJ-XBMAZEBWSA-N,N#CN=CC1=C(C=NC#N)C(=O)c2nc(C#N)cnc2C1=O,,3.36
train,5163,CKYZJFYOMYOUBF-UHFFFAOYSA,C=CON1c2ccccc2N([C]2N=C(O)[CH]S2)c2ccccc21,,0.5
train,4793,TVSQJBCFPNMDQA-UHFFFAOYSA-N,N#Cc1cc(-c2ncc(C#N)s2)c(C#N)c(-c2ncc(C#N)s2)c1,,-0.37
train,4991,YDDZHKRLVAVCHP-VHXPQNKSSA-N,FC(F)(F)C#Cc1ccc(N=Nc2ccc(C#CC(F)(F)F)[nH]2)[nH]1,,1.22
train,97,ANDUOFNFCAVOMK-UHFFFAOYSA-N,COc1cnc2c(n1)C(=O)C(c1ncc(O)cn1)=C(c1ncc(O)cn1)C2=O,,2.34
train,4452,LOUVUCYKERATQU-ISLYRVAYSA-N,O=[N+]([O-])c1cnc(-c2ccc(N=Nc3ccc(-c4ncc([N+](=O)[O-])o4)o3)o2)o1,,1.65
train,4446,LLOIENPAHHBFCD-DQRAZIAOSA-N,c1ccc(-c2ccc(N=Nc3ccc(-c4ccccn4)o3)o2)nc1,,0.95
train,804,GNVXAAADAKOAFK-UHFFFAOYSA-N,N#Cc1cnc2c(n1)C(=O)C(c1ccc(Cl)cn1)=CC2=O,,2.59
train,4118,FQNRIRQUHXFDIJ-LUKHMWGVSA-N,N#CN=Cc1ccc2ccc3c4ccc5ccc(C=NC#N)c6ccc(c7ccc1c2c37)c4c56,,1.13
train,972,HIVDBKFQQLTSFI-UHFFFAOYSA-N,O=C1C=C(c2cnc[nH]2)C(=O)c2nccnc21,,1.94
train,4005,CELFPYFSAUKXIE-UHFFFAOYSA-N,CC1=CC=C(c2ccc3c(c2)C2=Cc4c5ccc(C6=CC=C(C)S6(=O)=O)cc5c5n4[B@@-]4(Cl)n6c(c7ccc(C8=CC=C(C)S8(=O)=O)cc7c6=CC3=[N+]24)=C5)S1(=O)=O,,0.83
train,3348,WQXUHWAHNJDDQB-UHFFFAOYSA-N,N#Cc1csc(C2=CC(=O)c3nc(C#N)ccc3C2=O)n1,,2.68
train,1856,MARICBNWNZAUHS-UHFFFAOYSA-N,N#Cc1ccnc2c1C(=O)C(c1ncc(OC(F)(F)F)o1)=C(c1ncc(OC(F)(F)F)o1)C2=O,,2.14
train,5099,DVJYXFQJCMPCKC-UHFFFAOYSA,O=S1(=O)C=C(N2c3ccccc3N(c3cnc(S)o3)c3ccccc32)C=C1S,,0.82
train,549,DRVYRKKGGYUMBO-UHFFFAOYSA-N,O=C1C=C(c2ccc(F)cc2)C(=O)c2nccnc21,,2.36
train,2530,PFZJVROFFQWAES-JOVCIAKGSA-N,O=C1C(C=COC(F)(F)F)=C(C=COC(F)(F)F)C(=O)c2ncccc21,,1.89
train,3593,XUVLCWXPXHESDQ-UHFFFAOYSA-N,N#Cc1cnc2c(n1)C(=O)C=C(n1ccnc1)C2=O,,2.26
train,1056,HTLSRRHMZOTKNX-UHFFFAOYSA-N,N#Cc1cnc2c(n1)C(=O)C(n1cc([N+](=O)[O-])nn1)=CC2=O,,3.58
train,456,CVDYVCRDRGESHO-UHFFFAOYSA-N,N#Cc1cc(C#N)c2c(n1)C(=O)C(c1ccc(Cl)[nH]1)=C(c1ccc(Cl)[nH]1)C2=O,,1.08
train,1786,LSOWQKZJYDWGMH-UHFFFAOYSA-N,Cn1cccc1C1=C(c2cccn2C)C(=O)c2nc(C#N)c(C#N)cc2C1=O,,1.09
train,4122,FSIXXABOSAQMMD-FMQUCBEESA-N,Fc1ccc(-c2ccc(N=Nc3ccc(-c4ccc(F)s4)s3)s2)s1,,0.76
train,3716,YYWZVZZXCUYNFG-UHFFFAOYSA-N,Cc1csc(C2=CC(=O)c3nc(C#N)cc(C#N)c3C2=O)n1,,2.1
train,3311,WNFMAZLUURBPND-UHFFFAOYSA-N,N#Cc1cnc2c(c1)C(=O)C(c1ccc(S)cn1)=C(c1ccc(S)cn1)C2=O,,1.78
train,4955,XKBXMNCOHQRVEF-FOCLMDBBSA-N,ClC#Cc1ccc(N=Nc2ccc(C#CCl)s2)s1,,1.21
train,1837,LYOLKZZTOYIXIE-UHFFFAOYSA-N,O=C1C(C2=CC=C(Cl)S2(=O)=O)=C(C2=CC=C(Cl)S2(=O)=O)C(=O)c2nccnc21,,2.32
train,5035,YVWZSCPPVKLLQH-VHXPQNKSSA-N,Oc1cnc(-c2ccc(N=Nc3ccc(-c4ncc(O)cn4)[nH]3)[nH]2)nc1,,0.65
train,5490,UFHAXJVDHALEBC-UHFFFAOYSA,C=COCc1ccc2c(c1)oc(=O)c1c(C#C[N+](=O)[O-])c3ccccc3cc12,,1.74
train,3099,UYGWFGHOCBOYOA-UHFFFAOYSA-N,N#Cc1ccc2c(n1)C(=O)C(c1ccc(C#N)[nH]1)=C(c1ccc(C#N)[nH]1)C2=O,,1.49
train,2398,ORDCFXIWIOHLBT-UHFFFAOYSA-N,COc1ccnc2c1C(=O)C(c1ccc(C#N)n1C)=CC2=O,,1.97
train,4877,VSKHDKAFKDTZTA-ZKUPEGJOSA-N,SC=COC=Cc1ccc(N=Nc2ccc(C=COC=CS)s2)s1,,0.49
train,2037,MXGMSYNLARXBLN-UHFFFAOYSA-N,COc1c[nH]c(C2=CC(=O)c3nc(C#N)cc(C#N)c3C2=O)c1,,1.26
train,3880,ZSLUHTRKDLXZMS-UHFFFAOYSA-N,N#Cc1ccc2c(n1)C(=O)C=C(c1nc([N+](=O)[O-])co1)C2=O,,3.08
train,3552,XOYRCXXJVMKXJW-UHFFFAOYSA-N,N#Cc1nc2c(nc1C#N)C(=O)C(c1ccc(F)n1C=O)=C(c1ccc(F)n1C=O)C2=O,,1.57
train,4993,YDMXLEOUUGAJRP-HUWOUMPJSA-N,O=[N+]([O-])N=Cc1ccc(N=Nc2ccc(C=N[N+](=O)[O-])s2)s1,,1.86
train,2683,RKRBDXDGVCOZTA-UHFFFAOYSA-N,N#Cc1cnc2c(c1)C(=O)C(n1ccnc1[N+](=O)[O-])=C(n1ccnc1[N+](=O)[O-])C2=O,,3.08
train,1981,MQLMGDCHYUGWGT-UHFFFAOYSA-N,N#Cc1nc2c(nc1C#N)C(=O)C(c1ccccc1)=CC2=O,,2.5
train,149,ASGONBHQLMLAIG-UHFFFAOYSA-N,N#Cc1cc2c(nc1C#N)C(=O)C=C(c1nnc(C(F)(F)F)nn1)C2=O,,2.77
train,4668,QGQYVSSHFUNKGC-DQRAZIAOSA-N,N#Cc1ccc(-c2ccc(N=Nc3ccc(-c4ccc(C#N)s4)s3)s2)s1,,0.98
train,2240,NWZSGRUXJJANEN-UHFFFAOYSA-N,COc1cnc(C2=C(c3ncc(OC)cn3)C(=O)c3ncc(C#N)cc3C2=O)nc1,,2.22
train,4482,MDZZMUVEIDFBID-DQRAZIAOSA-N,COc1ccc(-c2ccc(N=Nc3ccc(-c4ccc(OC)n4C=O)s3)s2)n1C=O,,-0.15
train,4191,GVVXXTADRCHNIK-FOCLMDBBSA-N,FC#Cc1ccc(N=Nc2ccc(C#CF)o2)o1,,1.18
train,2884,SHAQCAOGFBSAFQ-HSFFGMMNSA-N,N#CC=CC1=C(C=CC#N)C(=O)c2nc(C#N)c(C#N)cc2C1=O,,2.87
train,316,BZEGLPXFXORTNU-UHFFFAOYSA-N,Cn1c(F)ccc1C1=C(c2ccc(F)n2C)C(=O)c2nccnc2C1=O,,1.03
train,2424,OUNISYFBTCBPFW-UHFFFAOYSA-N,COc1cnc2c(n1)C(=O)C=C(c1ccc([N+](=O)[O-])n1C=O)C2=O,,2.59
train,1841,LYYHDCKSUPYLCG-UHFFFAOYSA-N,COc1ccc2c(n1)C(=O)C=C(c1ncc(C(F)(F)F)cn1)C2=O,,2.66
train,1516,JWMFUBBOZFUQCA-UHFFFAOYSA-N,N#Cc1cc2c(nc1C#N)C(=O)C(C1=CC=C(C(F)(F)F)C1)=C(C1=CC=C(C(F)(F)F)C1)C2=O,,1.73
train,5161,CIHDHHLHGQWDCV-UHFFFAOYSA,N#Cc1cccc(c1)n1c2ccccc2n(c2c1cccc2)C1=NN=[C](=N[N]1)OC,,0.64
train,2144,NKAVVAZLFGHFHW-UHFFFAOYSA-N,COc1ccnc2c1C(=O)C(c1ccc(Cl)s1)=CC2=O,,1.84
train,349,CEPWQNKAVBBTLJ-UHFFFAOYSA-N,CN(C)c1nccn1C1=C(n2ccnc2N(C)C)C(=O)c2ncc(C#N)cc2C1=O,,0.91
train,2853,SDDSJVOXTLRWKV-UHFFFAOYSA-N,N#Cc1cc2c(nc1C#N)C(=O)C=C(C1=CC=C(F)C1)C2=O,,1.69
train,704,FLRNMJQTTSBXAB-UHFFFAOYSA-N,Cc1ccc(C2=CC(=O)c3nccc(C#N)c3C2=O)nc1,,2.29
train,539,DQTJLNRQCXVOEC-UHFFFAOYSA-N,N#Cc1cc(C#N)c2c(n1)C(=O)C=C(c1nc([N+](=O)[O-])co1)C2=O,,3.07
train,4436,LGPWNCMLQHUVET-UHFFFAOYSA-N,N#Cc1cc(-c2ccc(C#N)[nH]2)c(C#N)c(-c2ccc(C#N)[nH]2)c1,,-0.79
train,2316,OHTACZSQGMYTGO-UHFFFAOYSA-N,N#Cc1cnc2c(c1)C(=O)C(c1ncccn1)=CC2=O,,2.57
train,4106,FMGAJHUDOSFMNP-UHFFFAOYSA-N,N#Cc1cc(-c2ccc(S)cc2)c(C#N)c(-c2ccc(S)cc2)c1,,1.74
train,4507,MTCSWNFRGUZZQB-FMQUCBEESA-N,Cn1c(-c2ccc(N=Nc3ccc(-c4ccc([N+](=O)[O-])n4C)s3)s2)ccc1[N+](=O)[O-],,1.23
train,840,GSCDHHXKBYNKJH-UHFFFAOYSA-N,CN(C)c1ccc(C2=CC(=O)c3ncc(C#N)c(C#N)c3C2=O)o1,,0.98
train,4431,LEHCFWCIPPVHMR-VHXPQNKSSA-N,Fc1ccc(-c2ccc(N=Nc3ccc(-c4ccc(F)o4)cc3)cc2)o1,,1.01
train,3489,XIBBGZDOLRIIEN-UHFFFAOYSA-N,CN(C)c1ccc(C2=CC(=O)c3nccc(C#N)c3C2=O)n1C=O,,0.91
train,2092,NEIUGBLIPFXZDA-UHFFFAOYSA-N,N#Cc1ccnc2c1C(=O)C(c1ccc(OC(F)(F)F)s1)=CC2=O,,1.96
train,446,CTSLIJYGEPOVFU-UHFFFAOYSA-N,O=C1C=C(n2cc(C(F)(F)F)nn2)C(=O)c2nccnc21,,3.13
train,3132,VBWQXIMGYBLIQE-UHFFFAOYSA-N,N#Cc1ccnc2c1C(=O)C(c1cc(C(F)(F)F)c[nH]1)=CC2=O,,1.89
train,4289,IOKYWKUDQSPVNR-OCEACIFDSA-N,FC(F)(F)C#Cc1ccc(N=Nc2ccc(C#CC(F)(F)F)cc2)cc1,,1.89
train,1428,JLSSFWLWCZHJCV-UHFFFAOYSA-N,N#Cc1ccc2c(n1)C(=O)C(C1=CC=C(O)C1)=C(C1=CC=C(O)C1)C2=O,,0.54
train,902,GYRMEAJODAEBAV-UHFFFAOYSA-N,COc1ccc2c(n1)C(=O)C=C(C#C[N+](=O)[O-])C2=O,,2.64
train,533,DQDSMVBLKNCJTE-UHFFFAOYSA-N,COc1nc2c(nc1OC)C(=O)C(c1ncc(C(F)(F)F)cn1)=CC2=O,,2.35
train,2900,SIXHYHJMALCMBR-UHFFFAOYSA-N,COc1nccn1C1=C(n2ccnc2OC)C(=O)c2nc(C#N)ccc2C1=O,,1.51
train,4263,IEKUICNEKWZWJF-FMQUCBEESA-N,C1=CCC(c2ccc(N=Nc3ccc(C4=CC=CC4)s3)s2)=C1,,0.53
train,3278,WKQBDJDTGSNLHV-UHFFFAOYSA-N,COc1nc2c(nc1OC)C(=O)C(n1ccnc1F)=C(n1ccnc1F)C2=O,,2.19
train,2646,RFSIPPYXDAHGBC-UHFFFAOYSA-N,N#Cc1ccc2c(n1)C(=O)C=C(c1ncccn1)C2=O,,2.56
train,1077,HVXHFJWRDLTXEA-UHFFFAOYSA-N,CN(C)c1cnc(C2=C(c3ncc(N(C)C)s3)C(=O)c3nccnc3C2=O)s1,,0.63
train,1676,KPSXTGWYIUABKF-UHFFFAOYSA-N,N#Cc1cc(C#N)c2c(n1)C(=O)C=C(n1cc(C#N)c3ccccc31)C2=O,,1.96
train,379,CIHXDVKTTOIMID-UHFFFAOYSA-N,N#Cc1cnc(C2=C(c3ncc(C#N)cn3)C(=O)c3ncccc3C2=O)nc1,,2.82
train,105,ANRBKGRUYXPGGA-UHFFFAOYSA-N,O=C1C(C2=CC=C(C(F)(F)F)C2)=C(C2=CC=C(C(F)(F)F)C2)C(=O)c2ncccc21,,1.61
train,1014,HOKGEJPCBZWCCA-UHFFFAOYSA-N,COc1nc2c(nc1OC)C(=O)C(c1nnc(S)nn1)=CC2=O,,2.21
train,4430,LDYHEVMBJKLSPZ-UHFFFAOYSA-N,Cc1coc(-c2cc(C#N)cc(-c3nc(C)co3)c2C#N)n1,,-0.9
train,2258,NZJPHUSSAPGALR-LNKIKWGQSA-N,COc1nc2c(nc1OC)C(=O)C(C=NC#N)=CC2=O,,2.48
train,2930,SMYGFTRXCWSWII-UHFFFAOYSA-N,O=C1C(c2ccc(S)[nH]2)=C(c2ccc(S)[nH]2)C(=O)c2nccnc21,,0.65
train,2071,NBCFMIKMZQXHSM-UHFFFAOYSA-N,N#Cc1nc2c(nc1C#N)C(=O)C(c1ccc(C(F)(F)F)o1)=C(c1ccc(C(F)(F)F)o1)C2=O,,2.03
train,3061,UUZQOJLXQDLMEO-UHFFFAOYSA-N,N#Cc1cnc2c(n1)C(=O)C=C(n1ccnc1OC(F)(F)F)C2=O,,2.14
train,310,BYVSFYJBTOCNGV-UHFFFAOYSA-N,CC(O)=NC#CC1=C(C#CN=C(C)O)C(=O)c2ncc(C#N)cc2C1=O,,1.6
train,5105,GZWAHKINWZORSI-UHFFFAOYSA,O=[N+]([O-])c1cc(N2c3ccccc3N(c3cnc([N+](=O)[O-])o3)c3ccccc32)n[nH]1,,0.88
train,3098,UYFXHPPYUQTWKU-UHFFFAOYSA-N,COc1cnc2c(n1)C(=O)C(c1ncc(N(C)C)cn1)=C(c1ncc(N(C)C)cn1)C2=O,,1.31
train,4906,WNKVPIZIIMHIIA-OCEACIFDSA-N,FC(F)(F)c1nnc(-c2ccc(N=Nc3ccc(-c4nnc(C(F)(F)F)nn4)cc3)cc2)nn1,,1.95
train,3732,ZASAFOSBECSXTB-UHFFFAOYSA-N,O=C1C=C(c2ccccc2)C(=O)c2nccnc21,,2.38
train,4080,DYVXZQJBVSBOAD-UHFFFAOYSA-N,N#Cc1cc(-c2ccc(C(F)(F)F)[nH]2)c(C#N)c(-c2ccc(C(F)(F)F)[nH]2)c1,,-0.92
train,2538,PGQKOSBAAKZKCS-UHFFFAOYSA-N,N#Cc1ccc2c(n1)C(=O)C=C(c1cnc(Cl)[nH]1)C2=O,,1.92
train,1492,JUNCPSHHWCSXFW-UHFFFAOYSA-N,C=CC1=CC(=O)c2ncccc2C1=O,,2.58
train,3786,ZGYLNXBQDCHHBF-UHFFFAOYSA-N,Cc1nccn1C1=CC(=O)c2nccc(C#N)c2C1=O,,1.85
train,901,GYKWBHSVSZMIEA-UHFFFAOYSA-N,COc1ccnc2c1C(=O)C(c1nnc(OC(F)(F)F)nn1)=CC2=O,,2.53
train,5241,JROIBKLPMNWIRS-UHFFFAOYSA,N#Cc1ccc(N2c3ccccc3N(c3cccc(C#N)c3)c3ccccc32)cc1,,0.34
train,4840,UWMYFXPXONHEAW-UHFFFAOYSA-N,ClC#CC1(Cl)N=N1,,2.75
train,2113,NGTQVBQRLGNYAJ-UHFFFAOYSA-N,N#Cc1cnc2c(n1)C(=O)C(c1ncc(Cl)s1)=C(c1ncc(Cl)s1)C2=O,,1.88
train,3009,UOFZWNQDORORBR-UPHRSURJSA-N,N#Cc1nc2c(nc1C#N)C(=O)C(C=CC(F)(F)F)=CC2=O,,3.34
train,3149,VDRUJKVOTZFPJD-UHFFFAOYSA-N,COc1cnc2c(n1)C(=O)C=C(C1=CC=C(C#N)C1)C2=O,,2.0
train,4825,ULXCQBAOMKNJKG-UHFFFAOYSA-N,Sc1c[nH]c(C2(S)N=N2)c1,,1.17
train,631,FCHCZQRZBCYFMU-UHFFFAOYSA-N,N#Cc1nc2c(nc1C#N)C(=O)C(c1ccco1)=C(c1ccco1)C2=O,,1.5
train,3619,XXTIFLRTYFKWLF-UHFFFAOYSA-N,COc1nc2c(nc1OC)C(=O)C(C#CC(F)(F)F)=C(C#CC(F)(F)F)C2=O,,2.45
train,1784,LSLGQDIUVASVEW-UHFFFAOYSA-N,N#Cc1c[nH]c(C2=CC(=O)c3nc(C#N)cc(C#N)c3C2=O)c1,,2.01
train,4090,FEXMEWMQLAXTAJ-FMQUCBEESA-N,Cn1c(-c2ccc(N=Nc3ccc(-c4ccc([N+](=O)[O-])n4C)o3)o2)ccc1[N+](=O)[O-],,1.03
train,2457,OYDWYEAXCGTIHR-LHYODZITSA-N,N#Cc1ccnc2c1C(=O)C(C=NC(F)(F)F)=C(C=NC(F)(F)F)C2=O,,3.22
train,5182,MCJPXWWLPFAWCU-UHFFFAOYSA,c1cncc(N2c3ccccc3N(c3ccncn3)c3ccccc32)c1,,0.57
train,2450,OXJGDFWHFHCPDK-UHFFFAOYSA-N,N#Cc1cnc2c(c1C#N)C(=O)C(c1nc(O)co1)=CC2=O,,2.01
train,2336,OJTFAWKAKXIXPG-UHFFFAOYSA-N,N#Cc1cnc2c(c1)C(=O)C(n1cc(Cl)nn1)=C(n1cc(Cl)nn1)C2=O,,2.7
train,4941,XDSLSPOXLXSJFS-VEVNZVPGSA-N,FN=Cc1ccc(N=Nc2ccc(C=NF)[nH]2)[nH]1,,1.16
train,1859,MBCSGCSDOQAUSV-UHFFFAOYSA-N,O=C1C(c2ncccn2)=C(c2ncccn2)C(=O)c2nccnc21,,2.6
train,5394,VBGGOZFZKCQKGA-UHFFFAOYSA,O=[N+]([O-])c1sccc1N1c2ccccc2Oc2ccccc21,,0.83
train,1722,LKBBFCODPYDGNU-UHFFFAOYSA-N,N#Cc1cc(C#N)c2c(n1)C(=O)C=C(n1ccnn1)C2=O,,3.07
train,3825,ZMVVZYMQYFVXFS-UHFFFAOYSA-N,N#Cc1cn(C2=C(n3cc(C#N)nn3)C(=O)c3nc(C#N)c(C#N)nc3C2=O)nn1,,3.65
train,3303,WMNIFZXQDMCJRE-UHFFFAOYSA-N,CC(O)=Nc1csc(C2=C(c3nc(N=C(C)O)cs3)C(=O)c3ncccc3C2=O)n1,,1.44
train,4037,DBZIFQWTGCMOFT-DNAUBOPZSA-N,N=Cc1ccc(N=Nc2ccc(C=N)[nH]2)[nH]1,,1.14
train,1183,IIDJWEBFBCKYQQ-UHFFFAOYSA-N,N#Cc1cnc2c(c1)C(=O)C(c1nnc(Cl)nn1)=C(c1nnc(Cl)nn1)C2=O,,2.76
train,3369,WTXSHRIYJCMMLE-UHFFFAOYSA-N,N#Cc1csc(C2=C(c3nc(C#N)cs3)C(=O)c3c(C#N)ccnc3C2=O)n1,,2.46
train,3240,WEQNSWDCHFSSFF-UHFFFAOYSA-N,O=C1C(c2ccccn2)=C(c2ccccn2)C(=O)c2ncccc21,,2.26
train,1310,IWLZSXOCSWHYCW-UHFFFAOYSA-N,COc1cnc2c(n1)C(=O)C(c1nc(S)cs1)=C(c1nc(S)cs1)C2=O,,1.51
train,3276,WKASVHSFPWOBBP-UHFFFAOYSA-N,N#Cc1nc2c(nc1C#N)C(=O)C(c1nnc(O)nn1)=CC2=O,,2.49
train,126,APENLCQZTMTJNJ-UHFFFAOYSA-N,COc1cnc2c(n1)C(=O)C(c1cnc(N(C)C)[nH]1)=C(c1cnc(N(C)C)[nH]1)C2=O,,0.37
train,3090,UXFFEKLJSHRXBD-UHFFFAOYSA-N,Cc1c[nH]c(C2=CC(=O)c3ncc(C#N)nc3C2=O)c1,,1.56
train,4582,ODYMXNQLQHWXCU-UHFFFAOYSA-N,CC#CC1(C)N=N1,,2.19
train,3388,WWDPDYZHHGPNPC-UHFFFAOYSA-N,N#Cc1cnc2c(n1)C(=O)C(c1ccc(OC(F)(F)F)cc1)=CC2=O,,2.4
train,1139,ICOGQKINWGYYBA-UHFFFAOYSA-N,CN(C)c1nnc(C2=CC(=O)c3nc(C#N)cc(C#N)c3C2=O)nn1,,1.98
train,1167,IFIUXMJBDZEOSV-OWOJBTEDSA-N,N#Cc1cnc2c(c1)C(=O)C(C=CC(F)(F)F)=CC2=O,,3.08
train,2107,NGBQJXNYWSGGBF-UHFFFAOYSA-N,CN(C)c1ccc(C2=C(c3ccc(N(C)C)s3)C(=O)c3nc(C#N)c(C#N)cc3C2=O)s1,,0.38
train,3902,AEAYIMCBGRSGQI-BYYHNAKLSA-N,COc1cnc(-c2ccc(N=Nc3ccc(-c4ncc(OC)cn4)cc3)cc2)nc1,,1.67
train,5368,RQNCHVVAFJTFDM-OLAQIDGISA,CC1(C)c2cc(-c3ccc(/C=C\Cl)cc3)ccc2N(c2ccc(/C=C/F)cc2)c2ccc(-c3ccc(-c4coc(Cl)n4)cc3)cc21,,0.66
train,1739,LLZPECUTJMNWLZ-UHFFFAOYSA-N,N#Cc1cnc2c(c1C#N)C(=O)C(c1ncc(O)s1)=C(c1ncc(O)s1)C2=O,,1.53
train,4457,LRXSTEJXXVQXGW-FMQUCBEESA-N,Cc1nnc(-c2ccc(N=Nc3ccc(-c4nnc(C)nn4)s3)s2)nn1,,1.65
train,4173,GPNNWSBNBWGYIY-ISLYRVAYSA-N,O=[N+]([O-])C1=CC=C(c2ccc(N=Nc3ccc(C4=CC=C([N+](=O)[O-])S4(=O)=O)o3)o2)S1(=O)=O,,1.64
train,1788,LSSXWUGSOSBPPH-UHFFFAOYSA-N,N#Cc1cc2c(nc1C#N)C(=O)C=C(c1ccc(O)cn1)C2=O,,2.22
train,460,CWRFTPLOZCTZLO-UHFFFAOYSA-N,N#Cc1nccn1C1=CC(=O)c2nccnc2C1=O,,2.63
train,3695,YWIMNQRDBMCGSJ-UHFFFAOYSA-N,CC(O)=Nc1cnc(C2=CC(=O)c3nccc(C#N)c3C2=O)nc1,,1.97
train,2343,OKLMHCHVAIHIIL-UHFFFAOYSA-N,N#Cc1cnc2c(n1)C(=O)C(n1cc(OC(F)(F)F)nn1)=C(n1cc(OC(F)(F)F)nn1)C2=O,,2.7
train,3297,WMBFNLMUVYOWFD-UHFFFAOYSA-N,CN(C)c1nccn1C1=CC(=O)c2nccc(C#N)c2C1=O,,0.98
train,5509,YOKJLEBHRUSOJM-UHFFFAOYSA,O=c1oc2cc(S)ccc2c2cc3ccccc3c(-c3ccc([N+](=O)[O-])nc3)c12,,1.46
train,3585,XTRMZOOKDHAIHC-UHFFFAOYSA-N,N#Cc1cnc2c(n1)C(=O)C=C(c1ncc(C#N)s1)C2=O,,2.73
train,1740,LMAJKMGYUUOSCK-UHFFFAOYSA-N,Cn1c(O)ccc1C1=CC(=O)c2nc(C#N)cnc2C1=O,,1.15
train,4414,KWSYKCVMUMMOPV-UHFFFAOYSA-N,O=C1c2ccc(-c3cnc(O)[nH]3)cc2C(=O)c2cc(-c3cnc(O)[nH]3)ccc21,,1.34
train,2106,NFXVJPZYGCLQBV-UHFFFAOYSA-N,O=C1C(c2cnc(OC(F)(F)F)[nH]2)=CC(=O)c2ncccc21,,1.87
train,2725,ROWLYMPBONHKMP-UHFFFAOYSA-N,N#Cc1nc2c(nc1C#N)C(=O)C(c1ccc(OC(F)(F)F)o1)=CC2=O,,2.03
train,973,HIWROERWXYSEPG-UHFFFAOYSA-N,COc1ccc(C2=CC(=O)c3nccc(OC)c3C2=O)[nH]1,,0.96
train,4255,ICBNKYYVJFZJDX-ISLYRVAYSA-N,c1coc(-c2ccc(N=Nc3ccc(-c4ncco4)s3)s2)n1,,1.21
train,2030,MWHLLDNKRLRHJN-UHFFFAOYSA-N,O=C1C(c2ncc(Cl)o2)=C(c2ncc(Cl)o2)C(=O)c2nccnc21,,2.2
train,4197,HAFABZVPDVGUEG-UHFFFAOYSA-N,FC(F)(F)OC1=CC=C(C2(OC(F)(F)F)N=N2)C1,,1.63
train,2012,MUFZTSVDGPQRRU-UHFFFAOYSA-N,COc1nc2c(nc1OC)C(=O)C(c1ncc(OC(F)(F)F)o1)=C(c1ncc(OC(F)(F)F)o1)C2=O,,2.07
train,3103,UYYWZYWUZMSILD-UHFFFAOYSA-N,N#CC#CC1=CC(=O)c2nccnc2C1=O,,3.1
train,3694,YWFVHWFWBBDJIU-UHFFFAOYSA-N,Cn1c(OC(F)(F)F)ccc1C1=C(c2ccc(OC(F)(F)F)n2C)C(=O)c2nccnc2C1=O,,1.17
train,3150,VDTRKVYQDBDHIP-UHFFFAOYSA-N,O=C1C=C(c2ncc([N+](=O)[O-])s2)C(=O)c2nccnc21,,2.9
train,4416,KYEYAYZFSPILLW-UHFFFAOYSA-N,Cc1ccc(-c2ccc3c(c2)C(=O)c2cc(-c4ccc(C)s4)ccc2C3=O)s1,,1.58
train,3920,ALLBCJWJXOQIAT-UHFFFAOYSA-N,N#Cc1cc(-c2ncc(Cl)o2)c(C#N)c(-c2ncc(Cl)o2)c1,,-0.76
train,4549,NNRWLQFWXGIWTM-UHFFFAOYSA-N,Cn1c(Cl)ccc1-c1cc(C#N)cc(-c2ccc(Cl)n2C)c1C#N,,1.4
train,3480,XGWUVEATZIMLIY-UHFFFAOYSA-N,COc1nnc(C2=C(c3nnc(OC)nn3)C(=O)c3nc(C#N)ccc3C2=O)nn1,,2.4
train,1718,LJQJXRRONIUBJW-UHFFFAOYSA-N,Cc1nnc(C2=C(c3nnc(C)nn3)C(=O)c3nc(C#N)c(C#N)cc3C2=O)nn1,,2.39
train,3942,AXCLPTYHIJAFSU-VHXPQNKSSA-N,O=[N+]([O-])c1ccc(-c2ccc(N=Nc3ccc(-c4ccc([N+](=O)[O-])[nH]4)cc3)cc2)[nH]1,,1.38
train,4592,OGZNDJPWQSMLDC-AROPPZRASA-N,O=[N+]([O-])C=Cc1ccc(N=Nc2ccc(C=C[N+](=O)[O-])cc2)cc1,,1.65
train,2040,MXTGLIIYQUZXAE-BNCCVWRVSA-N,CC(O)=NN=CC1=CC(=O)c2nc(C#N)c(C#N)nc2C1=O,,1.93
train,2020,MUWVCOVXAANZAP-OWOJBTEDSA-N,N#Cc1cnc2c(n1)C(=O)C(C=CF)=CC2=O,,2.65
train,4797,TYUZRYABXDVSJK-UHFFFAOYSA-N,O=C1c2ccc(-c3ncc(F)s3)cc2C(=O)c2cc(-c3ncc(F)s3)ccc21,,2.28
train,4392,KLFDWXZHHWPUHL-ISLYRVAYSA-N,Oc1cnc(-c2ccc(N=Nc3ccc(-c4ncc(O)s4)s3)s2)s1,,0.86
train,545,DRLBORWQGWODGR-UHFFFAOYSA-N,COc1cnc(C2=CC(=O)c3nc(C#N)cnc3C2=O)nc1,,2.4
train,3125,VBEOOAQXDBWJIY-UHFFFAOYSA-N,CC(O)=NC1=CC=C(C2=CC(=O)c3ncc(C#N)c(C#N)c3C2=O)C1,,1.03
train,5480,RRYINXQOYZEIEY-UHFFFAOYSA,O=c1oc2cc(O)ccc2c2cc3ccccc3c(-c3ccc(C(F)(F)F)cc3)c12,,1.38
train,699,FLDDWYBDTCMGFR-UHFFFAOYSA-N,CC(O)=Nc1csc(C2=CC(=O)c3nc(C#N)cnc3C2=O)n1,,1.65
train,4710,RCVCNLJVGMQWQP-UHFFFAOYSA-N,O=C1c2ccc(-c3ccc([N+](=O)[O-])cn3)cc2C(=O)c2cc(-c3ccc([N+](=O)[O-])cn3)ccc21,,2.64
train,3286,WLDYJPPVWMYFIB-UHFFFAOYSA-N,N#Cc1ccnc2c1C(=O)C(c1ccc(O)cc1)=C(c1ccc(O)cc1)C2=O,,1.57
train,3927,AQOQZWYINUJKPQ-HZUVFDMRSA-N,ON=Cc1ccc2ccc3c4ccc5ccc(C=NO)c6ccc(c7ccc1c2c37)c4c56,,0.89
train,52,AHPGWEPQXUKENE-UHFFFAOYSA-N,COc1ccnc2c1C(=O)C(c1ccc(F)n1C=O)=CC2=O,,1.78
train,2527,PFWBIIQRCNHPOP-UHFFFAOYSA-N,COc1ccc(C2=C(c3ccc(OC)n3C)C(=O)c3c(C#N)cc(C#N)nc3C2=O)n1C,,0.58
train,1895,MFTJJPWQMKRESG-UHFFFAOYSA-N,COc1ccc2c(n1)C(=O)C=C(c1ccc(N=C(C)O)s1)C2=O,,1.26
train,148,ASALZNDVQVZHLI-UHFFFAOYSA-N,COc1nccn1C1=C(n2ccnc2OC)C(=O)c2ncc(C#N)cc2C1=O,,1.52
train,2751,RRNGGBOGKZQYQQ-UHFFFAOYSA-N,N#Cc1ccnc2c1C(=O)C(c1nc(OC(F)(F)F)co1)=CC2=O,,2.42
train,3775,ZFTFFNUBOTZNIZ-UHFFFAOYSA-N,N#Cc1ccnc2c1C(=O)C(n1ccc3ccccc31)=C(n1ccc3ccccc31)C2=O,,1.28
train,4720,RHYLKSVDQIMAEY-UHFFFAOYSA-N,O=Cn1c(Cl)ccc1C1(Cl)N=N1,,2.0
train,976,HJIZGNOIYILBAB-UHFFFAOYSA-N,COc1nc2c(nc1OC)C(=O)C(c1nnc(F)nn1)=C(c1nnc(F)nn1)C2=O,,2.52
train,3602,XVXQUBKFNWYSEQ-UHFFFAOYSA-N,CC1=CC=C(C2=CC(=O)c3nc(C#N)ccc3C2=O)S1(=O)=O,,2.39
train,900,GYGAQILXVAUMCA-UHFFFAOYSA-N,O=C1C(C2=CC=C(F)C2)=C(C2=CC=C(F)C2)C(=O)c2nccnc21,,1.04
train,4257,ICPPAXMSXHPOPA-FMQUCBEESA-N,O=Cn1c(O)ccc1-c1ccc(N=Nc2ccc(-c3ccc(O)n3C=O)o2)o1,,0.4
train,1318,IXMOLQUYWBDORM-UHFFFAOYSA-N,N#Cc1ccc2c(n1)C(=O)C(c1ncc(C(F)(F)F)cn1)=C(c1ncc(C(F)(F)F)cn1)C2=O,,2.9
train,2393,OQJRODYPAPIDOO-UHFFFAOYSA-N,COc1ccc2c(n1)C(=O)C=C(c1ncco1)C2=O,,2.13
train,1311,IWMFZVVKFAAWCV-UHFFFAOYSA-N,Cc1cnc(C2=C(c3ncc(C)s3)C(=O)c3ncccc3C2=O)s1,,1.51
train,2711,RMYQCCXAPCUXNP-UHFFFAOYSA-N,N#Cc1cc(C#N)c2c(n1)C(=O)C(c1nc(C(F)(F)F)co1)=C(c1nc(C(F)(F)F)co1)C2=O,,2.74
train,4752,RZZXVLDCDQSYBK-UHFFFAOYSA-N,N#Cc1cc(-c2cnc(OC(F)(F)F)[nH]2)c(C#N)c(-c2cnc(OC(F)(F)F)[nH]2)c1,,-0.98
train,1924,MIYWAQMDGMHURO-UHFFFAOYSA-N,COc1cnc2c(n1)C(=O)C(c1ccc(N=C(C)O)cn1)=C(c1ccc(N=C(C)O)cn1)C2=O,,1.66
train,5083,ZXHDWXSCBKNSKJ-WCWDXBQESA-N,FC(F)(F)c1nnc(-c2ccc(N=Nc3ccc(-c4nnc(C(F)(F)F)nn4)[nH]3)[nH]2)nn1,,1.42
train,4718,RFYJYQRUYORDDU-CYLCCLTRSA-N,ClC=Cc1ccc(N=Nc2ccc(C=CCl)s2)s1,,0.92
train,4345,JTQCJUUHQNOLPB-UHFFFAOYSA-N,COc1csc(-c2ccc3c(c2)C(=O)c2cc(-c4nc(OC)cs4)ccc2C3=O)n1,,1.58
train,3201,VZYCWKYRCDIJNB-UHFFFAOYSA-N,COc1cn(C2=C(n3cc(OC)nn3)C(=O)c3nc(C#N)cnc3C2=O)nn1,,2.18
train,3416,WZSMMLXTFGRGJO-UHFFFAOYSA-N,N#Cc1ccnc2c1C(=O)C(C1=CC=C(C(F)(F)F)C1)=C(C1=CC=C(C(F)(F)F)C1)C2=O,,1.72
train,123,AORWEWVTBZPSGL-UHFFFAOYSA-N,COc1ccc2c(n1)C(=O)C=C(c1ccc(OC(F)(F)F)cc1)C2=O,,2.25
train,2934,TZKKPVLFOIHOJW-UHFFFAOYSA-N,N#Cc1ccc2c(n1)C(=O)C(c1nc(OC(F)(F)F)cs1)=C(c1nc(OC(F)(F)F)cs1)C2=O,,1.93
train,2727,RPFQTRURRCVTKD-UHFFFAOYSA-N,O=C1C(c2ncc(O)s2)=C(c2ncc(O)s2)C(=O)c2nccnc21,,1.29
train,3476,XFVWULUZYLPUBT-UHFFFAOYSA-N,N#Cc1cn(C2=C(n3cc(C#N)nn3)C(=O)c3c(ncc(C#N)c3C#N)C2=O)nn1,,3.3
train,3057,UUQRDXPIFZGUEH-UHFFFAOYSA-N,N#Cc1nc2c(nc1C#N)C(=O)C(c1ccc(OC(F)(F)F)s1)=C(c1ccc(OC(F)(F)F)s1)C2=O,,1.81
train,4954,XJYCTGCIEYJKDI-QPLCGJKRSA-N,Fc1cnc(-c2ccc(N=Nc3ccc(-c4ncc(F)cn4)[nH]3)[nH]2)nc1,,0.26
train,3345,WQKALINKUREYLC-UHFFFAOYSA-N,COc1ccc(C2=CC(=O)c3ncccc3C2=O)nc1,,1.93
train,2613,QOEUPMZONZKBJF-UHFFFAOYSA-N,N#Cc1cc2c(nc1C#N)C(=O)C(C#COC(F)(F)F)=C(C#COC(F)(F)F)C2=O,,2.54
train,4854,VFXRUYDIWUFTBQ-UHFFFAOYSA-N,COc1ncc(-c2ccc3c(c2)C(=O)c2cc(-c4cnc(OC)[nH]4)ccc2C3=O)[nH]1,,1.27
train,3032,URCVPENBSNZNIF-UHFFFAOYSA-N,COc1ncc(C2=CC(=O)c3nc(C#N)c(C#N)nc3C2=O)[nH]1,,1.61
train,1453,JOXOCTHNANSOEJ-UHFFFAOYSA-N,O=C1C=C(c2ncc(Cl)cn2)C(=O)c2nccnc21,,2.68
train,4560,NUWOFTDZQKLGNO-UHFFFAOYSA-N,C=Cc1cc(C#N)cc(C=C)c1C#N,,-1.09
train,793,GMGAVMKPKUYXBC-UHFFFAOYSA-N,N#Cc1cnc2c(n1)C(=O)C=C(c1ncc(OC(F)(F)F)cn1)C2=O,,2.79
train,878,GWHBHQRXQWVXPR-UHFFFAOYSA-N,Cc1nccn1C1=CC(=O)c2nc(C#N)cnc2C1=O,,1.91
train,1873,MCMTXOJIUYPTNO-UHFFFAOYSA-N,Cc1cnc(C2=CC(=O)c3nc(C#N)ccc3C2=O)nc1,,2.49
train,3374,WURIQIBYKZHSFU-UHFFFAOYSA-N,COc1cnc2c(c1)C(=O)C(c1ccc(C#N)n1C=O)=CC2=O,,2.24
train,2981,ULMKZZYREDRMQX-UHFFFAOYSA-N,O=C1C(C#CC(F)(F)F)=CC(=O)c2ncccc21,,3.13
train,5209,WEFOKMNDCLHALC-UHFFFAOYSA,C=NCN1c2ccccc2N(c2nncnn2)c2ccccc21,,1.12
train,2671,RJEUGYUNJPYCPN-UHFFFAOYSA-N,Cc1nccn1C1=CC(=O)c2ncc(C#N)c(C#N)c2C1=O,,1.94
train,4110,FNXBGHBPLDMSHZ-UHFFFAOYSA-N,COC1=CC=C(c2ccc3c(c2)C(=O)c2cc(C4=CC=C(OC)S4(=O)=O)ccc2C3=O)S1(=O)=O,,1.71
train,3719,YZADVQQXTUSDNH-UHFFFAOYSA-N,N#Cc1ccc2c(n1)C(=O)C(c1ccccc1)=C(c1ccccc1)C2=O,,2.02
train,4027,CTBQDYFTWNJJMI-BSHIDLADSA-N,CON=Cc1cc(C#N)cc(C=NOC)c1C#N,,-0.75
train,4301,IRSZHNGCJCBLDT-UHFFFAOYSA-N,N#CC#Cc1ccc2c(c1)C(=O)c1cc(C#CC#N)ccc1C2=O,,2.84
train,361,CGAOWNIGJOYPIQ-UHFFFAOYSA-N,Cn1c(Cl)ccc1C1=C(c2ccc(Cl)n2C)C(=O)c2ncc(C#N)cc2C1=O,,1.11
train,4930,WYJQHOSUAFKYPH-DQRAZIAOSA-N,Sc1ccc(-c2ccc(N=Nc3ccc(-c4ccc(S)cc4)o3)o2)cc1,,0.56
train,323,CALBWXGBUSDAOA-UHFFFAOYSA-N,Cn1c(O)ccc1C1=CC(=O)c2nc(C#N)c(C#N)nc2C1=O,,1.21
train,4868,VLPSFTVFLKBLCB-UHFFFAOYSA-N,COc1nnc(-c2ccc3c(c2)C(=O)c2cc(-c4nnc(OC)nn4)ccc2C3=O)nn1,,2.19
train,1320,IYICOJBBMUVUPU-UHFFFAOYSA-N,N#Cc1cnc2c(c1)C(=O)C(c1cnc(C(F)(F)F)[nH]1)=C(c1cnc(C(F)(F)F)[nH]1)C2=O,,2.03
train,1767,LQEBEMVHSMBOGK-UHFFFAOYSA-N,Cn1c(S)ccc1C1=CC(=O)c2ncccc2C1=O,,1.19
train,2860,SDUVYVJTTPAGKX-UHFFFAOYSA-N,COc1ccc(C2=CC(=O)c3nc(C#N)cc(C#N)c3C2=O)[nH]1,,1.15
train,4904,WMNREBJBEXLOKX-FOCLMDBBSA-N,FC#Cc1ccc(N=Nc2ccc(C#CF)s2)s1,,1.23
train,0,AAEBJCSCYHPBRF-FZSIALSZSA-N,O=C1C(C=NC(F)(F)F)=CC(=O)c2ncccc21,,3.12
train,808,GOHBVTHPZYQTDJ-UHFFFAOYSA-N,COc1ccc2c(n1)C(=O)C=C(c1ccc(N=C(C)O)cn1)C2=O,,1.74
train,5456,LZOAGVHMFBDTHX-UHFFFAOYSA,O=c1oc2cc(-c3cnc(OC(F)(F)F)o3)ccc2c2cc3ccccc3c(-c3cc([N+](=O)[O-])[nH]n3)c12,,1.52
train,1422,JLIGBOSYUKDNOE-UHFFFAOYSA-N,O=C1C=C(c2cnc(O)[nH]2)C(=O)c2nccnc21,,1.55
train,1483,JSXHHHCRYNTXIK-UHFFFAOYSA-N,COc1coc(C2=C(c3nc(OC)co3)C(=O)c3c(ncc(C#N)c3C#N)C2=O)n1,,1.62
train,3936,AUMICKUKXCMVCU-DQRAZIAOSA-N,ClC1=CC=C(c2ccc(N=Nc3ccc(C4=CC=C(Cl)C4)s3)s2)C1,,0.49
train,2285,ODDIQTLJSIQIDF-UHFFFAOYSA-N,N#Cc1ccnc2c1C(=O)C(C1=CC=C(OC(F)(F)F)C1)=CC2=O,,1.59
train,4884,VXQJWCAPJIMJNY-UHFFFAOYSA-N,Cc1ccc(-c2ccc3c(c2)C(=O)c2cc(-c4ccc(C)cn4)ccc2C3=O)nc1,,2.03
train,1950,MMWOJMQBNDRVHO-UHFFFAOYSA-N,N#Cc1nc2c(nc1C#N)C(=O)C(c1ccc(OC(F)(F)F)n1C=O)=C(c1ccc(OC(F)(F)F)n1C=O)C2=O,,1.78
train,4813,UHSWHDFIARNOAZ-UHFFFAOYSA-N,N#Cc1cc(-c2ccco2)c(C#N)c(-c2ccco2)c1,,-1.19
train,851,GTOFBQIBLBSDQI-UHFFFAOYSA-N,N#Cc1ccc2c(n1)C(=O)C=C(C1=CC=C(F)C1)C2=O,,1.61
train,5534,MHRTYBARDYZMRO-UHFFFAOYSA,c1ccc2c(c1)Sc1ccccc1N2c1ccsc1,,0.66
train,4536,NDEPLAYSQYURRS-WCWDXBQESA-N,Oc1ccc(-c2ccc(N=Nc3ccc(-c4ccc(O)cn4)[nH]3)[nH]2)nc1,,0.49
train,580,DWJNZHAWJJFQBH-UHFFFAOYSA-N,N#Cc1cnc2c(c1C#N)C(=O)C(c1ncc(Cl)cn1)=CC2=O,,2.76
train,2425,OUPAKVFPJLOAEY-UHFFFAOYSA-N,O=C1C(c2ccc(Cl)s2)=C(c2ccc(Cl)s2)C(=O)c2ncccc21,,1.56
train,5401,ASQILFOJAONSQD-UHFFFAOYSA,C=NCc1ccc2c(c1)oc(=O)c1c(-c3cnc(OC(F)(F)F)o3)c3ccccc3cc12,,1.62
train,5081,ZUGMHXKPUIITOO-UHFFFAOYSA-N,O=C1c2ccc(C3=CC=C([N+](=O)[O-])S3(=O)=O)cc2C(=O)c2cc(C3=CC=C([N+](=O)[O-])S3(=O)=O)ccc21,,2.75
train,1060,HUCVYAPGAVDBTH-UHFFFAOYSA-N,CN(C)c1ccc(C2=CC(=O)c3nccnc3C2=O)s1,,1.0
train,2331,OJKVSFKERPIWCT-UHFFFAOYSA-N,COc1nc2c(nc1OC)C(=O)C(C#CS)=C(C#CS)C2=O,,1.63
train,1759,LOYAJFJPLDJKIO-UHFFFAOYSA-N,N#Cc1ccc2c(n1)C(=O)C=C(c1nccs1)C2=O,,2.28
train,2773,RUSOWZOSRFWCOP-UHFFFAOYSA-N,O=C1C(c2nc(C(F)(F)F)co2)=C(c2nc(C(F)(F)F)co2)C(=O)c2nccnc21,,2.66
train,1472,JSABVGUJNFTVES-UHFFFAOYSA-N,N#Cc1nc2c(nc1C#N)C(=O)C(c1ccc([N+](=O)[O-])s1)=C(c1ccc([N+](=O)[O-])s1)C2=O,,2.62
train,4935,XANASUINKUBZFT-OCEACIFDSA-N,Oc1cnc(-c2ccc(N=Nc3ccc(-c4ncc(O)cn4)cc3)cc2)nc1,,1.71
train,3134,VCBZWVKGNWJAHC-UHFFFAOYSA-N,COc1ccnc2c1C(=O)C(C1=CC=C(C#N)S1(=O)=O)=CC2=O,,2.85
train,1291,IVFMBUSKDOBUIZ-UHFFFAOYSA-N,N#Cc1cnc2c(c1)C(=O)C(c1ccc(O)cn1)=C(c1ccc(O)cn1)C2=O,,1.79
train,788,GKZZMIXFPGYTRX-UHFFFAOYSA-N,COC1=CC=C(C2=C(C3=CC=C(OC)C3)C(=O)c3c(C#N)cc(C#N)nc3C2=O)C1,,0.57
train,2033,MWQWIQNQJDVJDA-UHFFFAOYSA-N,N#Cc1ccc2c(n1)C(=O)C=C(c1ccc(S)cc1)C2=O,,1.78
train,4478,MCQITXOORZLVLL-BYYHNAKLSA-N,FC(F)(F)Oc1c[nH]c(-c2ccc(N=Nc3ccc(-c4cc(OC(F)(F)F)c[nH]4)s3)s2)c1,,0.71
train,3322,WNVOFJBDPPMGPV-UHFFFAOYSA-N,COC1=CC=C(C2=C(C3=CC=C(OC)S3(=O)=O)C(=O)c3ncc(C#N)cc3C2=O)S1(=O)=O,,1.7
train,5224,DKZKPAWRMOGRFJ-UHFFFAOYSA,FC(F)(F)c1nc(N2c3ccccc3N(c3cnc(C(F)(F)F)o3)c3ccccc32)co1,,0.65
train,4188,GVGMJWVXCUIMEY-BYYHNAKLSA-N,FC(F)(F)Oc1ncc(-c2ccc(N=Nc3ccc(-c4cnc(OC(F)(F)F)[nH]4)o3)o2)[nH]1,,0.83
train,1948,MMQSSGUDDNXRER-UHFFFAOYSA-N,N#Cc1ccnc2c1C(=O)C(c1ccc[nH]1)=CC2=O,,1.51
train,5227,FFUANTRUTABNQZ-UHFFFAOYSA,O=[N+]([O-])c1ncc(N2c3ccccc3N(c3ccnc([N+](=O)[O-])n3)c3ccccc32)cn1,,0.99
train,1155,IDVHITXLDICBTQ-UHFFFAOYSA-N,N#Cc1ccc2c(n1)C(=O)C(c1nnc(Cl)nn1)=C(c1nnc(Cl)nn1)C2=O,,2.75
train,2724,RORLOXXUSFLXTG-UHFFFAOYSA-N,Cn1c(OC(F)(F)F)ccc1C1=CC(=O)c2ncc(C#N)cc2C1=O,,1.51
train,4272,IHGRWYYMOVFTTE-UHFFFAOYSA-N,Cc1ccc(C2(C)N=N2)n1C=O,,1.44
train,2259,NZMSTAFWYMBKCT-UHFFFAOYSA-N,N#Cc1coc(C2=CC(=O)c3nccc(C#N)c3C2=O)n1,,2.85
train,44,AGIGBQZAFPTJJE-UHFFFAOYSA-N,COc1ccnc2c1C(=O)C(c1cc(C(F)(F)F)c[nH]1)=CC2=O,,1.78
train,2844,SCJDJHIEBNHZDO-UHFFFAOYSA-N,O=C1C(n2cc(O)nn2)=C(n2cc(O)nn2)C(=O)c2ncccc21,,2.32
train,754,GFUAMXXHFUFWTD-UHFFFAOYSA-N,COc1nc2c(nc1OC)C(=O)C(c1ncc(F)s1)=CC2=O,,2.08
train,1066,HUPQNPIAJNRBHD-UHFFFAOYSA-N,COc1ccnc2c1C(=O)C(C#CCl)=CC2=O,,2.79
train,3975,BJEZHFXVFAJIFG-VCFJNTAESA-N,ClC=Cc1ccc2ccc3c4ccc5ccc(C=CCl)c6ccc(c7ccc1c2c37)c4c56,,0.6
train,2421,OTZGNFUFRVNHDD-UHFFFAOYSA-N,COc1coc(C2=CC(=O)c3nccnc3C2=O)n1,,1.79
train,48,AGWTZMJNPFXLEN-UHFFFAOYSA-N,N#Cc1ccc2c(n1)C(=O)C(n1cc(S)c3ccccc31)=C(n1cc(S)c3ccccc31)C2=O,,1.06
train,4785,SXCNXWRYXTWHHK-UHFFFAOYSA-N,O=C1c2ccc(-c3ccc(C(F)(F)F)s3)cc2C(=O)c2cc(-c3ccc(C(F)(F)F)s3)ccc21,,2.01
train,1684,KQTWXPFAEKYLQL-IHWYPQMZSA-N,COc1cnc2c(c1)C(=O)C(C=CCl)=CC2=O,,2.4
train,562,DTUJTOIIUPKHGE-HYXAFXHYSA-N,O=C1C(C=C[N+](=O)[O-])=CC(=O)c2ncccc21,,3.08
train,1205,IKYDNIOCMBJQGP-UHFFFAOYSA-N,CN(C)c1ncc(C2=C(c3cnc(N(C)C)[nH]3)C(=O)c3c(C#N)ccnc3C2=O)[nH]1,,0.41
train,3323,WNZHBIBHNWWKIH-UHFFFAOYSA-N,COc1nc2c(nc1OC)C(=O)C(c1ccc(C#N)n1C=O)=CC2=O,,2.2
train,2782,RVVBZHZBLRFSSS-UHFFFAOYSA-N,O=C1C(n2ccnc2C(F)(F)F)=C(n2ccnc2C(F)(F)F)C(=O)c2ncccc21,,2.71
train,511,DNVHWNBRHDTIHC-UHFFFAOYSA-N,N#Cc1cc2c(nc1C#N)C(=O)C(c1cccn1C=O)=C(c1cccn1C=O)C2=O,,1.62
train,3767,ZESMFRRJDLHFPP-UHFFFAOYSA-N,O=C1C(c2cnc(S)[nH]2)=C(c2cnc(S)[nH]2)C(=O)c2ncccc21,,1.09
train,3996,BZBSDVNUGKYWLX-UHFFFAOYSA-N,Fc1ccc(C2(F)N=N2)o1,,2.04
train,4310,IXMJJGOHQIPNAT-UHFFFAOYSA-N,SC1=CC=C(C2(S)N=N2)C1,,0.97
train,62,AIZAHSSIBFREBM-UHFFFAOYSA-N,N#Cc1cnc2c(c1)C(=O)C(c1ccc([N+](=O)[O-])n1C=O)=CC2=O,,2.66
train,810,GOYTWRDVGJUDNS-UHFFFAOYSA-N,N#Cc1ccc2c(n1)C(=O)C=C(c1ccc(Cl)n1C=O)C2=O,,1.87
train,421,COUYJPXDSHWXIL-UHFFFAOYSA-N,O=C1C(c2cc(C(F)(F)F)c[nH]2)=C(c2cc(C(F)(F)F)c[nH]2)C(=O)c2nccnc21,,1.32
train,171,AVSGBYAYRCEVFK-UHFFFAOYSA-N,Cc1ccc(C2=C(c3ccc(C)cc3)C(=O)c3c(C#N)cc(C#N)nc3C2=O)cc1,,1.82
train,1582,KEBLYDQULYCELK-UHFFFAOYSA-N,Cc1nnc(C2=CC(=O)c3nc(C#N)c(C#N)cc3C2=O)nn1,,2.26
train,4164,GLUSHKNJCIRLDE-UHFFFAOYSA-N,COc1coc(-c2ccc3c(c2)C(=O)c2cc(-c4nc(OC)co4)ccc2C3=O)n1,,1.82
train,561,DTPWIGBSZHSREX-UHFFFAOYSA-N,COc1nc2c(nc1OC)C(=O)C(n1ccnc1[N+](=O)[O-])=C(n1ccnc1[N+](=O)[O-])C2=O,,2.63
train,3507,XKBVCZKKWQCBAF-UHFFFAOYSA-N,COc1ccc(C2=CC(=O)c3ncc(C#N)c(C#N)c3C2=O)n1C=O,,1.48
train,4155,GGUGKNPDOAKCQY-VHXPQNKSSA-N,SC1=CC=C(c2ccc(N=Nc3ccc(C4=CC=C(S)C4)cc3)cc2)C1,,0.6
train,4454,LQHVHEQDIYMJOC-UHFFFAOYSA-N,O=C1c2ccc(C3=CC=C(OC(F)(F)F)C3)cc2C(=O)c2cc(C3=CC=C(OC(F)(F)F)C3)ccc21,,1.3
train,210,BALHSLGBAJLYHY-QKLZJLBFSA-N,COc1nc2c(nc1OC)C(=O)C(C=NC(F)(F)F)=C(C=NC(F)(F)F)C2=O,,2.53
train,4369,KAXYDQMGZLREGG-FLWNBWAVSA-N,FC(F)(F)Oc1ccc(-c2ccc(N=Nc3ccc(-c4ccc(OC(F)(F)F)s4)cc3)cc2)s1,,1.19
train,1432,JLZJOYAYXIIACO-UHFFFAOYSA-N,Cc1csc(C2=CC(=O)c3nc(C#N)c(C#N)nc3C2=O)n1,,2.16
train,1925,MJCXNHLVKAWEBR-UHFFFAOYSA-N,O=Cn1c(C2=CC(=O)c3ncccc3C2=O)ccc1C(F)(F)F,,2.28
train,4820,UKMWUDVPYPXHRQ-UHFFFAOYSA-N,Cc1ccc(C2(C)N=N2)s1,,1.45
train,2290,ODVOBEAIUZRMLZ-OGBZJDJUSA-N,CC(O)=NN=CC1=C(C=NN=C(C)O)C(=O)c2nc(C#N)c(C#N)nc2C1=O,,1.92
train,4425,LBOQKUCTWQDYDC-UHFFFAOYSA-N,COc1ccc(-c2ccc3c(c2)C(=O)c2cc(-c4ccc(OC)cn4)ccc2C3=O)nc1,,1.72
train,1502,JUZFWKQUNVZMRS-UHFFFAOYSA-N,N#Cc1ccnc2c1C(=O)C(c1nncnn1)=CC2=O,,2.35
train,287,BWFMXAHQBHGCBX-UHFFFAOYSA-N,N#Cc1cc2c(nc1C#N)C(=O)C=C(C#CS)C2=O,,2.31
train,1357,JDWZIXRHINAOAG-UHFFFAOYSA-N,COc1ccc(C2=CC(=O)c3nc(C#N)ccc3C2=O)n1C,,1.07
train,5346,HMEYGLCPKJJJNM-UHFFFAOYSA,Cc1ccc(-c2ccc3c(c2)C(C)(C)c2cc(-c4ccc(-c5coc(C)c5)cc4)ccc2N3c2ccc(-c3cc(C)[nH]n3)cc2)cc1,,0.59
train,2126,NHYRXCVUJVDWSA-UHFFFAOYSA-N,O=C1C(c2cc(OC(F)(F)F)c[nH]2)=C(c2cc(OC(F)(F)F)c[nH]2)C(=O)c2nccnc21,,1.34
train,5234,HITAYBHJCGEPKS-UHFFFAOYSA,COc1ccc(N2c3ccccc3N(c3cccc(OC)n3)c3ccccc32)cn1,,0.26
train,88,AMBOSQXVQQVVQA-UHFFFAOYSA-N,O=C1C(c2ccccn2)=C(c2ccccn2)C(=O)c2nccnc21,,1.63
train,2123,NHNCJCWBZHGZEA-UHFFFAOYSA-N,COc1cnc2c(n1)C(=O)C(c1cnc(C(F)(F)F)[nH]1)=CC2=O,,2.21
train,5203,TUFAAZGESHWBPT-UHFFFAOYSA,O=[N+]([O-])N1c2ccccc2N(Cl)c2ccccc21,,1.43
train,1029,HQFXVPDRPYWSKJ-UHFFFAOYSA-N,COc1ccnc2c1C(=O)C(c1ncco1)=CC2=O,,2.29
train,2255,NZECNYXTLSMCSG-UHFFFAOYSA-N,COc1ccnc2c1C(=O)C(c1ccc(O)n1C)=CC2=O,,1.0
train,5492,ULHAVHJGBUTIQZ-UHFFFAOYSA,N#Cc1nccc(-c2ccc3c(c2)oc(=O)c2c(C4=CS(=O)(=O)C=C4)c4ccccc4cc23)n1,,1.79
train,1923,MIUQCQDRTDQAJS-UHFFFAOYSA-N,Cn1c(S)ccc1C1=CC(=O)c2nc(C#N)cnc2C1=O,,1.24
train,257,BSWNUKGPRZXZGV-UHFFFAOYSA-N,COc1ccnc2c1C(=O)C(c1ccc(N(C)C)cc1)=CC2=O,,1.0
train,2048,MYONPMDVHJHFDY-UHFFFAOYSA-N,N#Cc1cnc2c(c1C#N)C(=O)C(c1ncc(O)cn1)=CC2=O,,2.62
train,3434,XBTMOMSRUNOWPQ-UHFFFAOYSA-N,N#Cc1ccnc2c1C(=O)C(c1cnc(S)[nH]1)=CC2=O,,1.56
train,928,HCDRPGYWDNARKH-UHFFFAOYSA-N,Cc1ccc(C2=CC(=O)c3nc(C#N)c(C#N)cc3C2=O)n1C=O,,1.71
train,1323,IYVKKBPOVHFBGB-UHFFFAOYSA-N,N#Cc1nc2c(nc1C#N)C(=O)C(c1nnc(OC(F)(F)F)nn1)=CC2=O,,2.75
train,3159,VEMFCIXQYGVCDC-GRSRPBPQSA-N,N#Cc1ccnc2c1C(=O)C(C=CC(F)(F)F)=C(C=CC(F)(F)F)C2=O,,2.77
train,3540,XMSIPCGWBQVBKJ-UHFFFAOYSA-N,O=C1C(c2cc(O)c[nH]2)=C(c2cc(O)c[nH]2)C(=O)c2ncccc21,,0.7
train,1121,IAPQFTXOUHDQOE-UHFFFAOYSA-N,Cc1ncc(C2=CC(=O)c3ncc(C#N)c(C#N)c3C2=O)[nH]1,,1.75
train,4160,GIQJYSRFZXGZLC-FMQUCBEESA-N,c1c[nH]c(-c2ccc(N=Nc3ccc(-c4ccc[nH]4)o3)o2)c1,,0.4
train,2765,RUABFJQVFAHAQE-UHFFFAOYSA-N,COc1ccc(C2=CC(=O)c3nc(C#N)c(C#N)nc3C2=O)nc1,,2.08
train,11,ABTFKSYTOTWRGS-UHFFFAOYSA-N,Cc1ccc(C2=C(c3ccc(C)n3C=O)C(=O)c3nc(C#N)c(C#N)nc3C2=O)n1C=O,,1.46
train,3131,VBVQMGTVPNVUEK-UHFFFAOYSA-N,N#Cc1ccc2c(n1)C(=O)C(c1nnc(F)nn1)=C(c1nnc(F)nn1)C2=O,,2.92
train,3643,YAKACHICPQDIFY-UHFFFAOYSA-N,N#Cc1cnc2c(c1C#N)C(=O)C(c1ncc(C(F)(F)F)cn1)=CC2=O,,2.96
train,4802,UBCCHNGOWLDYMP-FMQUCBEESA-N,O=[N+]([O-])c1cnc(-c2ccc(N=Nc3ccc(-c4ncc([N+](=O)[O-])o4)[nH]3)[nH]2)o1,,1.35
train,2111,NGMNBDMJPWHILQ-UHFFFAOYSA-N,CC#CC1=CC(=O)c2nc(C#N)cnc2C1=O,,2.84
train,2156,NLNAODZSJOEBIP-UHFFFAOYSA-N,CC(O)=Nc1ccc(C2=CC(=O)c3nc(C#N)cc(C#N)c3C2=O)nc1,,1.75
train,802,GNNPSUJFVIHQDZ-UHFFFAOYSA-N,N#Cc1nc2c(nc1C#N)C(=O)C(C1=CC=C(O)S1(=O)=O)=CC2=O,,2.25
train,3551,XOVQCIJNIGOGHP-UHFFFAOYSA-N,O=C1C(C2=CC=C(C(F)(F)F)S2(=O)=O)=C(C2=CC=C(C(F)(F)F)S2(=O)=O)C(=O)c2ncccc21,,2.83
train,280,BVSZSRAHFMLNRD-UHFFFAOYSA-N,N#Cc1cc(C#N)c2c(n1)C(=O)C(c1ccc(F)s1)=C(c1ccc(F)s1)C2=O,,1.63
train,4924,WWHTVCLFXHSGJM-BUHFOSPRSA-N,Oc1nnc(-c2ccc(N=Nc3ccc(-c4nnc(O)nn4)s3)s2)nn1,,1.54
train,3820,ZMDNLMLIZLERNO-UHFFFAOYSA-N,N#Cc1cnc2c(c1C#N)C(=O)C(c1ccc(OC(F)(F)F)cc1)=CC2=O,,2.41
train,3501,XJQMQLBGZKTDPG-UHFFFAOYSA-N,N#Cc1nc2c(nc1C#N)C(=O)C(c1ccc(S)cn1)=CC2=O,,2.15
train,482,DHBXOKUQFVHSRE-UHFFFAOYSA-N,COc1cnc2c(c1)C(=O)C(c1ccc(N(C)C)cc1)=CC2=O,,0.97
train,3426,XBFKLTNTTMVUBK-UHFFFAOYSA-N,N#Cc1nc2c(nc1C#N)C(=O)C(C#C[N+](=O)[O-])=C(C#C[N+](=O)[O-])C2=O,,3.46
train,755,GFWJOZRSKYBAJX-UHFFFAOYSA-N,O=C1C(n2cc(Cl)nn2)=C(n2cc(Cl)nn2)C(=O)c2nccnc21,,2.65
train,4946,XFBWTMXPYPDQRW-FMQUCBEESA-N,SC1=CC=C(c2ccc(N=Nc3ccc(C4=CC=C(S)C4)s3)s2)C1,,0.27
train,3049,USISQAZKTHSXIQ-UHFFFAOYSA-N,CC(O)=Nc1ccc(C2=CC(=O)c3ncc(C#N)cc3C2=O)[nH]1,,0.96
train,1937,MKQBUOXXVQAKMR-UHFFFAOYSA-N,COc1cnc(C2=CC(=O)c3ncc(C#N)nc3C2=O)s1,,1.79
train,5051,ZECFVCXSUALHIJ-UHFFFAOYSA-N,N#Cc1cc(-c2nc(Cl)co2)c(C#N)c(-c2nc(Cl)co2)c1,,-0.77
train,1394,JIRRBENFZADDBY-UHFFFAOYSA-N,CC(O)=Nc1coc(C2=C(c3nc(N=C(C)O)co3)C(=O)c3nc(C#N)cnc3C2=O)n1,,0.98
train,4434,LGKYRROZSBDGQK-UHFFFAOYSA-N,N#Cc1cc(-c2ccccc2)c(C#N)c(-c2ccccc2)c1,,-0.77
train,3811,ZKXVHNMRFNGUTR-UHFFFAOYSA-N,N#CC1=CC=C(C2=C(C3=CC=C(C#N)S3(=O)=O)C(=O)c3ncc(C#N)cc3C2=O)S1(=O)=O,,2.86
train,860,GUMVQXRPLJVWTL-UHFFFAOYSA-N,COc1cnc2c(n1)C(=O)C(n1ccc3ccccc31)=C(n1ccc3ccccc31)C2=O,,1.46
train,1497,JUQNTEPWXFXXFA-UHFFFAOYSA-N,Cc1ccc(C2=C(c3ccc(C)n3C)C(=O)c3nc(C#N)c(C#N)nc3C2=O)n1C,,0.85
train,5087,ZXLRBLJZPXWTFE-UHFFFAOYSA-N,FC(F)(F)ON=CC1(OC(F)(F)F)N=N1,,3.41
train,58,AIPRUUGTUOQJOB-UHFFFAOYSA-N,N#Cc1ccc2c(n1)C(=O)C=C(c1ccc(O)n1C=O)C2=O,,1.48
train,4350,JVKVDNMEESIYAD-UHFFFAOYSA-N,N#Cc1cc(-c2cnc(F)[nH]2)c(C#N)c(-c2cnc(F)[nH]2)c1,,-0.97
train,4107,FMMPTTTVNROHAY-UHFFFAOYSA-N,N#Cc1cnc(-c2ccc3c(c2)C(=O)c2cc(-c4ncc(C#N)cn4)ccc2C3=O)nc1,,3.59
train,5388,APEXLBKNZQHZSF-UHFFFAOYSA,O=[N+]([O-])c1nccc(N2c3ccccc3Oc3ccccc32)n1,,1.14
train,2221,NTRWUZLJYMACKO-UHFFFAOYSA-N,N#Cc1ccc2c(n1)C(=O)C(c1ccc(S)n1C=O)=C(c1ccc(S)n1C=O)C2=O,,1.1
train,1713,LIZMRDRLUPBRQA-UHFFFAOYSA-N,N#Cc1cnc2c(c1)C(=O)C(C#CC(F)(F)F)=C(C#CC(F)(F)F)C2=O,,3.42
train,2443,OWMHWOQQPBCKFA-UHFFFAOYSA-N,CN(C)c1ccc(C2=C(c3ccc(N(C)C)cn3)C(=O)c3nc(C#N)ccc3C2=O)nc1,,1.0
train,182,AXHNGSSWYWQFEC-UHFFFAOYSA-N,COc1cnc2c(n1)C(=O)C=C(c1nc(N(C)C)co1)C2=O,,1.0
train,4613,OUDHZALUTVOHQH-VHXPQNKSSA-N,COc1ccc(-c2ccc(N=Nc3ccc(-c4ccc(OC)o4)cc3)cc2)o1,,0.69
train,4271,IHEXYFCOUBVFED-DQRAZIAOSA-N,Oc1ccc(-c2ccc(N=Nc3ccc(-c4ccc(O)o4)cc3)cc2)o1,,0.74
train,5072,ZOTXVKYQCVVCRA-DQRAZIAOSA-N,CC1=CC=C(c2ccc(N=Nc3ccc(C4=CC=C(C)C4)s3)s2)C1,,0.31
train,331,CBZVSIGMRSANBO-OMCISZLKSA-N,CC(O)=NN=CC1=CC(=O)c2nccc(C#N)c2C1=O,,2.29
train,3157,VEHKZNUWYUWRGV-UHFFFAOYSA-N,N#Cc1cnc2c(n1)C(=O)C=C(c1ccc(Cl)cn1)C2=O,,2.58
train,1153,IDPQNCWZKNXCDU-UHFFFAOYSA-N,O=C1C(c2ccc(S)cc2)=CC(=O)c2ncccc21,,1.74
train,3188,VYPDXMHZHIMEJP-UHFFFAOYSA-N,N#Cc1nc2c(nc1C#N)C(=O)C(C#C[N+](=O)[O-])=CC2=O,,3.72
train,564,DTZFPIPDRDVGGX-UHFFFAOYSA-N,CC(O)=Nc1ccc(C2=CC(=O)c3nccnc3C2=O)[nH]1,,1.02
train,4402,KQRDWAWPUACENE-VXPUYCOJSA-N,Oc1cnc(-c2ccc(N=Nc3ccc(-c4ncc(O)o4)[nH]3)[nH]2)o1,,-0.09
train,5061,ZIMFFDPFFRNYRT-UHFFFAOYSA-N,Sc1csc(C2(S)N=N2)n1,,1.74
train,716,FMZGDQLVPAAUDY-UHFFFAOYSA-N,N#Cc1ccnc2c1C(=O)C(c1cnc(Cl)[nH]1)=CC2=O,,1.94
train,1913,MHPPOVSIXGENIS-UHFFFAOYSA-N,N#Cc1cnc2c(n1)C(=O)C(c1ncc(C(F)(F)F)s1)=C(c1ncc(C(F)(F)F)s1)C2=O,,2.51
train,912,HABXQUXEYVZTQJ-UHFFFAOYSA-N,O=C1C=C([n+]2cc(=O)[n-][nH]2)C(=O)c2nccnc21,,1.65
train,1606,KGGUMGBKOSMUNG-UHFFFAOYSA-N,N#Cc1nc2c(nc1C#N)C(=O)C(c1ccc(O)cn1)=CC2=O,,2.25
train,796,GMRBELGHMZSTLZ-UHFFFAOYSA-N,Cn1c(C#N)ccc1C1=CC(=O)c2ncc(C#N)c(C#N)c2C1=O,,2.09
train,4880,VVATVIDZUSEQAU-UHFFFAOYSA-N,O=S1(=O)C(S)=CC=C1C1(S)N=N1,,1.92
train,5376,WPECBHYJRAPRHS-UHFFFAOYSA,CC1(C)c2cc(-c3ccc(Cl)cc3)ccc2N(c2ccc(-c3csc(C(F)(F)F)n3)cc2)c2ccc(-c3ccc([N+](=O)[O-])cc3)cc21,,0.87
train,2650,RGQKIICHFLVLGI-UHFFFAOYSA-N,N#Cc1cnc2c(n1)C(=O)C(c1ccc([N+](=O)[O-])[nH]1)=CC2=O,,2.31
train,3828,ZNFCXMPKHPTKJE-HSFFGMMNSA-N,N#Cc1cnc2c(c1C#N)C(=O)C(C=CF)=C(C=CF)C2=O,,2.32
train,558,DTJUECWJJIOGBO-UHFFFAOYSA-N,COc1ccnc2c1C(=O)C(c1cnc(N(C)C)[nH]1)=CC2=O,,1.0
train,3212,WCBZVCQTJVQZEQ-JVLMNHKTSA-N,COc1cnc2c(n1)C(=O)C(C=CS)=C(C=CS)C2=O,,1.45
train,519,DOHYAKPVEUHPMT-UHFFFAOYSA-N,Cn1c(C#N)ccc1C1=C(c2ccc(C#N)n2C)C(=O)c2ncccc2C1=O,,1.62
train,2744,RQZFEBCGOIOYJO-UHFFFAOYSA-N,CC(O)=Nc1cnc(C2=C(c3ncc(N=C(C)O)cn3)C(=O)c3nc(C#N)cnc3C2=O)nc1,,1.93
train,5371,TWKMMEUOWMEEGQ-UHFFFAOYSA,CC1(C)c2cc(-c3ccc(-c4cc[nH]c4)cc3)ccc2N(c2ccc(-c3cc[nH]c3)cc2)c2ccc(-c3ccc(-c4cc[nH]c4)cc3)cc21,,0.5
train,2643,RFIBCDFPCCLFMM-XGICHPGQSA-N,COc1ccnc2c1C(=O)C(C=N)=CC2=O,,2.7
train,1823,LWPRVFNABVKNHZ-UHFFFAOYSA-N,CC(O)=Nc1cnc(C2=C(c3ncc(N=C(C)O)cn3)C(=O)c3c(C#N)cc(C#N)nc3C2=O)nc1,,1.99
train,2172,NNJRNMYNRWKTIL-UHFFFAOYSA-N,COc1nnc(C2=C(c3nnc(OC)nn3)C(=O)c3c(C#N)ccnc3C2=O)nn1,,2.42
train,4612,OUBRODLHRFODCR-UHFFFAOYSA-N,N#Cc1cc(-c2nnc(OC(F)(F)F)nn2)c(C#N)c(-c2nnc(OC(F)(F)F)nn2)c1,,2.7
train,2537,PGPMCAQAZQBQRG-UHFFFAOYSA-N,COc1ccc2c(n1)C(=O)C=C(c1cnc(N(C)C)[nH]1)C2=O,,0.86
train,1613,KGYTYKAISITDEQ-UHFFFAOYSA-N,N#Cc1cc2c(nc1C#N)C(=O)C=C(c1cnc(O)[nH]1)C2=O,,1.66
train,4830,UPFQSHJPTCTYHG-VHXPQNKSSA-N,Cc1ccc(-c2ccc(N=Nc3ccc(-c4ccc(C)cc4)s3)s2)cc1,,0.73
train,420,COMOUENVMFYBCL-UHFFFAOYSA-N,COc1nc2c(nc1OC)C(=O)C(c1nc(Cl)cs1)=C(c1nc(Cl)cs1)C2=O,,1.86
train,3490,XIEUAKXZEUAFPC-UHFFFAOYSA-N,COc1ccc(C2=C(c3ccc(OC)n3C=O)C(=O)c3nc(C#N)cnc3C2=O)n1C=O,,1.05
train,2325,OIOSSTAKSGFQCH-UHFFFAOYSA-N,Cn1c(Cl)ccc1C1=CC(=O)c2nc(C#N)c(C#N)nc2C1=O,,1.6
train,3805,ZJYPOLDRRNWNRB-UHFFFAOYSA-N,N#Cc1cnc2c(c1C#N)C(=O)C(n1cc(S)c3ccccc31)=C(n1cc(S)c3ccccc31)C2=O,,1.11
train,2074,NBXPRKRFTUHFER-UHFFFAOYSA-N,COc1cnc2c(n1)C(=O)C(C#C[N+](=O)[O-])=CC2=O,,2.92
train,5021,YQIKJLLDZVYCCL-UHFFFAOYSA-N,FC(F)(F)c1csc(C2(C(F)(F)F)N=N2)n1,,2.86
train,3114,VAELTIRBCPLHCL-UHFFFAOYSA-N,N#Cc1ccnc2c1C(=O)C(C#C[N+](=O)[O-])=CC2=O,,3.52
train,1974,MPQMBHAPJCFIAX-UHFFFAOYSA-N,N#Cc1ccnc2c1C(=O)C(c1ccc(Cl)n1C=O)=C(c1ccc(Cl)n1C=O)C2=O,,1.62
train,1365,JFENGLGWRMKYLK-UHFFFAOYSA-N,C=CC1=C(C=C)C(=O)c2nc(C#N)cnc2C1=O,,2.18
train,4644,PPIRZLJGRZUALY-DQRAZIAOSA-N,Sc1ccc(-c2ccc(N=Nc3ccc(-c4ccc(S)cc4)s3)s2)cc1,,0.68
train,3332,WOZPCLRJEGEPCQ-UHFFFAOYSA-N,C#CC1=C(C#C)C(=O)c2nc(OC)cnc2C1=O,,2.59
train,4089,FEKXJSXJFBVHGA-UHFFFAOYSA-N,N#Cc1cc(-c2ccc([N+](=O)[O-])s2)c(C#N)c(-c2ccc([N+](=O)[O-])s2)c1,,-0.24
train,2054,MZKUZKTZCPPIRZ-UHFFFAOYSA-N,N#CC1=CC=C(C2=CC(=O)c3nccc(C#N)c3C2=O)S1(=O)=O,,2.99
train,5198,ROWHVLNZWYTUJH-UHFFFAOYSA,O=[N+]([O-])c1nnc(N2c3ccccc3N(c3ccnc([N+](=O)[O-])n3)c3ccccc32)nn1,,1.6
train,4448,LLYCNQVCLWMGFP-FLWNBWAVSA-N,FC(F)(F)c1cnc(-c2ccc(N=Nc3ccc(-c4ncc(C(F)(F)F)o4)cc3)cc2)o1,,1.55
train,289,BWMJQOQRHRJDDK-UHFFFAOYSA-N,COc1cnc2c(n1)C(=O)C=C(n1cc(C(F)(F)F)nn1)C2=O,,2.93
train,1865,MBTWWEDCHHLYOG-UHFFFAOYSA-N,CC(O)=Nc1cn(C2=C(n3cc(N=C(C)O)nn3)C(=O)c3nccnc3C2=O)nn1,,1.92
train,263,BTKLTQZRUAGYNB-UHFFFAOYSA-N,N#Cc1cnc2c(n1)C(=O)C(c1ccc(Cl)[nH]1)=CC2=O,,1.57
train,5050,ZCGJCECGLFKXDQ-UHFFFAOYSA-N,FC(F)(F)Oc1nnc(C2(OC(F)(F)F)N=N2)nn1,,2.97
train,1521,JWYGRDTUNWJZMJ-UHFFFAOYSA-N,COc1ccc2c(n1)C(=O)C=C(c1nc(C(F)(F)F)cs1)C2=O,,2.46
train,5130,QUAIPIYFUVBFJZ-UHFFFAOYSA,Sc1cc(N2c3ccccc3N(c3ccnc(Cl)n3)c3ccccc32)cs1,,0.65
train,2468,OZAIMDMOBURMCA-UHFFFAOYSA-N,Cc1c[nH]c(C2=C(c3cc(C)c[nH]3)C(=O)c3ncccc3C2=O)c1,,0.75
train,2602,QMNMSCIVSKTGMA-UHFFFAOYSA-N,COc1ccnc2c1C(=O)C=CC2=O,,2.8
train,2745,RRAQBFCOENHCRU-UHFFFAOYSA-N,N#Cc1ccc2c(n1)C(=O)C=C(c1ncc(O)cn1)C2=O,,2.54
train,3380,WVPOGUMEWXZHCA-GGWOSOGESA-N,O=C1C(C=CCl)=C(C=CCl)C(=O)c2ncccc21,,1.92
train,1716,LJIAAZXUIVGOEI-UHFFFAOYSA-N,CC(O)=NC1=CC=C(C2=C(C3=CC=C(N=C(C)O)C3)C(=O)c3ncc(C#N)cc3C2=O)C1,,0.59
train,4330,JJGDOQVCYJJRSB-UHFFFAOYSA-N,N#Cc1ccc(-c2ccc3c(c2)C(=O)c2cc(-c4ccc(C#N)cn4)ccc2C3=O)nc1,,2.5
train,2500,PCRLKSDUFLQRIT-UHFFFAOYSA-N,COc1ncc(C2=CC(=O)c3nc(C#N)cnc3C2=O)[nH]1,,1.53
train,5190,OQBNINRXAAQPFY-KTKRTIGZSA,OCN1c2ccccc2N(/C=C\S)c2ccccc21,,0.37
train,4333,JOAPSDZSESAMGR-UHFFFAOYSA-N,N#Cc1cc(-c2ccc(OC(F)(F)F)cc2)c(C#N)c(-c2ccc(OC(F)(F)F)cc2)c1,,-0.95
train,4514,MVIZPPNIWQMMMN-FMQUCBEESA-N,c1ncc(-c2ccc(N=Nc3ccc(-c4cnc[nH]4)s3)s2)[nH]1,,0.77
train,2567,QJHIZZCFMMXNMH-CCAGOZQPSA-N,N#Cc1cnc2c(c1C#N)C(=O)C(C=CS)=C(C=CS)C2=O,,1.58
train,974,HIWUKFOYCGRXBZ-UHFFFAOYSA-N,N#Cc1cnc2c(c1)C(=O)C(n1cc([N+](=O)[O-])nn1)=C(n1cc([N+](=O)[O-])nn1)C2=O,,3.54
train,344,CEICWYNCYDIZCO-UHFFFAOYSA-N,CC#CC1=CC(=O)c2nc(C#N)ccc2C1=O,,2.74
train,5551,ZJEDTUHYAPBEOX-UHFFFAOYSA,Clc1sccc1N1c2ccccc2Sc2ccccc21,,0.73
train,4218,HLTHIYIGVAIKPD-UHFFFAOYSA-N,N#Cc1cc(-c2ccc([N+](=O)[O-])cc2)c(C#N)c(-c2ccc([N+](=O)[O-])cc2)c1,,2.78
train,792,GMBHYFXNLIFQDD-CPSFFCFKSA-N,CON=CC1=CC(=O)c2ncc(C#N)nc2C1=O,,2.73
train,662,FGHZBIFUPDVBBS-UHFFFAOYSA-N,N#Cc1c[nH]c(C2=C(c3cc(C#N)c[nH]3)C(=O)c3c(C#N)cc(C#N)nc3C2=O)c1,,1.65
train,4686,QOYMVVKSANORIM-FMQUCBEESA-N,Sc1c[nH]c(-c2ccc(N=Nc3ccc(-c4cc(S)c[nH]4)o3)o2)c1,,0.46
train,1479,JSIPMZCKXFURRI-UHFFFAOYSA-N,N#Cc1ccnc2c1C(=O)C(c1nnc(F)nn1)=CC2=O,,2.74
train,3378,WVGORWQKEYWVMW-UHFFFAOYSA-N,N#Cc1nc2c(nc1C#N)C(=O)C(C1=CC=CC1)=C(C1=CC=CC1)C2=O,,1.21
train,269,BUMWLBJBVXLJFO-UHFFFAOYSA-N,N#Cc1nc2c(nc1C#N)C(=O)C(c1cc(O)c[nH]1)=C(c1cc(O)c[nH]1)C2=O,,0.87
train,2223,NUFGSLYEBFVPEZ-UHFFFAOYSA-N,N#Cc1cc2c(nc1C#N)C(=O)C(c1ncc(O)s1)=C(c1ncc(O)s1)C2=O,,1.37
train,1646,KLLGKVIFFQGNKD-UHFFFAOYSA-N,N#Cc1cnc2c(c1)C(=O)C(c1ccc(OC(F)(F)F)cc1)=C(c1ccc(OC(F)(F)F)cc1)C2=O,,2.12
train,1324,IYZOYKCBOBIZPW-UHFFFAOYSA-N,CC(O)=Nc1cnc(C2=CC(=O)c3nc(C#N)ccc3C2=O)o1,,1.62
train,719,GAYTULZZIADGJR-UHFFFAOYSA-N,CC(O)=Nc1cn(C2=CC(=O)c3nccnc3C2=O)nn1,,2.04
train,3349,WQYASTVVGMPAIB-UHFFFAOYSA-N,COc1ccc(C2=C(c3ccc(OC)n3C=O)C(=O)c3c(C#N)ccnc3C2=O)n1C=O,,0.96
train,172,AVWXUDPNJHOXOT-UHFFFAOYSA-N,N#Cc1ccnc2c1C(=O)C(c1ccc(Cl)cc1)=CC2=O,,2.33
train,3309,WNAMSLNZXNCEQH-UHFFFAOYSA-N,N#Cc1cnc2c(n1)C(=O)C(c1ccc(O)cc1)=CC2=O,,1.93
train,5416,FMHDSMBOMBRAGA-UHFFFAOYSA,C=COCc1ccc2c(c1)oc(=O)c1c(-c3ccc(S)[nH]3)c3ccccc3cc12,,1.04
train,2382,OPNQBUMZTVYRSV-UHFFFAOYSA-N,COc1cnc2c(n1)C(=O)C=C(c1ccc([N+](=O)[O-])s1)C2=O,,2.55
train,5109,IMHYSLTVTNDCMV-VAWYXSNFSA,C#COCN1c2ccccc2N(/C=C/Cl)c2ccccc21,,0.56
train,4057,DMZYAVYCKNYTIZ-UCZXZSEYSA-N,FN=Cc1ccc(N=Nc2ccc(C=NF)s2)s1,,1.45
train,3192,VYVFVYWEGGFQBS-UHFFFAOYSA-N,N#Cc1cnc2c(n1)C(=O)C(c1ccc([N+](=O)[O-])cn1)=C(c1ccc([N+](=O)[O-])cn1)C2=O,,3.0
train,5337,DOZCXDFBPMXWJS-PLNGDYQASA,C/C=C\c1ccc(-c2ccc3c(c2)C(C)(C)c2cc(-c4ccc(-c5cc(Cl)[nH]n5)cc4)ccc2N3c2ccc(-c3csc(Cl)c3)cc2)cc1,,0.67
train,710,FMLRACLEXGYLAU-UHFFFAOYSA-N,N#Cc1nc2c(nc1C#N)C(=O)C(c1ccc[nH]1)=C(c1ccc[nH]1)C2=O,,0.91
train,1359,JEAVXLFRWOGKII-XQOBZHGLSA-N,CC(O)=NN=CC1=C(C=NN=C(C)O)C(=O)c2ncccc2C1=O,,1.92
train,876,GWEFSDUZDBTDMU-UHFFFAOYSA-N,Cn1c(OC(F)(F)F)ccc1C1=CC(=O)c2nc(C#N)c(C#N)cc2C1=O,,1.59
train,1567,KCBDVFNUXSKHLU-UHFFFAOYSA-N,COc1ccc(C2=CC(=O)c3ncccc3C2=O)cc1,,1.74
train,5278,ZQWJAGBLLGRETM-UHFFFAOYSA,CO[C]1=N[CH]C(=CN=1)n1c2ccccc2n(c2c1cccc2)[C]1C=CN=[C](=N1)OC,,0.57
train,1570,KCPMLYVNSWFBAA-UHFFFAOYSA-N,N#Cc1cc(C#N)c2c(n1)C(=O)C(c1nnc(F)nn1)=C(c1nnc(F)nn1)C2=O,,2.94
train,115,AOFODFGBWMNTPX-UHFFFAOYSA-N,C#CC1=C(C#C)C(=O)c2c(ncc(C#N)c2C#N)C1=O,,2.86
train,5313,SFZCCJBUYBMAGD-UHFFFAOYSA,CC1(C)c2cc(-c3ccc(-c4cccnc4)cc3)ccc2N(c2ccc(-c3cccnc3)cc2)c2ccc(-c3ccc(-c4cccnc4)cc3)cc21,,0.74
train,4351,JVZBYQGPMAXYPW-UHFFFAOYSA-N,Cc1ccc(C2(C)N=N2)nc1,,2.02
train,3255,WHBBCMZLJZQZLJ-UHFFFAOYSA-N,N#Cc1ccnc2c1C(=O)C(c1cnc[nH]1)=C(c1cnc[nH]1)C2=O,,1.5
train,4789,SZLVLSWMLQGDOT-VHXPQNKSSA-N,c1ccc(-c2ccc(N=Nc3ccc(-c4ccccn4)[nH]3)[nH]2)nc1,,0.17
train,1455,JPEXVQNVFJJTPY-UHFFFAOYSA-N,N#Cc1cnc2c(c1C#N)C(=O)C(n1ccnc1)=CC2=O,,2.26
train,4464,LXGCGIVMNVYDFR-DQRAZIAOSA-N,N#Cc1nnc(-c2ccc(N=Nc3ccc(-c4nnc(C#N)nn4)o3)o2)nn1,,1.72
train,1137,ICHWWCZXFGPRJY-UHFFFAOYSA-N,O=C1C(c2ccc(C(F)(F)F)cc2)=CC(=O)c2ncccc21,,2.65
train,833,GRPIFKOKJNQQMU-UHFFFAOYSA-N,CC1=CC=C(C2=C(C3=CC=C(C)S3(=O)=O)C(=O)c3nc(C#N)c(C#N)nc3C2=O)S1(=O)=O,,2.21
train,882,GWKMDQKMIAOZAF-UHFFFAOYSA-N,CN(C)c1ccc(C2=CC(=O)c3nc(C#N)c(C#N)nc3C2=O)cc1,,1.15
train,854,GTVZEYSHTCHZQL-UHFFFAOYSA-N,COc1nc2c(nc1OC)C(=O)C(c1nc(C(F)(F)F)cs1)=CC2=O,,2.27
train,67,AJFMAFVNTITFDG-UHFFFAOYSA-N,N#Cc1nc2c(nc1C#N)C(=O)C(c1ncc(O)s1)=C(c1ncc(O)s1)C2=O,,1.34
train,1691,KRAWBWFVSSDVSJ-UHFFFAOYSA-N,CN(C)c1c[nH]c(C2=CC(=O)c3nc(C#N)cnc3C2=O)c1,,0.72
train,3129,VBTOLQJJUBNDGG-UHFFFAOYSA-N,O=C1C(c2ncc([N+](=O)[O-])s2)=C(c2ncc([N+](=O)[O-])s2)C(=O)c2ncccc21,,2.65
train,5367,RDOFOABNEAYCBP-UHFFFAOYSA,CC1(C)c2cc(-c3ccc(-c4coc([N+](=O)[O-])c4)cc3)ccc2N(c2ccc(-c3csc(C#N)n3)cc2)c2ccc(-c3ccc(-c4coc(C#N)n4)cc3)cc21,,0.71
train,2965,UJSNJKOPLWPKEZ-UHFFFAOYSA-N,Cc1ccc(C2=C(c3ccc(C)cc3)C(=O)c3nc(C#N)ccc3C2=O)cc1,,1.71
train,990,HLHSJWWSIVXBMW-UHFFFAOYSA-N,O=C1C=C(c2ccc([N+](=O)[O-])o2)C(=O)c2nccnc21,,2.63
train,3394,WXBAARHRKIFBBU-UHFFFAOYSA-N,N#Cc1cnc2c(c1C#N)C(=O)C(c1ncc(C(F)(F)F)cn1)=C(c1ncc(C(F)(F)F)cn1)C2=O,,3.01
train,2436,OVQNLQFOZQMEMY-UHFFFAOYSA-N,O=C1C(c2ccco2)=C(c2ccco2)C(=O)c2nccnc21,,1.4
train,1016,HOQZDCXNDWOHDG-UHFFFAOYSA-N,CN(C)c1cnc(C2=C(c3ncc(N(C)C)cn3)C(=O)c3ncccc3C2=O)nc1,,1.3
train,516,DOEKUJBBKNKVJK-UHFFFAOYSA-N,N#Cc1cnc2c(c1)C(=O)C(n1ccnc1F)=C(n1ccnc1F)C2=O,,2.26
train,3941,AWZZBLPXDOHIMP-UHFFFAOYSA-N,FC(F)(F)c1cnc(C2(C(F)(F)F)N=N2)nc1,,3.61
train,1910,MGVRNKOHFKDPHD-UHFFFAOYSA-N,COc1cnc(C2=CC(=O)c3nc(OC)c(OC)nc3C2=O)s1,,1.56
train,818,GPPKOKNTMICUPA-UHFFFAOYSA-N,N#Cc1cc2c(nc1C#N)C(=O)C(c1ccc(C(F)(F)F)s1)=C(c1ccc(C(F)(F)F)s1)C2=O,,2.1
train,832,GRNTUXGZIJLROM-UHFFFAOYSA-N,N#Cc1cnc2c(c1)C(=O)C=CC2=O,,3.37
train,1581,KDTAKXYPRMXCJR-UHFFFAOYSA-N,COc1ccc(C2=CC(=O)c3nc(C#N)ccc3C2=O)n1C=O,,1.36
train,3788,ZHFSVXSSYAEQFX-UHFFFAOYSA-N,Cn1c(Cl)ccc1C1=CC(=O)c2ncc(C#N)c(C#N)c2C1=O,,1.58
train,440,CSODHMYPJRHKKC-UHFFFAOYSA-N,CC(O)=Nc1cnc(C2=CC(=O)c3nc(C#N)c(C#N)nc3C2=O)nc1,,2.02
train,3538,XMMZRGTUWWCRAY-UHFFFAOYSA-N,N#Cc1cc(C#N)c2c(n1)C(=O)C=C(c1nnc(Cl)nn1)C2=O,,2.62
train,1005,HNAOKBGDLQSZSF-UHFFFAOYSA-N,O=C1C(c2ccc(Cl)o2)=CC(=O)c2ncccc21,,1.82
train,5293,IYWKDNMVPZJDQA-UHFFFAOYSA,CC1(C)c2cc(-c3ccc(S)cc3)ccc2N(c2ccc(-c3ccc(S)o3)cc2)c2ccc(-c3ccc(-c4c[nH]c(S)c4)cc3)cc21,,0.64
train,2648,RGIKEPCZTUJXFU-UHFFFAOYSA-N,Cn1c(F)ccc1C1=C(c2ccc(F)n2C)C(=O)c2nc(C#N)c(C#N)cc2C1=O,,1.1
train,4655,PVXLYXAPAZOEHR-UHFFFAOYSA-N,N#Cc1cnc(-c2cc(C#N)cc(-c3ncc(C#N)cn3)c2C#N)nc1,,3.06
train,3897,ACQPYVKVSJDFCK-FMQUCBEESA-N,COc1cnc(-c2ccc(N=Nc3ccc(-c4ncc(OC)o4)o3)o2)o1,,0.8
train,4499,MPOJYXZSUDTMRQ-ISLYRVAYSA-N,c1coc(-c2ccc(N=Nc3ccc(-c4ccco4)o3)o2)c1,,0.68
train,3859,ZQTPKRWNJCECCS-UHFFFAOYSA-N,N#Cc1nc2c(nc1C#N)C(=O)C(C1=CC=CS1(=O)=O)=C(C1=CC=CS1(=O)=O)C2=O,,2.55
train,2459,OYITVMNHENHOSX-UHFFFAOYSA-N,N#Cc1cc(C#N)c2c(n1)C(=O)C(c1ncc(OC(F)(F)F)o1)=C(c1ncc(OC(F)(F)F)o1)C2=O,,2.15
train,5085,ZXIDXYPSBCTZOS-FMQUCBEESA-N,SC1=CC=C(c2ccc(N=Nc3ccc(C4=CC=C(S)C4)o3)o2)C1,,0.27
train,4032,DACAQZYSNNTWFH-VHXPQNKSSA-N,COc1coc(-c2ccc(N=Nc3ccc(-c4nc(OC)co4)cc3)cc2)n1,,1.27
train,4625,OZSJDRWCCCFCAT-UHFFFAOYSA-N,C=CC1N=N1,,2.26
train,5487,SZDYCIYYECJTJK-UHFFFAOYSA,C#CSc1ccc2c(c1)oc(=O)c1c(-c3csc(C(F)(F)F)c3)c3ccccc3cc12,,1.48
train,4468,LYSQFTJYHHSMNU-FMQUCBEESA-N,Cn1cccc1-c1ccc(N=Nc2ccc(-c3cccn3C)s2)s1,,0.53
train,4609,ORSJDHBHUQFCHD-UHFFFAOYSA-N,O=C1c2ccc(C3=CC=C(Cl)S3(=O)=O)cc2C(=O)c2cc(C3=CC=C(Cl)S3(=O)=O)ccc21,,2.18
train,2261,NZSXRSSOTNTGOC-UHFFFAOYSA-N,Cn1c(O)ccc1C1=CC(=O)c2ncccc2C1=O,,1.03
train,924,HBUIOVMJEBNBOI-BKJHARIUSA-N,N#Cc1cnc2c(c1)C(=O)C(C=NC(F)(F)F)=C(C=NC(F)(F)F)C2=O,,3.05
train,3796,ZINPUAIDCUZABX-UHFFFAOYSA-N,Cn1c(C#N)ccc1C1=CC(=O)c2nc(C#N)cnc2C1=O,,2.09
train,4475,MAILQVXLIVQIPS-DQRAZIAOSA-N,N#Cc1coc(-c2ccc(N=Nc3ccc(-c4nc(C#N)co4)s3)s2)n1,,1.31
train,4581,ODTIDXIHLUBMRA-UHFFFAOYSA-N,N#Cc1cc(-c2ncc(F)o2)c(C#N)c(-c2ncc(F)o2)c1,,-0.77
train,5294,KFXOTHHSQNDSMS-UHFFFAOYSA,CC1(C)c2cc(-c3ccc(-c4c[nH]c(OC(F)(F)F)c4)cc3)ccc2N(c2ccc(-c3ccc(OC(F)(F)F)[nH]3)cc2)c2ccc(-c3ccc(-c4ccc(S)[nH]4)cc3)cc21,,0.57
train,4588,OFWWCQVPJVJXDZ-FMQUCBEESA-N,Cc1cnc(-c2ccc(N=Nc3ccc(-c4ncc(C)o4)s3)s2)o1,,1.04
train,256,BSMJJDHRUSEVIV-UHFFFAOYSA-N,N#Cc1nc2c(nc1C#N)C(=O)C(c1ccc(O)o1)=CC2=O,,1.62
train,4974,XWCZLASPNZHQBK-UHFFFAOYSA-N,O=C1c2ccc(C3=CC=CS3(=O)=O)cc2C(=O)c2cc(C3=CC=CS3(=O)=O)ccc21,,2.26
train,3911,AGEDITIIUHHGKA-HUWOUMPJSA-N,ON=Cc1ccc(N=Nc2ccc(C=NO)s2)s1,,1.16
train,4584,OERXINNCVZOFPC-DQRAZIAOSA-N,N#Cc1cnc(-c2ccc(N=Nc3ccc(-c4ncc(C#N)s4)o3)o2)s1,,1.51
train,988,HLGDAHFDLNNZHY-UHFFFAOYSA-N,N#Cc1ccnc2c1C(=O)C(c1ccc(Cl)s1)=C(c1ccc(Cl)s1)C2=O,,1.63
train,4242,HWJWLMGQELRZQJ-QXMHVHEDSA-N,c1c[nH]c(N=Nc2ccc[nH]2)c1,,0.69
train,3833,ZNZOOXOIUFQCAG-UHFFFAOYSA-N,N#Cc1ccnc2c1C(=O)C(c1cnc([N+](=O)[O-])[nH]1)=C(c1cnc([N+](=O)[O-])[nH]1)C2=O,,2.4
train,4281,IJLZCBITTWMRKI-UHFFFAOYSA-N,Oc1ncc(C2(O)N=N2)[nH]1,,1.46
train,2447,OXFSMYPMCXIHIQ-UHFFFAOYSA-N,COc1ccc2c(n1)C(=O)C=C(c1nnc(C#N)nn1)C2=O,,2.66
train,3894,AABWABYCSVIRCD-UHFFFAOYSA-N,Cc1c[nH]c(-c2cc(C#N)cc(-c3cc(C)c[nH]3)c2C#N)c1,,-1.24
train,3414,WZCXWABPVSMRBQ-UHFFFAOYSA-N,CC(O)=Nc1cnc(C2=CC(=O)c3nc(C#N)cnc3C2=O)o1,,1.8
train,3665,YSKVTYIVSBEWIU-UHFFFAOYSA-N,N#Cc1cnc2c(n1)C(=O)C=C(c1ccc(S)cc1)C2=O,,1.82
train,4012,CKJXRRFMXGLFJE-KNOCWOPBSA-N,O=[N+]([O-])C=Cc1ccc(N=Nc2ccc(C=C[N+](=O)[O-])s2)s1,,1.43
train,1867,MBYQWKJRVHOIQG-UHFFFAOYSA-N,N#Cc1cc2c(nc1C#N)C(=O)C(c1ccc(OC(F)(F)F)n1C=O)=C(c1ccc(OC(F)(F)F)n1C=O)C2=O,,1.63
train,525,DOUHOSYXVRXGIP-UHFFFAOYSA-N,COc1ccc2c(n1)C(=O)C=C(c1nc(O)co1)C2=O,,1.88
train,5475,QGNPZGHOBPZJCO-UHFFFAOYSA,O=c1oc2cc(-c3cccc(C(F)(F)F)n3)ccc2c2cc3ccccc3c(-c3ccc(F)[nH]3)c12,,1.16
train,4566,NXTDUJHUOIEOGF-UHFFFAOYSA-N,FC(F)(F)Oc1ccc(C2(OC(F)(F)F)N=N2)o1,,2.03
train,424,CPFUKRSNBVVWJQ-UHFFFAOYSA-N,N#Cc1cnc2c(n1)C(=O)C=C(c1ncc(Cl)o1)C2=O,,2.39
train,1881,MDMOQAYLUURHEY-UHFFFAOYSA-N,N#Cc1ccc2c(n1)C(=O)C(c1nncnn1)=C(c1nncnn1)C2=O,,2.56
train,4754,SBFXMFFMTNYNLA-QURGRASLSA-N,FC(F)(F)Oc1nnc(-c2ccc(N=Nc3ccc(-c4nnc(OC(F)(F)F)nn4)o3)o2)nn1,,1.64
train,2355,OLOOZFZBCFYWNQ-DUXPYHPUSA-N,COc1ccnc2c1C(=O)C(C=CCl)=CC2=O,,2.32
train,877,GWESHUIYXIUNOZ-UHFFFAOYSA-N,N#Cc1ccnc2c1C(=O)C(n1ccnc1C(F)(F)F)=C(n1ccnc1C(F)(F)F)C2=O,,2.82
train,2706,RMILJPWBHJKULG-UHFFFAOYSA-N,Cc1ncc(C2=C(c3cnc(C)[nH]3)C(=O)c3c(C#N)ccnc3C2=O)[nH]1,,1.22
train,905,GZEZAZALQMITJJ-UHFFFAOYSA-N,CC(O)=Nc1csc(C2=C(c3nc(N=C(C)O)cs3)C(=O)c3nc(C#N)ccc3C2=O)n1,,1.47
train,5479,RRFBYPMPECVTDN-UHFFFAOYSA,C=CSc1ccc2c(c1)oc(=O)c1c(-c3cnc([N+](=O)[O-])nc3)c3ccccc3cc12,,1.52
train,3070,UVQMBKDSAASDGB-UHFFFAOYSA-N,N#Cc1ccc2c(n1)C(=O)C=C(c1ncc(Cl)cn1)C2=O,,2.71
train,2131,NIONUSLSYWXUAA-ONEGZZNKSA-N,CC=CC1=CC(=O)c2nccc(OC)c2C1=O,,2.08
train,2077,NCBBBIOIPIHMLS-UHFFFAOYSA-N,N#Cc1ccc2c(n1)C(=O)C(c1ccc(O)n1C=O)=C(c1ccc(O)n1C=O)C2=O,,0.97
train,2085,NCXZECUYQMRZEH-UHFFFAOYSA-N,Cn1c(C2=CC(=O)c3nc(C#N)cnc3C2=O)ccc1C(F)(F)F,,2.07
train,3324,WOAINRLWCZRGRK-UHFFFAOYSA-N,N#Cc1cnc2c(c1)C(=O)C(c1ncccn1)=C(c1ncccn1)C2=O,,2.64
train,2906,SJOHCJORSXLNLG-UHFFFAOYSA-N,COc1ccnc2c1C(=O)C(c1cc(C)c[nH]1)=CC2=O,,1.2
train,2487,PAUAJPNJOMCOKO-UHFFFAOYSA-N,N#Cc1cnc2c(n1)C(=O)C=C(c1ccc(OC(F)(F)F)[nH]1)C2=O,,1.62
train,5347,HNKUIDUPJSIIGQ-FMQUCBEESA,CC1(C)c2cc(-c3ccc(-c4coc(Cl)c4)cc3)ccc2N(c2ccc(/C=C/[N+](=O)[O-])cc2)c2ccc(-c3ccc(-c4csc(C#N)c4)cc3)cc21,,1.16
train,1930,MJLULZJCXLPOSH-UHFFFAOYSA-N,COc1nc2c(nc1OC)C(=O)C(c1ncc(OC(F)(F)F)cn1)=C(c1ncc(OC(F)(F)F)cn1)C2=O,,2.4
train,2116,NHAHCXKRHHBCRO-UHFFFAOYSA-N,N#Cc1cnc2c(c1C#N)C(=O)C(c1cccs1)=CC2=O,,2.11
train,4358,JXYBLMIQLNTGAY-ISLYRVAYSA-N,O=S1(=O)C(S)=CC=C1c1ccc(N=Nc2ccc(C3=CC=C(S)S3(=O)=O)o2)o1,,0.93
train,2003,MTRKRSVYFWEHNQ-UHFFFAOYSA-N,COc1cnc2c(c1)C(=O)C(c1ncco1)=CC2=O,,2.29
train,1440,JMWOWGSRRAPVFX-UHFFFAOYSA-N,O=C1C(c2ccc(O)[nH]2)=CC(=O)c2ncccc21,,1.1
train,3754,ZDMITIZZLLNEMN-UHFFFAOYSA-N,COc1nc2c(nc1OC)C(=O)C(c1ncc(O)o1)=C(c1ncc(O)o1)C2=O,,1.44
train,2286,ODFAIUZQDQPXQG-UHFFFAOYSA-N,COc1cnc2c(c1)C(=O)C(C1=CC=C(Cl)C1)=CC2=O,,1.52
train,431,CQIIDRATRBGWEC-UHFFFAOYSA-N,CC(O)=NC1=CC=C(C2=C(C3=CC=C(N=C(C)O)S3(=O)=O)C(=O)c3ncc(C#N)cc3C2=O)S1(=O)=O,,1.52
train,4192,GWHNURGKSKSFOU-BYYHNAKLSA-N,FC(F)(F)Oc1coc(-c2ccc(N=Nc3ccc(-c4nc(OC(F)(F)F)co4)[nH]3)[nH]2)n1,,0.9
train,2617,QONBPVIQOLGVMR-UHFFFAOYSA-N,N#Cc1cnc2c(c1C#N)C(=O)C(n1cc(Cl)c3ccccc31)=CC2=O,,1.6
train,3155,VEBGLBZEKIDLMY-UHFFFAOYSA-N,CN(C)C#CC1=CC(=O)c2nc(C#N)cnc2C1=O,,1.56
train,3900,ADKRDEGKLBNGBG-UHFFFAOYSA-N,N#Cc1c[nH]c(-c2ccc3c(c2)C(=O)c2cc(-c4cc(C#N)c[nH]4)ccc2C3=O)c1,,1.71
train,386,CJCYCKTUZRTPGA-UHFFFAOYSA-N,Cn1c(Cl)ccc1C1=CC(=O)c2nccnc2C1=O,,1.51
train,923,HBKSWLWBHZOXIV-UHFFFAOYSA-N,Cc1coc(C2=C(c3nc(C)co3)C(=O)c3nc(C#N)cnc3C2=O)n1,,1.95
train,3890,ZTQOBBRKOKJJFR-UHFFFAOYSA-N,COc1ccnc2c1C(=O)C(c1ncc(C#N)cn1)=CC2=O,,2.56
train,1540,JZDRQGLCEAYYDB-OPPBMVDHSA-N,COc1cnc2c(n1)C(=O)C(C=NN=C(C)O)=C(C=NN=C(C)O)C2=O,,0.78
train,4798,TZEXZMIFWXRMMV-UHFFFAOYSA-N,COc1cnc(-c2cc(C#N)cc(-c3ncc(OC)o3)c2C#N)o1,,-1.06
train,4661,PZBQQGVJESPBJZ-FMQUCBEESA-N,COC1=CC=C(c2ccc(N=Nc3ccc(C4=CC=C(OC)S4(=O)=O)s3)s2)S1(=O)=O,,0.98
train,572,DUTQLABIMRHSGV-UHFFFAOYSA-N,COc1ccnc2c1C(=O)C(C1=CC=C(OC(F)(F)F)S1(=O)=O)=CC2=O,,2.41
train,697,FKRZFMCUWLMXMM-UHFFFAOYSA-N,CC1=CC=C(C2=C(C3=CC=C(C)S3(=O)=O)C(=O)c3nccnc3C2=O)S1(=O)=O,,2.12
train,4465,LXHXWLVOOIBPLU-UHFFFAOYSA-N,Cc1ccc(C2(C)N=N2)cc1,,1.71
train,4279,IIQVBUCCEGCTSH-UHFFFAOYSA-N,N#Cc1ccc(-c2cc(C#N)cc(-c3ccc(C#N)cn3)c2C#N)nc1,,-0.63
train,4388,KKOZKWZUDPEEOI-UHFFFAOYSA-N,N#Cc1cc(-c2ncco2)c(C#N)c(-c2ncco2)c1,,-0.79
train,5048,ZCCJIBBNUAQCGM-UHFFFAOYSA-N,Cn1c(C#N)ccc1C1(C#N)N=N1,,2.11
train,4977,XXDRXMCRUPICEB-UHFFFAOYSA-N,COc1csc(-c2cc(C#N)cc(-c3nc(OC)cs3)c2C#N)n1,,1.59
train,2233,NWMPHPPAZLDEMU-UHFFFAOYSA-N,CN(C)C1=CC=C(C2=C(C3=CC=C(N(C)C)C3)C(=O)c3nc(C#N)cnc3C2=O)C1,,-0.08
train,2578,QKQDYGJJORDDJD-UHFFFAOYSA-N,N#Cc1cc2c(nc1C#N)C(=O)C=C(C1=CC=CC1)C2=O,,1.71
train,939,HDJWLOKTTHZDNU-UHFFFAOYSA-N,N#Cc1cnc2c(n1)C(=O)C=C(C1=CC=C(F)C1)C2=O,,1.75
train,1376,JGTYOVJENKRIQJ-UHFFFAOYSA-N,Cn1c(C#N)ccc1C1=C(c2ccc(C#N)n2C)C(=O)c2nc(C#N)c(C#N)nc2C1=O,,1.88
train,3952,BBCYNIFNXFFIJX-UHFFFAOYSA-N,Cc1ncc(-c2cc(C#N)cc(-c3cnc(C)[nH]3)c2C#N)[nH]1,,-1.03
train,4637,PMQNRRVPLPHKKT-ISLYRVAYSA-N,Oc1ccc(-c2ccc(N=Nc3ccc(-c4ccc(O)o4)s3)s2)o1,,0.43
train,2609,QNKLGAKBDOVKPA-UHFFFAOYSA-N,N#Cc1cnc2c(c1C#N)C(=O)C(c1ccc(OC(F)(F)F)[nH]1)=C(c1ccc(OC(F)(F)F)[nH]1)C2=O,,1.07
train,5080,ZUECWXCYNJQNPR-UHFFFAOYSA-N,Cn1c(-c2cc(C#N)cc(-c3ccc(C(F)(F)F)n3C)c2C#N)ccc1C(F)(F)F,,2.28
train,4780,STSDHBSEFGFSLT-VHXPQNKSSA-N,Clc1ccc(-c2ccc(N=Nc3ccc(-c4ccc(Cl)cn4)s3)s2)nc1,,1.01
train,4296,IQKAFPWKNIEWIW-VHXPQNKSSA-N,COC1=CC=C(c2ccc(N=Nc3ccc(C4=CC=C(OC)S4(=O)=O)cc3)cc2)S1(=O)=O,,1.24
train,4745,RWHANBNXQPOEOY-UHFFFAOYSA-N,FC(F)(F)Oc1coc(C2(OC(F)(F)F)N=N2)n1,,2.54
train,3259,WHQUMCPLJHQLFO-UHFFFAOYSA-N,O=C1C(c2ccc([N+](=O)[O-])[nH]2)=C(c2ccc([N+](=O)[O-])[nH]2)C(=O)c2ncccc21,,1.78
train,4396,KNPWZQXKAVQUKT-VXPUYCOJSA-N,c1nnc(-c2ccc(N=Nc3ccc(-c4nncnn4)[nH]3)[nH]2)nn1,,0.65
train,3590,XURJNZCAYAYFMV-UHFFFAOYSA-N,N#Cc1cc(C#N)c2c(n1)C(=O)C(c1ccc(Cl)cn1)=C(c1ccc(Cl)cn1)C2=O,,2.36
train,1257,IQVTUHXBVBTLMC-UHFFFAOYSA-N,N#Cc1cc(C#N)c2c(n1)C(=O)C(c1cnc(OC(F)(F)F)[nH]1)=C(c1cnc(OC(F)(F)F)[nH]1)C2=O,,1.64
train,3217,WCTVKMMDZKIELQ-UHFFFAOYSA-N,COC1=CC=C(C2=CC(=O)c3ncc(C#N)cc3C2=O)S1(=O)=O,,2.07
train,1283,IUCMKULCLIIEIV-UHFFFAOYSA-N,O=C1C(c2cc(F)c[nH]2)=CC(=O)c2ncccc21,,1.51
train,4115,FQGZIJRZZHHLSR-UHFFFAOYSA-N,FC(F)(F)Oc1ccc(C2(OC(F)(F)F)N=N2)cc1,,2.43
train,4569,NYXJUXLBFPWZBV-JVHCSDPSSA-N,ClN=Cc1ccc2ccc3c4ccc5ccc(C=NCl)c6ccc(c7ccc1c2c37)c4c56,,0.84
train,1991,MSEDHVGRHFJBFO-UHFFFAOYSA-N,N#Cc1cnc2c(c1C#N)C(=O)C(n1cc(O)c3ccccc31)=C(n1cc(O)c3ccccc31)C2=O,,1.14
train,1304,IVTPREBQXIEKPA-UHFFFAOYSA-N,CN(C)c1ccc(C2=C(c3ccc(N(C)C)cc3)C(=O)c3ncc(C#N)cc3C2=O)cc1,,0.77
train,5307,PTICOKLIWMQKLP-UHFFFAOYSA,COc1ccc(-c2ccc3c(c2)C(C)(C)c2cc(-c4ccc(-c5ccc(OC(F)(F)F)[nH]5)cc4)ccc2N3c2ccccc2)cc1,,0.59
train,3180,VXMCVAGAHKUYRG-UHFFFAOYSA-N,N#Cc1nc2c(nc1C#N)C(=O)C(n1cc(S)c3ccccc31)=CC2=O,,1.3
train,1783,LSKPUOVNTNOKRI-UHFFFAOYSA-N,COc1ccc(C2=CC(=O)c3nc(C#N)c(C#N)cc3C2=O)[nH]1,,1.21
train,4509,MTPLHRKRPUCSNW-ISLYRVAYSA-N,O=S1(=O)C(O)=CC=C1c1ccc(N=Nc2ccc(C3=CC=C(O)S3(=O)=O)o2)o1,,0.95
train,4524,MYZZDPQANNNJDA-DQRAZIAOSA-N,Oc1ccc(-c2ccc(N=Nc3ccc(-c4ccc(O)cc4)s3)s2)cc1,,0.61
train,679,FINNWNZGOMCFKF-UHFFFAOYSA-N,N#Cc1ccnc2c1C(=O)C(c1ccc(S)[nH]1)=CC2=O,,1.21
train,3570,XRESMAPOCDXYAU-UHFFFAOYSA-N,O=C1C(n2ccnc2)=C(n2ccnc2)C(=O)c2ncccc21,,2.15
train,3991,BWLSTGTZFYPSFZ-BYYHNAKLSA-N,FC(F)(F)Oc1ncc(-c2ccc(N=Nc3ccc(-c4cnc(OC(F)(F)F)[nH]4)s3)s2)[nH]1,,0.79
train,4945,XEMSEOUSOFZWHP-UHFFFAOYSA-N,O=[N+]([O-])c1ccc(C2([N+](=O)[O-])N=N2)[nH]1,,2.58
train,1384,JHMFIQYJLXXUKP-RQOWECAXSA-N,N#Cc1ccnc2c1C(=O)C(C=COC(F)(F)F)=CC2=O,,2.66
train,5372,UGMQPHKVEQCTHM-UHFFFAOYSA,Cc1cc(-c2ccc(-c3ccc4c(c3)C(C)(C)c3cc(-c5ccc(C#CC#N)cc5)ccc3N4c3ccc(-c4csc(F)c4)cc3)cc2)cn1C=O,,0.74
train,949,HELXKOFURXLWTC-UHFFFAOYSA-N,COc1ccnc2c1C(=O)C(c1ccc(OC(F)(F)F)cc1)=CC2=O,,2.28
train,5011,YKDUPHHQPBVMRT-QVIHXGFCSA-N,FC(F)(F)Oc1ncc(-c2ccc(N=Nc3ccc(-c4cnc(OC(F)(F)F)[nH]4)[nH]3)[nH]2)[nH]1,,0.44
train,1926,MJEGPTUIMZNBOJ-UHFFFAOYSA-N,Cc1csc(C2=CC(=O)c3nc(C#N)c(C#N)cc3C2=O)n1,,2.11
train,3579,XSIGRLTWSLHDEB-UHFFFAOYSA-N,N#Cc1cnc2c(n1)C(=O)C=C(c1ccc(F)s1)C2=O,,2.04
train,689,FJQXHIQFASNUET-UHFFFAOYSA-N,COc1ccnc2c1C(=O)C(c1ncc(OC(F)(F)F)cn1)=CC2=O,,2.53
train,1300,IVRLVGVLIBLOSH-UHFFFAOYSA-N,COc1cnc2c(n1)C(=O)C(c1nc(O)co1)=CC2=O,,1.89
train,3263,WIBVUHIILKZVSX-UHFFFAOYSA-N,CN(C)c1ccc(C2=CC(=O)c3nc(C#N)cnc3C2=O)n1C=O,,1.0
train,5013,YKOQPONUQQUCRK-UHFFFAOYSA-N,N#Cc1cc(-c2nc(C#N)co2)c(C#N)c(-c2nc(C#N)co2)c1,,-0.53
train,313,BYZJLSLBXHDAKF-UHFFFAOYSA-N,COc1ncc(C2=CC(=O)c3nc(C#N)cc(C#N)c3C2=O)[nH]1,,1.55
train,3834,ZOBWLPOVAYGOII-UHFFFAOYSA-N,N#Cc1cc(C#N)c2c(n1)C(=O)C(c1ncc([N+](=O)[O-])s1)=C(c1ncc([N+](=O)[O-])s1)C2=O,,2.78
train,2130,NIGDUZJEQZDBLI-HSFFGMMNSA-N,N#Cc1cc2c(nc1C#N)C(=O)C(C=CC(F)(F)F)=C(C=CC(F)(F)F)C2=O,,2.97
train,3472,XFNIWRNEJYDSMX-UHFFFAOYSA-N,N#CC#CC1=C(C#CC#N)C(=O)c2ncc(C#N)cc2C1=O,,3.35
train,4250,HZZWZHSJKXCSCR-UHFFFAOYSA-N,N#Cc1ccc(-c2ccc3c(c2)C(=O)c2cc(-c4ccc(C#N)[nH]4)ccc2C3=O)[nH]1,,1.85
train,1940,MLQSDEFVKHIDAJ-UHFFFAOYSA-N,COc1ccc2c(n1)C(=O)C=C(c1ccc([N+](=O)[O-])cn1)C2=O,,2.55
train,4645,PQFJIVGPYCGDAY-FMQUCBEESA-N,Cn1cccc1-c1ccc(N=Nc2ccc(-c3cccn3C)o2)o1,,0.31
train,3164,VEXOCXXLVOMECK-UHFFFAOYSA-N,N#Cc1cc(C#N)c2c(n1)C(=O)C=C(c1ccc(C(F)(F)F)[nH]1)C2=O,,2.13
train,2982,ULNSINBDFYEVAE-UHFFFAOYSA-N,COc1nc2c(nc1OC)C(=O)C(c1cnc(S)[nH]1)=C(c1cnc(S)[nH]1)C2=O,,1.14
train,2104,NFQLYMWCUPEXMD-UPHRSURJSA-N,N#Cc1cnc2c(c1)C(=O)C(C=CF)=CC2=O,,2.66
train,774,GINVNPRDAIISDK-UHFFFAOYSA-N,Cc1ccc(C2=C(c3ccc(C)o3)C(=O)c3nc(C#N)ccc3C2=O)o1,,1.04
train,5071,ZNRISTFCMGZZOK-OCEACIFDSA-N,Clc1c[nH]c(-c2ccc(N=Nc3ccc(-c4cc(Cl)c[nH]4)cc3)cc2)c1,,1.06
train,2741,RQQGAYZJWUWTTK-UHFFFAOYSA-N,Cc1ccc(C2=C(c3ccc(C)o3)C(=O)c3nc(C#N)cnc3C2=O)o1,,1.1
train,2247,NXPHITCLWCAAKV-UHFFFAOYSA-N,N#Cc1nc2c(nc1C#N)C(=O)C(c1cc([N+](=O)[O-])c[nH]1)=C(c1cc([N+](=O)[O-])c[nH]1)C2=O,,1.87
train,1171,IGMHSGMOKPCVSD-UHFFFAOYSA-N,N#Cc1ccnc2c1C(=O)C(c1nc([N+](=O)[O-])co1)=CC2=O,,3.05
train,4171,GPGFUTQRPIRKTC-DQRAZIAOSA-N,c1ccc(-c2ccc(N=Nc3ccc(-c4ccccc4)s3)s2)cc1,,0.78
train,2887,SHNDFXFSRFDSSO-UHFFFAOYSA-N,N#Cc1nc2c(nc1C#N)C(=O)C(c1ccc(C(F)(F)F)cc1)=C(c1ccc(C(F)(F)F)cc1)C2=O,,2.55
train,2310,OGRSAVHDYBFZRL-UHFFFAOYSA-N,COc1ccc(C2=CC(=O)c3ncc(C#N)nc3C2=O)cc1,,1.83
train,3190,VYQSAIXMRUKIKU-UHFFFAOYSA-N,COc1nccn1C1=C(n2ccnc2OC)C(=O)c2nccnc2C1=O,,1.6
train,5390,KNKWCBVXOGLUSA-UHFFFAOYSA,N#Cc1nccc(N2c3ccccc3Oc3ccccc32)n1,,1.08
train,1411,JKDVVGPRXMIWSR-UHFFFAOYSA-N,N#Cc1cnc2c(c1C#N)C(=O)C(C1=CC=CS1(=O)=O)=CC2=O,,2.82
train,3347,WQVSNENYRWCUSF-UHFFFAOYSA-N,N#Cc1cnc2c(n1)C(=O)C=C(c1cnc(Cl)[nH]1)C2=O,,1.97
train,10,ABNPIVAOOKHMEM-UHFFFAOYSA-N,N#Cc1nc2c(nc1C#N)C(=O)C(c1ccc(Cl)o1)=CC2=O,,2.02
train,5183,MEGKWVTVRCWFQN-UHFFFAOYSA,C#CN1c2ccccc2N(c2ccnc(F)n2)c2ccccc21,,0.88
train,981,HKQURDJORDMLSV-JMKAPJPZSA-N,N#Cc1nc2c(nc1C#N)C(=O)C(C=NOC(F)(F)F)=C(C=NOC(F)(F)F)C2=O,,3.48
train,4312,IYUCRYJFSPZXOM-DQRAZIAOSA-N,Sc1cnc(-c2ccc(N=Nc3ccc(-c4ncc(S)cn4)s3)s2)nc1,,1.02
train,5193,QINYKPXUSIORRP-UHFFFAOYSA,C#CON1c2ccccc2N(c2cnc([N+](=O)[O-])nc2)c2ccccc21,,1.31
train,2972,UKLRQAPMRSVSGU-UHFFFAOYSA-N,N#Cc1ccc2c(n1)C(=O)C(c1ccc(C#N)s1)=C(c1ccc(C#N)s1)C2=O,,2.2
train,2262,NZTAHXUTCQBPBA-UHFFFAOYSA-N,O=C1C(c2nc([N+](=O)[O-])cs2)=CC(=O)c2ncccc21,,2.75
train,4539,NFWVOZMCOXAAEW-DQRAZIAOSA-N,O=[N+]([O-])c1csc(-c2ccc(N=Nc3ccc(-c4nc([N+](=O)[O-])cs4)cc3)cc2)n1,,1.54
train,3557,XPRBMINHSDANPQ-UHFFFAOYSA-N,CC(O)=Nc1ccc(C2=CC(=O)c3nc(C#N)c(C#N)nc3C2=O)[nH]1,,1.18
train,2170,NNGOAZYXYPFZMQ-UHFFFAOYSA-N,COc1cnc2c(n1)C(=O)C=C(n1cc(F)nn1)C2=O,,2.84
train,2008,MUCZXDAGJAVEOT-UHFFFAOYSA-N,COc1ccc2c(n1)C(=O)C=C(C#CO)C2=O,,2.28
train,3302,WMKMESMQLMCTGQ-UHFFFAOYSA-N,O=C1C(C2=CC=C([N+](=O)[O-])C2)=CC(=O)c2ncccc21,,2.23
train,5025,YSBWCFBBMLISQO-OCEACIFDSA-N,N#Cc1ccc(-c2ccc(N=Nc3ccc(-c4ccc(C#N)cc4)s3)s2)cc1,,1.2
train,856,GTZLDGJTFJQDLV-UHFFFAOYSA-N,O=Cn1c(C2=CC(=O)c3nccnc3C2=O)ccc1[N+](=O)[O-],,2.56
train,2692,RLJDFWAACANWOA-UHFFFAOYSA-N,N#Cc1cnc2c(n1)C(=O)C(C#CCl)=CC2=O,,3.34
train,5069,ZMIIJKOYOYHKOC-UHFFFAOYSA-N,O=[N+]([O-])C1=CC=C(C2([N+](=O)[O-])N=N2)C1,,2.59
train,849,GTMIBPVJPOVOOL-BBAUMNPJSA-N,CN=CC1=C(C=NC)C(=O)c2nc(C#N)c(C#N)nc2C1=O,,2.0
train,4309,IXGVKNHJSRLNSB-OPCYYNASSA-N,N#Cc1cc(C=NF)c(C#N)c(C=NF)c1,,3.42
train,752,GFBYLYWRHZJETP-UHFFFAOYSA-N,COc1nc2c(nc1OC)C(=O)C(c1nc(C#N)cs1)=CC2=O,,2.44
train,1169,IFOYALDFAWJOGE-UHFFFAOYSA-N,N#Cc1ccc2c(n1)C(=O)C=C(c1cc(C(F)(F)F)c[nH]1)C2=O,,1.82
train,2807,RYNMUKGFKFSOLC-UHFFFAOYSA-N,CC(O)=Nc1cnc(C2=CC(=O)c3ncc(C#N)c(C#N)c3C2=O)nc1,,2.05
train,4286,INKGQOVRMNQBFH-UHFFFAOYSA-N,N#Cc1cc(-c2cnc[nH]2)c(C#N)c(-c2cnc[nH]2)c1,,-1.0
train,5389,CQYILVMLCUDVNW-UHFFFAOYSA,ON1c2ccccc2Oc2ccccc21,,0.74
train,1023,HPPYHLUNMGUUDV-UHFFFAOYSA-N,O=C1C(c2nc(F)co2)=C(c2nc(F)co2)C(=O)c2nccnc21,,2.23
train,2545,PHPIMLBRTNSBJY-UHFFFAOYSA-N,N#Cc1nc2c(nc1C#N)C(=O)C(c1cc(OC(F)(F)F)c[nH]1)=C(c1cc(OC(F)(F)F)c[nH]1)C2=O,,1.41
train,231,BPWDVYLMZGTMRY-UHFFFAOYSA-N,N#Cc1ccnc2c1C(=O)C(C1=CC=C(F)C1)=C(C1=CC=C(F)C1)C2=O,,1.11
train,2737,RQIRBGKIQYTVBN-UHFFFAOYSA-N,N#Cc1cc(C#N)c2c(n1)C(=O)C(c1ccc(O)n1C=O)=C(c1ccc(O)n1C=O)C2=O,,1.08
train,4552,NPMBDDMVXOOOEZ-UHFFFAOYSA-N,N#Cc1cc(-c2ccc(OC(F)(F)F)n2C=O)c(C#N)c(-c2ccc(OC(F)(F)F)n2C=O)c1,,1.98
train,1419,JLDKBUZPFGSXIA-UHFFFAOYSA-N,CC(O)=Nc1cnc(C2=CC(=O)c3nc(C#N)c(C#N)nc3C2=O)o1,,1.68
train,4573,NZROCRUBYJFUFL-UHFFFAOYSA-N,Oc1ccc(C2(O)N=N2)cc1,,1.7
train,2469,OZBDIVZFIHMEFF-UHFFFAOYSA-N,N#Cc1nc2c(nc1C#N)C(=O)C(c1nc(C(F)(F)F)cs1)=C(c1nc(C(F)(F)F)cs1)C2=O,,2.42
train,4723,RLSNCVUCZASIAX-DQRAZIAOSA-N,O=Cn1c(F)ccc1-c1ccc(N=Nc2ccc(-c3ccc(F)n3C=O)s2)s1,,0.11
train,1963,MOMYWLSQCUVJKG-UHFFFAOYSA-N,N#Cc1nccn1C1=C(n2ccnc2C#N)C(=O)c2ncccc2C1=O,,2.67
train,1069,HUXYNAKXUCNEHJ-UHFFFAOYSA-N,COc1nnc(C2=C(c3nnc(OC)nn3)C(=O)c3nc(C#N)c(C#N)cc3C2=O)nn1,,2.4
train,3984,BQGNCLPKYJEALV-UHFFFAOYSA-N,N#Cc1cc(-c2nc(C#N)cs2)c(C#N)c(-c2nc(C#N)cs2)c1,,-0.53
train,2709,RMQRCUJRCDKLNU-UHFFFAOYSA-N,N#Cc1ccnc2c1C(=O)C(c1nnc(Cl)nn1)=C(c1nnc(Cl)nn1)C2=O,,2.76
train,4139,FZDBLGZKYOIGAX-KQQUZDAGSA-N,O=C1c2ccc(C=CS)cc2C(=O)c2cc(C=CS)ccc21,,1.48
train,5485,SNQLEXIPYWQBIR-UHFFFAOYSA,O=c1oc2ccccc2c2cc3ccccc3c(C3=CS(=O)(=O)C(C(F)(F)F)=C3)c12,,1.73
train,1416,JKTCSXRZMVARMF-UHFFFAOYSA-N,COc1nnc(C2=C(c3nnc(OC)nn3)C(=O)c3nc(C#N)cnc3C2=O)nn1,,2.41
train,3907,AFHDJRYYPAMOJU-UHFFFAOYSA-N,O=C1c2ccc(-c3ccccn3)cc2C(=O)c2cc(-c3ccccn3)ccc21,,2.2
train,739,GDVKDPZPCULXSW-UHFFFAOYSA-N,N#Cc1nc2c(nc1C#N)C(=O)C(c1ncc([N+](=O)[O-])s1)=C(c1ncc([N+](=O)[O-])s1)C2=O,,2.82
train,1779,LSCBRAWPCCPDIS-UHFFFAOYSA-N,COc1cnc2c(n1)C(=O)C(c1nc(Cl)cs1)=C(c1nc(Cl)cs1)C2=O,,1.97
train,4902,WLVHCSKIOYXRPQ-UHFFFAOYSA-N,N#Cc1ccc(C2(C#N)N=N2)[nH]1,,2.16
train,2451,OXKVAQGYWGYRFE-UHFFFAOYSA-N,COc1nc2c(nc1OC)C(=O)C(n1cc(F)nn1)=C(n1cc(F)nn1)C2=O,,2.58
train,993,HLSYWGPNRGNYBC-ARJAWSKDSA-N,N#Cc1ccc2c(n1)C(=O)C=C(C=C[N+](=O)[O-])C2=O,,3.31
train,2394,OQLRWQNGERKBCT-UHFFFAOYSA-N,C=CC1=CC(=O)c2nc(C#N)cnc2C1=O,,2.73
train,4713,RDMDDIYCAZUQKH-FMQUCBEESA-N,Sc1c[nH]c(-c2ccc(N=Nc3ccc(-c4cc(S)c[nH]4)s3)s2)c1,,0.54
train,1181,IHYZONNXOHOLKZ-UHFFFAOYSA-N,N#Cc1cnc2c(n1)C(=O)C(c1nncnn1)=CC2=O,,2.47
train,5359,NOPLJLYAYDFBLU-UHFFFAOYSA,CC1(C)c2cc(-c3ccc(C#CCl)cc3)ccc2N(c2ccc(-c3coc(Cl)c3)cc2)c2ccc(-c3ccc(-c4cnc(F)o4)cc3)cc21,,0.74
train,4525,MZAJZFSNDKQOQC-FLWNBWAVSA-N,N#Cc1ccc(-c2ccc(N=Nc3ccc(-c4ccc(C#N)cn4)cc3)cc2)nc1,,1.48
train,2591,QLMKUSVQXFQTIA-SDQBBNPISA-N,CN=CC1=CC(=O)c2ncccc2C1=O,,2.13
train,3594,XUXVJOHRQQVTCY-HSFFGMMNSA-N,N#Cc1cc(C#N)c2c(n1)C(=O)C(C=COC(F)(F)F)=C(C=COC(F)(F)F)C2=O,,2.23
train,2561,QAMVRDPFKZPLNE-UHFFFAOYSA-N,O=C1C=C(c2ccc(C(F)(F)F)cc2)C(=O)c2nccnc21,,2.72
train,2320,OIDBSOQQYJQGLW-UHFFFAOYSA-N,O=C1C(c2nc(O)co2)=CC(=O)c2ncccc21,,1.91
train,5427,HTPKGABSXCZWDB-UHFFFAOYSA,O=c1oc2cc(O)ccc2c2cc3ccccc3c(C3=CS(=O)(=O)C([N+](=O)[O-])=C3)c12,,1.55
train,5237,IRGWKVPRZYENNL-UHFFFAOYSA,N#Cc1cc(N2c3ccccc3N(c3ccc(C#N)[nH]3)c3ccccc32)c[nH]1,,0.42
train,4914,WSAUYOSTHKNDPT-FMQUCBEESA-N,Cc1cnc(-c2ccc(N=Nc3ccc(-c4ncc(C)s4)s3)s2)s1,,0.98
train,2125,NHXKUGWQSIXELU-UHFFFAOYSA-N,COc1cnc2c(n1)C(=O)C(C#CC(F)(F)F)=CC2=O,,2.89
train,2595,QMBIGPYJJCXKSR-UHFFFAOYSA-N,N#Cc1ccnc2c1C(=O)C(c1nc(S)co1)=C(c1nc(S)co1)C2=O,,1.82
train,3267,WIMIWGGUPHHGOR-UHFFFAOYSA-N,O=Cn1c(O)ccc1C1=C(c2ccc(O)n2C=O)C(=O)c2nccnc2C1=O,,0.94
train,4268,IFYHNYKYIHTFJI-UHFFFAOYSA-N,O=C1c2ccc(-c3nc([N+](=O)[O-])co3)cc2C(=O)c2cc(-c3nc([N+](=O)[O-])co3)ccc21,,2.65
train,4909,WQDIPKCGQINSES-UHFFFAOYSA-N,N#Cc1cc(-c2nnc(C#N)nn2)c(C#N)c(-c2nnc(C#N)nn2)c1,,2.83
train,637,FCQZSNOFNZWQPJ-UHFFFAOYSA-N,O=C1C(n2ccnc2OC(F)(F)F)=C(n2ccnc2OC(F)(F)F)C(=O)c2ncccc21,,2.1
train,2370,ONGGIUJCKDXMNG-FZSIALSZSA-N,CN=CC1=CC(=O)c2ncc(C#N)c(C#N)c2C1=O,,2.44
train,3258,WHHOOMUFDAAFBJ-UHFFFAOYSA-N,Cn1c(F)ccc1C1=C(c2ccc(F)n2C)C(=O)c2nc(C#N)ccc2C1=O,,1.07
train,4063,DOZPJUPFZVZAKW-UHFFFAOYSA-N,N#Cc1cc(-c2ccc(F)o2)c(C#N)c(-c2ccc(F)o2)c1,,1.56
train,3485,XHWDQHOAYYSGBF-UHFFFAOYSA-N,COc1nc2c(nc1OC)C(=O)C(c1ncc(O)s1)=CC2=O,,1.66
train,2063,NAGRFIBLYQIMEP-UHFFFAOYSA-N,Cc1ccc(C2=CC(=O)c3nc(C#N)c(C#N)nc3C2=O)nc1,,2.48
train,2187,NOVCKBVHKSVEAD-UHFFFAOYSA-N,N#Cc1cc(C#N)c2c(n1)C(=O)C=C(c1cnc[nH]1)C2=O,,2.04
train,4876,VSDMXBXEQMWKHG-OCEACIFDSA-N,Fc1c[nH]c(-c2ccc(N=Nc3ccc(-c4cc(F)c[nH]4)cc3)cc2)c1,,1.03
train,308,BYNSYQDWFBGIEF-UHFFFAOYSA-N,O=C1C=C(c2nc(F)co2)C(=O)c2nccnc21,,2.41
train,5465,NZAKHLRKAPOMEV-UHFFFAOYSA,O=Cn1cc(-c2c3ccccc3cc3c2c(=O)oc2cc(-c4ccsc4C(F)(F)F)ccc23)cc1[N+](=O)[O-],,1.6
train,2593,QLVXDNJRCTYCLL-UHFFFAOYSA-N,N#Cc1nc2c(nc1C#N)C(=O)C(c1cccn1C=O)=CC2=O,,2.04
train,1374,JGRMZTLGIPBJCU-UHFFFAOYSA-N,CN(C)C#CC1=C(C#CN(C)C)C(=O)c2ncccc2C1=O,,0.71
train,1461,JQIGBJNFWXVDEM-OUQXQEBOSA-N,N#Cc1cc2c(nc1C#N)C(=O)C(C=NO)=C(C=NO)C2=O,,2.63
train,3094,UXRLGFPVHNJHAS-UHFFFAOYSA-N,N#Cc1cnc2c(c1)C(=O)C(c1ncc(C(F)(F)F)o1)=CC2=O,,2.92
train,3946,AYECXPYIIQPIDX-FMQUCBEESA-N,Sc1ncc(-c2ccc(N=Nc3ccc(-c4cnc(S)[nH]4)s3)s2)[nH]1,,0.68
train,1347,JCMJDDAGTRKCKB-NSCUHMNNSA-N,COc1cnc2c(c1)C(=O)C(C=C[N+](=O)[O-])=CC2=O,,2.55
train,3671,YSTMKCPAQWAEJF-UHFFFAOYSA-N,Cc1csc(C2=C(c3nc(C)cs3)C(=O)c3ncccc3C2=O)n1,,1.65
train,2923,SLOLTWBZYKJVQU-UHFFFAOYSA-N,N#Cc1cc(C#N)c2c(n1)C(=O)C(c1ccc([N+](=O)[O-])s1)=C(c1ccc([N+](=O)[O-])s1)C2=O,,2.39
train,847,GTFYCTXPMOSZHQ-UHFFFAOYSA-N,N#Cc1cnc2c(c1)C(=O)C(C1=CC=C(C(F)(F)F)S1(=O)=O)=C(C1=CC=C(C(F)(F)F)S1(=O)=O)C2=O,,2.88
train,1680,KQLXWUNUFYWXQD-UHFFFAOYSA-N,N#Cc1cnc2c(n1)C(=O)C(C#C[N+](=O)[O-])=C(C#C[N+](=O)[O-])C2=O,,3.52
train,2080,NCDKUPCVFHGYBJ-UHFFFAOYSA-N,COc1ccnc2c1C(=O)C(c1nncnn1)=CC2=O,,2.27
train,3368,WTTKODJBBKHXIZ-UHFFFAOYSA-N,O=C1C(c2ccc(C(F)(F)F)s2)=CC(=O)c2ncccc21,,2.22
train,1361,JELHMZGVRWBKRL-UHFFFAOYSA-N,Cn1c(S)ccc1C1=CC(=O)c2ncc(C#N)c(C#N)c2C1=O,,1.23
train,3692,YVVJFLPXKICPQU-UHFFFAOYSA-N,N#Cc1cnc2c(c1C#N)C(=O)C(c1cc(C(F)(F)F)c[nH]1)=CC2=O,,2.05
train,3564,XQHDWCAMYXRLOT-IHWYPQMZSA-N,COc1cnc2c(n1)C(=O)C(C=CC#N)=CC2=O,,2.75
train,1710,LIRBWRFTCDELGC-UHFFFAOYSA-N,N#Cc1cc2c(nc1C#N)C(=O)C=C(c1ccc(Cl)cn1)C2=O,,2.58
train,1818,LWFZHRWGZUHTEI-UHFFFAOYSA-N,COC1=CC=C(C2=CC(=O)c3nccnc3C2=O)S1(=O)=O,,1.97
train,597,DYOLLONXTUFUGG-UHFFFAOYSA-N,COc1cnc2c(c1)C(=O)C(c1nc(C)cs1)=CC2=O,,1.94
train,1692,KRIOJJFDFFWGMO-UHFFFAOYSA-N,N#CC#CC1=CC(=O)c2ncc(C#N)c(C#N)c2C1=O,,3.6
train,4190,GVVUIQWXEWFLHB-DQRAZIAOSA-N,COc1cnc(-c2ccc(N=Nc3ccc(-c4ncc(OC)o4)[nH]3)[nH]2)o1,,0.01
train,3181,VXMYNIFSLOYEIE-UHFFFAOYSA-N,N#Cc1cnc2c(n1)C(=O)C(c1ccc[nH]1)=C(c1ccc[nH]1)C2=O,,0.99
train,1161,IEXDZEXEVZKJES-IHWYPQMZSA-N,COC=CC1=CC(=O)c2nc(C#N)c(C#N)nc2C1=O,,1.95
train,2940,UGTDLMKYGGZUIM-UHFFFAOYSA-N,N#Cc1ccnc2c1C(=O)C(c1ccc(C(F)(F)F)cn1)=CC2=O,,2.93
train,4137,FYMRBULDMKUDIA-UHFFFAOYSA-N,N#Cc1cc(-c2nncnn2)c(C#N)c(-c2nncnn2)c1,,2.41
train,1383,JHLCPCHTVWUNPY-UHFFFAOYSA-N,N#Cc1cnc2c(n1)C(=O)C(c1cc([N+](=O)[O-])c[nH]1)=C(c1cc([N+](=O)[O-])c[nH]1)C2=O,,1.83
train,3861,ZQZFYHYVLKYCKH-UHFFFAOYSA-N,N#Cc1nc2c(nc1C#N)C(=O)C(C1=CC=C(F)S1(=O)=O)=C(C1=CC=C(F)S1(=O)=O)C2=O,,2.47
train,3435,XBVWELPBRFQZOS-UHFFFAOYSA-N,COc1cnc2c(n1)C(=O)C=C(C1=CC=C([N+](=O)[O-])C1)C2=O,,2.28
train,2736,RQHGVZPFJLBGPA-UHFFFAOYSA-N,COc1nc2c(nc1OC)C(=O)C(c1ccc([N+](=O)[O-])cn1)=C(c1ccc([N+](=O)[O-])cn1)C2=O,,2.43
train,3101,UYMOKPRQEHULRB-UHFFFAOYSA-N,O=C1C(c2ncc(OC(F)(F)F)cn2)=CC(=O)c2ncccc21,,2.67
train,2273,OBMJJMFVAHTVLZ-UHFFFAOYSA-N,COc1cn(C2=C(n3cc(OC)nn3)C(=O)c3c(C#N)ccnc3C2=O)nn1,,2.04
train,1935,MKJLIUAKCZIWII-UHFFFAOYSA-N,COc1cnc2c(n1)C(=O)C(c1nnc(C)nn1)=CC2=O,,2.15
train,3013,UOUPRGXYHVYYEM-UHFFFAOYSA-N,O=C1C(c2ncc(F)s2)=CC(=O)c2ncccc21,,2.18
train,5356,MUPZXOBCUAKSRZ-UACWCTJZSA,C/N=C/c1ccc(-c2ccc3c(c2)C(C)(C)c2cc(-c4ccc(-c5cc([N+](=O)[O-])[nH]n5)cc4)ccc2N3c2ccc(C#C[N+](=O)[O-])cc2)cc1,,1.26
train,1642,KKPVHNHNIOSLRK-UHFFFAOYSA-N,COc1cnc(C2=C(c3ncc(OC)cn3)C(=O)c3nc(OC)cnc3C2=O)nc1,,2.2
train,1224,INAPYIUUXNMJIO-UHFFFAOYSA-N,COc1ccnc2c1C(=O)C(c1ccc([N+](=O)[O-])cc1)=CC2=O,,2.78
train,4817,UJBZLGCKTGMOBR-UHFFFAOYSA-N,Cn1c([N+](=O)[O-])ccc1C1([N+](=O)[O-])N=N1,,2.65
train,4150,GEGLKSWHMRVSLU-ISLYRVAYSA-N,c1csc(-c2ccc(N=Nc3ccc(-c4nccs4)s3)s2)n1,,1.15
train,3982,BNYRCTWYHQXEKB-ISLYRVAYSA-N,Sc1cnc(-c2ccc(N=Nc3ccc(-c4ncc(S)s4)o3)o2)s1,,0.84
train,614,FARXVWSSAKXQLX-UHFFFAOYSA-N,CC(O)=Nc1c[nH]c(C2=CC(=O)c3ncc(C#N)cc3C2=O)c1,,1.18
train,4200,HBOYHZWBIROGJU-UHFFFAOYSA-N,CC1=CC=C(c2cc(C#N)cc(C3=CC=C(C)S3(=O)=O)c2C#N)S1(=O)=O,,2.33
train,3810,ZKKGBHHSRVQWLK-UHFFFAOYSA-N,N#Cc1ccc2c(n1)C(=O)C(c1ncc([N+](=O)[O-])o1)=C(c1ncc([N+](=O)[O-])o1)C2=O,,3.1
train,3246,WFNBHCCXKQRSIL-UHFFFAOYSA-N,CC(O)=Nc1cn(C2=CC(=O)c3nccnc3C2=O)c2ccccc12,,1.08
train,5450,LCVDPFIXBBYGQX-UHFFFAOYSA,O=c1oc2cc(-c3cccc(C(F)(F)F)c3)ccc2c2cc3ccccc3c(-c3coc(C(F)(F)F)c3)c12,,1.58
train,1402,JJINSXLHBAVUJU-UHFFFAOYSA-N,N#Cc1cc2c(nc1C#N)C(=O)C=C(c1ccc(Cl)cc1)C2=O,,2.38
train,1670,KOXGJQQZYYZKCV-UHFFFAOYSA-N,COc1ccnc2c1C(=O)C(c1ncc(N=C(C)O)o1)=CC2=O,,1.49
train,522,DOKMJHQXGCRVJQ-UHFFFAOYSA-N,Cc1ccc(C2=CC(=O)c3ncc(C#N)c(C#N)c3C2=O)n1C=O,,1.72
train,5256,QRJLWLZVHQEQIT-UHFFFAOYSA,Clc1cc(N2c3ccccc3N(c3ccc(Cl)[nH]3)c3ccccc32)c[nH]1,,0.28
train,1987,MQUVLYMMRFPBSF-UHFFFAOYSA-N,Cc1ccc(C2=C(c3ccc(C)n3C=O)C(=O)c3c(C#N)ccnc3C2=O)n1C=O,,1.25
train,2864,SEMUHBINQULPOA-UHFFFAOYSA-N,N#Cc1cc2c(nc1C#N)C(=O)C(c1ccc(Cl)cn1)=C(c1ccc(Cl)cn1)C2=O,,2.36
train,2895,SHZGNRZLWNDQAJ-UHFFFAOYSA-N,CN(C)c1c[nH]c(C2=CC(=O)c3nc(C#N)c(C#N)cc3C2=O)c1,,0.73
train,2749,RRLADWJDLZUOSI-UHFFFAOYSA-N,O=C1C(C#CC(F)(F)F)=C(C#CC(F)(F)F)C(=O)c2nccnc21,,3.21
train,2291,ODXKTYLAVAIUPX-UHFFFAOYSA-N,N#Cc1cc(C#N)c2c(n1)C(=O)C=C(C1=CC=CC1)C2=O,,1.7
train,1099,HXWGMPKIOJNGJF-UHFFFAOYSA-N,Cc1nccn1C1=C(n2ccnc2C)C(=O)c2ncccc2C1=O,,1.88
train,2099,NFAGQSRBEGZITD-UHFFFAOYSA-N,COc1ccc2c(n1)C(=O)C=C(c1cccn1C=O)C2=O,,1.89
train,2318,OHVMJYJKLMQBAJ-UHFFFAOYSA-N,N#Cc1cnc2c(n1)C(=O)C(c1ncc([N+](=O)[O-])o1)=CC2=O,,3.2
train,864,GVDOKKNMPMLMJI-UHFFFAOYSA-N,N#Cc1cc(C#N)c2c(n1)C(=O)C(c1cnc(Cl)[nH]1)=C(c1cnc(Cl)[nH]1)C2=O,,1.66
train,4562,NWTQWQBAWLAPQC-HNPZLRBASA-N,CN=Cc1ccc(N=Nc2ccc(C=NC)s2)s1,,1.31
train,5202,SUEXPVSPMINHJU-UHFFFAOYSA,O=[N+]([O-])c1cccc(N2c3ccccc3Nc3ccccc32)n1,,0.39
train,3107,UZIIVTCBBZRLPW-UHFFFAOYSA-N,N#Cc1cnc2c(n1)C(=O)C=C(n1ccnn1)C2=O,,2.96
train,4458,LTCXPFKODGCDGQ-QPLCGJKRSA-N,N#Cc1cnc(-c2ccc(N=Nc3ccc(-c4ncc(C#N)s4)cc3)cc2)s1,,1.59
train,1632,KJEJSRSMWSAHTK-UHFFFAOYSA-N,CN(C)c1cnc(C2=C(c3ncc(N(C)C)s3)C(=O)c3nc(C#N)c(C#N)cc3C2=O)s1,,0.69
train,2096,NEUSYGQRKWKEMU-UHFFFAOYSA-N,COc1cnc2c(n1)C(=O)C(c1ccc([N+](=O)[O-])[nH]1)=C(c1ccc([N+](=O)[O-])[nH]1)C2=O,,1.91
train,5090,ZYTPYKIUAUFVTI-BYYHNAKLSA-N,FC(F)(F)Oc1c[nH]c(-c2ccc(N=Nc3ccc(-c4cc(OC(F)(F)F)c[nH]4)o3)o2)c1,,0.66
train,1798,LUBKBHXXFFQPCC-UHFFFAOYSA-N,Cc1ccc(C2=CC(=O)c3ncc(C#N)c(C#N)c3C2=O)[nH]1,,1.44
train,3893,ZTVYVQHYYGIWFB-UHFFFAOYSA-N,N#Cc1cc2c(nc1C#N)C(=O)C(c1ccc([N+](=O)[O-])[nH]1)=C(c1ccc([N+](=O)[O-])[nH]1)C2=O,,2.04
train,2623,QPDRMEXBWOHFBK-UHFFFAOYSA-N,Cc1ccc(C2=CC(=O)c3nccc(C#N)c3C2=O)n1C=O,,1.69
train,5535,MUZOSNZPFDYGHI-UHFFFAOYSA,Oc1ncc(N2c3ccccc3Sc3ccccc32)o1,,0.94
train,1821,LWOHPYCGXSQOOR-UHFFFAOYSA-N,N#Cc1cnc2c(n1)C(=O)C(c1ccc(C#N)[nH]1)=CC2=O,,2.04
train,4211,HHJMACYXOVCELS-UHFFFAOYSA-N,Clc1ccc(C2(Cl)N=N2)[nH]1,,1.53
train,2682,RKQMQPTUXBKPAA-LFYBBSHMSA-N,COc1ccc2c(n1)C(=O)C=C(C=N[N+](=O)[O-])C2=O,,2.67
train,2614,QOFBCTQMTWYIQO-UHFFFAOYSA-N,COc1ccc2c(n1)C(=O)C=C(C#CN=C(C)O)C2=O,,1.99
train,1951,MNAHDZZGRBWDFL-UHFFFAOYSA-N,N#Cc1ccnc2c1C(=O)C(c1cccs1)=CC2=O,,1.94
train,5550,ZEGFNJFBYHSIFM-UHFFFAOYSA,N#Cc1ncc(N2c3ccccc3Sc3ccccc32)o1,,1.12
train,3020,UPOIUJJUBKVFAS-UHFFFAOYSA-N,N#Cc1cc(C#N)c2c(n1)C(=O)C(c1ccc(O)cn1)=C(c1ccc(O)cn1)C2=O,,1.85
train,3860,ZQWGBZQTTAKZGZ-UHFFFAOYSA-N,COc1cnc2c(c1)C(=O)C(C#CN(C)C)=CC2=O,,1.4
train,4835,USOZWLFFKKBOAI-UHFFFAOYSA-N,N#Cc1cc(-c2ccc(Cl)n2C=O)c(C#N)c(-c2ccc(Cl)n2C=O)c1,,-0.95
train,852,GTQFQWUGNSVFRJ-UHFFFAOYSA-N,N#Cc1cc2c(nc1C#N)C(=O)C(c1nc(Cl)cs1)=C(c1nc(Cl)cs1)C2=O,,2.05
train,3220,WCXWNRLMCZEWFH-UHFFFAOYSA-N,N#Cc1cnc2c(c1)C(=O)C(c1cnc(OC(F)(F)F)[nH]1)=CC2=O,,1.95
train,4826,UMJAUFVJNJCRFD-FMQUCBEESA-N,Fc1coc(-c2ccc(N=Nc3ccc(-c4nc(F)co4)s3)s2)n1,,1.3
train,350,CFGPSKNNRQCLTG-UHFFFAOYSA-N,COc1cnc2c(c1)C(=O)C(c1ccc(Cl)n1C)=CC2=O,,1.42
train,226,BPHVPUQLWIXWCZ-UHFFFAOYSA-N,COc1nc2c(nc1OC)C(=O)C(n1cc(Cl)nn1)=CC2=O,,2.36
train,673,FICJRGUSVFXTCY-UHFFFAOYSA-N,CC(O)=Nc1ccc(C2=C(c3ccc(N=C(C)O)cn3)C(=O)c3c(C#N)cc(C#N)nc3C2=O)nc1,,1.7
train,3901,ADNOQZQZUQQVRY-UHFFFAOYSA-N,CC1=CC=C(C2(C)N=N2)S1(=O)=O,,2.07
train,5045,ZAKRFRDSUVZKFH-UHFFFAOYSA-N,COc1cnc(-c2cc(C#N)cc(-c3ncc(OC)cn3)c2C#N)nc1,,-1.1
train,2788,RWJPMQJVYJXVFG-UHFFFAOYSA-N,COc1cnc2c(n1)C(=O)C=C(c1ncccn1)C2=O,,2.48
train,4544,NGYPRDGPTXUVCT-SFECMWDFSA-N,O=C1c2ccc(C=CO)cc2C(=O)c2cc(C=CO)ccc21,,1.61
train,3384,WVXZYHJOZIYPKX-UHFFFAOYSA-N,N#Cc1cnc2c(n1)C(=O)C=C(c1ncc(O)s1)C2=O,,1.82
train,921,HAXHJAJTCBMHIT-UHFFFAOYSA-N,N#Cc1csc(C2=CC(=O)c3ncccc3C2=O)n1,,2.57
train,1441,JNAQNVCGZAEJQV-UHFFFAOYSA-N,N#Cc1cnc2c(c1C#N)C(=O)C(c1ncc([N+](=O)[O-])cn1)=C(c1ncc([N+](=O)[O-])cn1)C2=O,,3.16
train,4805,UCLJIQXDFZZWRT-DQSJHHFOSA-N,FC(F)(F)Oc1ccc(-c2ccc(N=Nc3ccc(-c4ccc(OC(F)(F)F)o4)[nH]3)[nH]2)o1,,-0.28
train,4633,PGZGZMMUFGTCKT-UHFFFAOYSA-N,O=C1c2ccc(-c3cnc([N+](=O)[O-])[nH]3)cc2C(=O)c2cc(-c3cnc([N+](=O)[O-])[nH]3)ccc21,,2.26
train,661,FGEBSWLQCNBDTL-UHFFFAOYSA-N,O=C1C=C(C2=CC=C(F)C2)C(=O)c2nccnc21,,1.57
train,4039,DCXIMRSHMXAVHX-UHFFFAOYSA-N,c1ccc(C2N=N2)cc1,,2.06
train,2927,SLVGIBQTHMZPRJ-UHFFFAOYSA-N,COc1nccn1C1=CC(=O)c2ncc(C#N)c(C#N)c2C1=O,,1.65
train,5540,PRCUWBFSJFRYHF-UHFFFAOYSA,Clc1cccc(N2c3ccccc3Sc3ccccc32)c1,,0.67
train,3135,VCCZZLLCCBAEGX-UHFFFAOYSA-N,COc1ccc2c(n1)C(=O)C=C(c1ncc(C(F)(F)F)o1)C2=O,,2.55
train,147,ARVGGZRWYGOHEV-UHFFFAOYSA-N,N#Cc1cnc2c(c1)C(=O)C(c1ccccc1)=CC2=O,,2.38
train,5149,XPSHAJAKRKJYHE-UHFFFAOYSA,N#Cc1ccc(N2c3ccccc3Nc3ccccc32)o1,,0.45
train,649,FEQMYOLOEMZXMO-UHFFFAOYSA-N,N#CC1=CC=C(C2=C(C3=CC=C(C#N)C3)C(=O)c3nccnc3C2=O)C1,,1.74
train,1944,MMCXVULADCQZPF-UHFFFAOYSA-N,N#Cc1nnc(C2=C(c3nnc(C#N)nn3)C(=O)c3nc(C#N)c(C#N)cc3C2=O)nn1,,3.01
train,306,BYMLVSUDGJSNDH-UHFFFAOYSA-N,N#Cc1nc(C2=CC(=O)c3nc(C#N)c(C#N)nc3C2=O)c[nH]1,,2.52
train,1531,JYCWLKAMOWBMTL-UHFFFAOYSA-N,CC(O)=Nc1ccc(C2=CC(=O)c3nc(C#N)cnc3C2=O)nc1,,1.81
train,640,FCVJFPWICNTONR-UHFFFAOYSA-N,N#Cc1cnc2c(c1C#N)C(=O)C(c1nc(Cl)cs1)=CC2=O,,2.32
train,4887,VYTXQTVOWUMTJN-OCEACIFDSA-N,N#Cc1ccc(-c2ccc(N=Nc3ccc(-c4ccc(C#N)o4)cc3)cc2)o1,,1.63
train,4331,JKSPOQSFDZEWKR-UHFFFAOYSA-N,N#CC1=CC=C(C2(C#N)N=N2)S1(=O)=O,,3.08
train,4591,OGOPTHVOTNETCZ-OCEACIFDSA-N,FC(F)(F)c1ccc(-c2ccc(N=Nc3ccc(-c4ccc(C(F)(F)F)o4)s3)s2)o1,,1.14
train,2731,RPSKPPYDBLKKBH-UHFFFAOYSA-N,N#Cc1ccnc2c1C(=O)C(c1nc(S)co1)=CC2=O,,1.9
train,1105,HYOYFAOPIDWAGX-SOSXVSKCSA-N,O=C1C(C=COC(F)(F)F)=C(C=COC(F)(F)F)C(=O)c2nccnc21,,2.11
train,504,DNABAMJMTDNXGX-UHFFFAOYSA-N,N#Cc1cnc2c(c1)C(=O)C(c1ncc(OC(F)(F)F)s1)=CC2=O,,2.25
train,4681,QNPGEIQDVNNHKR-FMQUCBEESA-N,c1c[nH]c(-c2ccc(N=Nc3ccc(-c4ccc[nH]4)s3)s2)c1,,0.59
train,4359,JYNPPXUFMJEUEV-UHFFFAOYSA-N,N#Cc1cc(-c2ccc(S)cn2)c(C#N)c(-c2ccc(S)cn2)c1,,-1.0
train,4285,IMTSNTVBEFDMAF-UHFFFAOYSA-N,C#CC1N=N1,,2.8
train,741,GDZABXTUVKTTJR-UHFFFAOYSA-N,CC(O)=NC1=CC=C(C2=CC(=O)c3ncc(C#N)nc3C2=O)S1(=O)=O,,1.78
train,578,DWAOEJUIXQLQIL-UHFFFAOYSA-N,COc1ccc2c(n1)C(=O)C=C(c1ncc(C(F)(F)F)s1)C2=O,,2.5
train,3177,VXLLFJANJQORPX-UHFFFAOYSA-N,CC(O)=NC1=CC=C(C2=CC(=O)c3ncc(C#N)nc3C2=O)C1,,0.99
train,4782,SVXOPIFUBPCZBP-UHFFFAOYSA-N,Fc1cnc(C2(F)N=N2)o1,,2.57
train,1253,IQBJWNURDMOEBY-UHFFFAOYSA-N,N#Cc1cc2c(nc1C#N)C(=O)C=C(c1ccc(C#N)n1C=O)C2=O,,2.49
train,1202,IKVRXPUOICCQIH-UHFFFAOYSA-N,N#Cc1cnc2c(c1)C(=O)C(c1nc(C(F)(F)F)cs1)=C(c1nc(C(F)(F)F)cs1)C2=O,,2.39
train,356,CFPXYCVVVQJAHS-UHFFFAOYSA-N,O=C1C(C2=CC=C(Cl)C2)=CC(=O)c2ncccc21,,1.59
train,2514,PEQCBCZKDXSUOJ-UHFFFAOYSA-N,COc1nc2c(nc1OC)C(=O)C(c1ccc(S)[nH]1)=C(c1ccc(S)[nH]1)C2=O,,0.46
train,767,GHNFWULQXSKRHH-UHFFFAOYSA-N,CN(C)c1cnc(C2=CC(=O)c3nc(C#N)cnc3C2=O)s1,,1.09
train,3922,AMAZYTRMFZCCHA-UHFFFAOYSA-N,Oc1csc(C2(O)N=N2)n1,,1.75
train,1995,MSMVZEYYRTVBGN-UHFFFAOYSA-N,COc1ccc2c(n1)C(=O)C=C(c1nc(C#N)cs1)C2=O,,2.51
train,3682,YUMWYSLOXWDZLC-UHFFFAOYSA-N,Cn1c(F)ccc1C1=CC(=O)c2nccc(C#N)c2C1=O,,1.52
train,3383,WVTSCRGCSTUQAY-UHFFFAOYSA-N,COc1ccc(C2=C(c3ccc(OC)cc3)C(=O)c3ncc(C#N)cc3C2=O)cc1,,1.45
train,73,AJTCHZPCYKDCPV-UHFFFAOYSA-N,N#Cc1cc2c(nc1C#N)C(=O)C=C(c1cccn1C=O)C2=O,,2.03
train,4750,RZEPLTIXVRYMBD-VHXPQNKSSA-N,FC1=CC=C(c2ccc(N=Nc3ccc(C4=CC=C(F)C4)[nH]3)[nH]2)C1,,0.16
train,693,FKABSORWBKYBJU-UHFFFAOYSA-N,CC(O)=NC#CC1=C(C#CN=C(C)O)C(=O)c2nc(C#N)cnc2C1=O,,1.68
train,1078,HVXHHJKXBLWWBE-UHFFFAOYSA-N,N#Cc1cc(C#N)c2c(n1)C(=O)C=C(C1=CC=C([N+](=O)[O-])C1)C2=O,,2.48
train,1114,HZLSNPHLCFOTKA-UHFFFAOYSA-N,N#Cc1ccnc2c1C(=O)C(n1ccnc1Cl)=C(n1ccnc1Cl)C2=O,,2.21
train,1536,JYTDNNRIGXZDDP-ZPUQHVIOSA-N,O=C1C(C=CF)=C(C=CF)C(=O)c2nccnc21,,2.02
train,392,CJPXONCWLQVVAG-UHFFFAOYSA-N,COc1ccc2c(n1)C(=O)C=C(c1ccc[nH]1)C2=O,,1.41
train,3584,XTGVDEOPRPPKLP-UHFFFAOYSA-N,COc1nc2c(nc1OC)C(=O)C(c1nc(N(C)C)cs1)=C(c1nc(N(C)C)cs1)C2=O,,0.75
train,458,CVGYNNRDNPFFPW-UHFFFAOYSA-N,N#Cc1cnc2c(c1)C(=O)C(c1ccc(Cl)cn1)=C(c1ccc(Cl)cn1)C2=O,,2.32
train,46,AGPJNCNOXIWDNX-UHFFFAOYSA-N,C#CC1=CC(=O)c2nccnc2C1=O,,2.99
train,822,GPZGDCPWGKLIFF-UHFFFAOYSA-N,CC(O)=Nc1ccc(C2=CC(=O)c3nc(C#N)cnc3C2=O)[nH]1,,1.18
train,846,GSZNXTOJWKXLFC-UHFFFAOYSA-N,N#Cc1ccc(C2=C(c3ccc(C#N)cn3)C(=O)c3c(ncc(C#N)c3C#N)C2=O)nc1,,2.84
train,3532,XMCGDELZMAYRNC-UHFFFAOYSA-N,N#Cc1cnc2c(c1)C(=O)C(c1ccco1)=CC2=O,,1.96
train,2502,PCVCFXAIPYDNAT-UHFFFAOYSA-N,CC(O)=NC#CC1=C(C#CN=C(C)O)C(=O)c2ncccc2C1=O,,1.6
train,5218,ACWAOANQXCZPTL-UHFFFAOYSA,c1ccc2c(c1)N(c1cncnc1)c1ccccc1N2c1ccncn1,,0.55
train,1607,KGGZRYZYKGCTIX-UHFFFAOYSA-N,O=C1C=C(c2ccc([N+](=O)[O-])s2)C(=O)c2nccnc21,,2.6
train,1541,JZGAAODOKBQSEI-UHFFFAOYSA-N,Cc1coc(C2=C(c3nc(C)co3)C(=O)c3nc(C#N)c(C#N)cc3C2=O)n1,,1.97
train,5003,YIACYVPXHITQHF-UHFFFAOYSA-N,Cc1ccc(-c2ccc3c(c2)C(=O)c2cc(-c4ccc(C)[nH]4)ccc2C3=O)[nH]1,,1.05
train,1206,IKYNJSNDUSKQMU-UHFFFAOYSA-N,N#Cc1cnc2c(c1C#N)C(=O)C(C1=CC=CS1(=O)=O)=C(C1=CC=CS1(=O)=O)C2=O,,2.53
train,3830,ZNNOWUABHKCZSO-UHFFFAOYSA-N,Cc1ccc(C2=CC(=O)c3ncc(C#N)cc3C2=O)o1,,1.67
train,2592,QLRATRXJLHDULA-UHFFFAOYSA-N,N#Cc1cc2c(nc1C#N)C(=O)C=C(c1ncc(Cl)cn1)C2=O,,2.73
train,2189,NPDXXMGZOYOJPY-UHFFFAOYSA-N,N#Cc1ccc2c(n1)C(=O)C(n1cc(O)nn1)=C(n1cc(O)nn1)C2=O,,2.39
train,3461,XEROUQFKNQRIDK-UHFFFAOYSA-N,N#Cc1ccc(C2=C(c3ccc(C#N)cc3)C(=O)c3nccnc3C2=O)cc1,,2.49
train,4602,OLDPXWMLFMJAPZ-MYUULXRZSA-N,N=Cc1ccc(N=Nc2ccc(C=N)o2)o1,,1.23
train,568,DUGYJPHYJZTOOR-UHFFFAOYSA-N,COc1cc(OC)c2c(n1)C(=O)C=C(c1ncc([N+](=O)[O-])s1)C2=O,,2.52
train,2202,NQTOTEVAQKRRTI-UHFFFAOYSA-N,COc1ccc(C2=CC(=O)c3nccc(OC)c3C2=O)nc1,,1.95
train,5002,YHOUQSZZMVUWIG-QVIHXGFCSA-N,FC(F)(F)Oc1ccc(-c2ccc(N=Nc3ccc(-c4ccc(OC(F)(F)F)o4)cc3)cc2)o1,,1.32
train,4088,FEGCFUYWUZVGBH-OCEACIFDSA-N,Cn1c(F)ccc1-c1ccc(N=Nc2ccc(-c3ccc(F)n3C)cc2)cc1,,0.92
train,5214,ZCOPBGYKRWSNMB-GDNBJRDFSA,C=NON1c2ccccc2N(C=N)c2ccccc21,,0.81
train,4684,QNWOQZDYGZWNDX-UHFFFAOYSA-N,Oc1ccc(C2(O)N=N2)[nH]1,,0.98
train,159,ATXWEMXXHDHNKA-UHFFFAOYSA-N,CC(O)=Nc1ccc(C2=CC(=O)c3nc(C#N)cc(C#N)c3C2=O)[nH]1,,1.19
train,1180,IHYIRMHOTNNWJB-UHFFFAOYSA-N,COc1ccc2c(n1)C(=O)C=C(c1ncc(OC(F)(F)F)s1)C2=O,,2.16
train,3699,YWTRRDQPGABKAF-UHFFFAOYSA-N,N#Cc1cnc2c(c1C#N)C(=O)C(c1ccc(C(F)(F)F)[nH]1)=CC2=O,,2.03
train,2851,SDCSGCQYKULRLV-UHFFFAOYSA-N,O=C1C(c2ncc([N+](=O)[O-])cn2)=CC(=O)c2ncccc21,,2.84
train,3243,WEXZQGFVSWDDRB-UHFFFAOYSA-N,N#Cc1cc(C#N)c2c(n1)C(=O)C=C(c1ncccn1)C2=O,,2.63
train,3468,XFKCAFLTJXAMHR-UHFFFAOYSA-N,COc1nccn1C1=C(n2ccnc2OC)C(=O)c2nc(C#N)c(C#N)cc2C1=O,,1.56
train,5467,OEUMKQKBSPISBE-UHFFFAOYSA,O=c1oc2cc(-c3ccsc3OC(F)(F)F)ccc2c2cc3ccccc3cc12,,1.52
train,1434,JMCPOJLOPAWKOL-UHFFFAOYSA-N,N#Cc1cnc2c(c1)C(=O)C(c1ccc(Cl)cn1)=CC2=O,,2.54
train,69,AJJRQQSUJRCZNC-UHFFFAOYSA-N,N#Cc1cc(C#N)c2c(n1)C(=O)C(c1cc(Cl)c[nH]1)=C(c1cc(Cl)c[nH]1)C2=O,,1.24
train,5402,AZGXAQVMFMYVTE-UHFFFAOYSA,O=c1oc2cc(-c3ccoc3)ccc2c2cc3ccccc3c(C#CS)c12,,1.26
train,3214,WCFGRLKMJBFBRY-UHFFFAOYSA-N,COc1cn(C2=CC(=O)c3nc(OC)c(OC)nc3C2=O)nn1,,2.07
train,2461,OYPXGOUYSRALSD-UHFFFAOYSA-N,COc1ccnc2c1C(=O)C(c1nnc(N=C(C)O)nn1)=CC2=O,,1.93
train,1260,IRFSVYOJAPOTBX-UHFFFAOYSA-N,N#Cc1nc2c(nc1C#N)C(=O)C(c1cnc(C(F)(F)F)[nH]1)=CC2=O,,2.56
train,4665,QBNBRNLPBNZAAZ-DQRAZIAOSA-N,O=Cn1c(Cl)ccc1-c1ccc(N=Nc2ccc(-c3ccc(Cl)n3C=O)s2)s1,,0.75
train,3770,ZFKUSBGOLQLOIO-UHFFFAOYSA-N,N#Cc1cnc2c(c1)C(=O)C(C1=CC=C(O)C1)=CC2=O,,1.21
train,3916,AISBPSZFKSOVKQ-UHFFFAOYSA-N,FC(F)(F)c1cnc(C2(C(F)(F)F)N=N2)s1,,2.92
train,3356,WSKHFRXESMHKOC-UHFFFAOYSA-N,N#Cc1cc(C#N)c2c(n1)C(=O)C(c1ccc(S)n1C=O)=C(c1ccc(S)n1C=O)C2=O,,1.17
train,1958,MNZHGLIIRVXKAS-UHFFFAOYSA-N,Cn1c(C2=CC(=O)c3ncc(C#N)cc3C2=O)ccc1[N+](=O)[O-],,2.33
train,3971,BIJXVFVNOXNEHK-UHFFFAOYSA-N,N#Cc1cc(-c2ccc([N+](=O)[O-])n2C=O)c(C#N)c(-c2ccc([N+](=O)[O-])n2C=O)c1,,2.55
train,2708,RMLUWTAFTVKFBB-UHFFFAOYSA-N,N#Cc1cnc2c(n1)C(=O)C(c1ncc(C#N)o1)=CC2=O,,2.92
train,3113,VADPWDQCOGKOGS-UHFFFAOYSA-N,COc1cnc2c(c1)C(=O)C(c1nc(Cl)cs1)=CC2=O,,2.16
train,613,FAQFEEATHSVDOP-UHFFFAOYSA-N,N#Cc1nc2c(nc1C#N)C(=O)C(C1=CC=C([N+](=O)[O-])C1)=C(C1=CC=C([N+](=O)[O-])C1)C2=O,,2.16
train,4117,FQKDWSVEKCNSHA-UHFFFAOYSA-N,O=C1c2ccc(-c3ccc(C(F)(F)F)cc3)cc2C(=O)c2cc(-c3ccc(C(F)(F)F)cc3)ccc21,,2.31
train,400,CKXMUSAUJUNBPW-UHFFFAOYSA-N,COc1ccnc2c1C(=O)C(c1ncc(O)o1)=CC2=O,,1.81
train,4983,XYYZHXPUWJXTKW-UHFFFAOYSA-N,O=Cn1c(C(F)(F)F)ccc1C1(C(F)(F)F)N=N1,,2.64
train,3921,ALQCBSRCXHTTHM-UHFFFAOYSA-N,O=C1c2ccc(-c3nc(S)co3)cc2C(=O)c2cc(-c3nc(S)co3)ccc21,,1.88
train,1106,HYRANBZCLICJFA-UHFFFAOYSA-N,COc1cnc2c(n1)C(=O)C(c1nc(F)cs1)=CC2=O,,2.2
train,4314,IYXOXSZWCHRDBJ-UHFFFAOYSA-N,SN=CC1(S)N=N1,,2.1
train,4819,UKISYEZQQIUZBB-QURGRASLSA-N,O=S1(=O)C=CC=C1c1ccc(N=Nc2ccc(C3=CC=CS3(=O)=O)cc2)cc1,,1.71
train,1276,ITNIATCCKWTBIO-UHFFFAOYSA-N,N#Cc1cnc2c(n1)C(=O)C=C(n1cc(O)c3ccccc31)C2=O,,1.21
train,2076,NCAVVHLVMKMGCV-UHFFFAOYSA-N,N#Cc1cnc2c(n1)C(=O)C=C(n1cc([N+](=O)[O-])c3ccccc31)C2=O,,2.13
train,427,CPSLJUVKMPUNKJ-UHFFFAOYSA-N,COc1nc2c(nc1OC)C(=O)C(c1nc([N+](=O)[O-])cs1)=CC2=O,,2.51
train,4898,WIKGXNVVNJNQCP-DQRAZIAOSA-N,N#Cc1coc(-c2ccc(N=Nc3ccc(-c4nc(C#N)co4)o3)o2)n1,,1.26
train,4262,IEKLZLNZOQBCGT-NXVVXOECSA-N,C=Cc1ccc(N=Nc2ccc(C=C)[nH]2)[nH]1,,-0.09
train,5513,ZABKPKWUPCGYEY-UHFFFAOYSA,Cc1cccc(-c2ccc3c(c2)oc(=O)c2c(-c4c[nH]c(Cl)c4)c4ccccc4cc23)c1,,1.25
train,5366,QUJHVWKSDKMUMT-UHFFFAOYSA,CC1(C)c2cc(-c3ccc(C4=CS(=O)(=O)C(F)=C4)cc3)ccc2N(c2ccc(-c3cc(Cl)[nH]n3)cc2)c2ccc(-c3ccc(-c4cc(F)[nH]n4)cc3)cc21,,0.78
train,5243,KNMQGBPQIHHJIP-UHFFFAOYSA,c1ccc2c(c1)N(c1cocn1)c1ccccc1N2c1cnco1,,0.48
train,5106,HDZRLMAYRZWDJV-UHFFFAOYSA,C=CSN1c2ccccc2N(c2coc(OC(F)(F)F)n2)c2ccccc21,,0.55
train,5288,HXLVUEKXSYORDV-UHFFFAOYSA,COc1ccc(-c2ccc(N3c4ccc(-c5ccc(-c6ccc(O)cc6)cc5)cc4C(C)(C)c4cc(-c5ccc(-c6c[nH]c(S)c6)cc5)ccc43)cc2)cn1,,0.63
train,5385,YRMKPFJQBZMMAZ-UHFFFAOYSA,CC1(C)c2cc(-c3ccc(-c4c[nH]c(S)c4)cc3)ccc2N(c2ccc(-c3c[nH]c(S)c3)cc2)c2ccc(-c3ccc(-c4c[nH]c(S)c4)cc3)cc21,,0.55
train,2568,QJJHQYXIQWXQRG-UHFFFAOYSA-N,COc1ccc2c(n1)C(=O)C=C(c1nnc(OC(F)(F)F)nn1)C2=O,,2.59
train,3299,WMDWPBHRQCZGLI-UHFFFAOYSA-N,N#Cc1nc2c(nc1C#N)C(=O)C(c1ccc([N+](=O)[O-])[nH]1)=C(c1ccc([N+](=O)[O-])[nH]1)C2=O,,2.27
train,3512,XKTDKDQSCLHDGI-UHFFFAOYSA-N,N#Cc1cnc2c(c1C#N)C(=O)C(c1ccc([N+](=O)[O-])s1)=CC2=O,,2.69
train,3371,WUNGMGFRNWMLAX-UHFFFAOYSA-N,O=C1C(n2cc(C(F)(F)F)nn2)=C(n2cc(C(F)(F)F)nn2)C(=O)c2ncccc21,,3.14
train,4761,SEYWJHSTPOFTEU-DQRAZIAOSA-N,COc1cnc(-c2ccc(N=Nc3ccc(-c4ncc(OC)s4)[nH]3)[nH]2)s1,,-0.25
train,2533,PGJAMIQJXYIDHM-UHFFFAOYSA-N,N#Cc1cnc2c(n1)C(=O)C=C(c1ncc([N+](=O)[O-])o1)C2=O,,3.24
train,1559,KBOPFQWJTMVFSC-UHFFFAOYSA-N,CN(C)c1cnc(C2=C(c3ncc(N(C)C)cn3)C(=O)c3nc(C#N)cnc3C2=O)nc1,,1.35
train,4770,SKLXORZRIKHALY-DQRAZIAOSA-N,COc1ccc(-c2ccc(N=Nc3ccc(-c4ccc(OC)n4C)s3)s2)n1C,,-0.47
train,1932,MJURBIZXNNISQC-QCDXTXTGSA-N,O=C1C=C(C=NO)C(=O)c2nccnc21,,2.86
train,3410,WYMXUKAEDHPNIY-UHFFFAOYSA-N,COc1cnc2c(c1)C(=O)C(c1ccc(OC)n1C)=CC2=O,,0.96
train,2184,NONOQIKYVIAGJN-UHFFFAOYSA-N,O=C1C(c2ccccc2)=C(c2ccccc2)C(=O)c2ncccc21,,1.96
train,5482,SBFLMFCOOPRMAH-UHFFFAOYSA,O=Cn1cc(-c2c3ccccc3cc3c2c(=O)oc2cc(-c4ccoc4F)ccc23)cc1Cl,,1.39
train,1852,MAOINDCRFRDDCQ-UHFFFAOYSA-N,N#Cc1ccc2c(n1)C(=O)C(c1nc(Cl)co1)=C(c1nc(Cl)co1)C2=O,,2.25
train,1702,KTKRHWJWZNXLOW-UHFFFAOYSA-N,CN(C)c1cnc(C2=CC(=O)c3nccnc3C2=O)nc1,,1.47
train,5417,FNBYXGDCRRPNRQ-UHFFFAOYSA,C=Cc1c2ccccc2cc2c1c(=O)oc1cc(-c3cccc(Cl)n3)ccc12,,1.45
train,1621,KHVNRPPLWRPELD-UHFFFAOYSA-N,N#Cc1nc2c(nc1C#N)C(=O)C(C#CS)=C(C#CS)C2=O,,1.88
train,413,CNGYWJSOOZPWKT-UHFFFAOYSA-N,N#Cc1nc2c(nc1C#N)C(=O)C(c1ccc(OC(F)(F)F)[nH]1)=CC2=O,,1.63
train,14,ACDZNJFKZXXCGN-UHFFFAOYSA-N,CN(C)C1=CC=C(C2=CC(=O)c3nc(C#N)cc(C#N)c3C2=O)C1,,0.76
train,142,ARKQIFLGBZHUQV-UHFFFAOYSA-N,CC(O)=Nc1ncc(C2=CC(=O)c3nc(C#N)ccc3C2=O)[nH]1,,1.36
train,1998,MSYFHSLKQPCADS-UHFFFAOYSA-N,N#Cc1csc(C2=CC(=O)c3ncc(C#N)c(C#N)c3C2=O)n1,,2.72
train,3218,WCXMFVXVEPGOJI-UHFFFAOYSA-N,COc1nnc(C2=C(c3nnc(OC)nn3)C(=O)c3ncc(C#N)cc3C2=O)nn1,,2.41
train,494,DLYLRGQBZIDPET-UHFFFAOYSA-N,N#Cc1cnc2c(c1)C(=O)C(c1ccc(OC(F)(F)F)o1)=CC2=O,,1.96
train,3450,XDJGOLZFKYLFDO-UHFFFAOYSA-N,O=C1C(c2ncc(OC(F)(F)F)cn2)=C(c2ncc(OC(F)(F)F)cn2)C(=O)c2ncccc21,,2.75
train,4385,KIWAMNKIBWCIKN-UHFFFAOYSA-N,Cc1ccc(-c2cc(C#N)cc(-c3ccc(C)cc3)c2C#N)cc1,,-1.1
train,4168,GORDDDHBMHEVSP-VHXPQNKSSA-N,Clc1cnc(-c2ccc(N=Nc3ccc(-c4ncc(Cl)s4)cc3)cc2)s1,,1.29
train,4378,KFMHGTKULGBBOO-DQRAZIAOSA-N,Clc1coc(-c2ccc(N=Nc3ccc(-c4nc(Cl)co4)[nH]3)[nH]2)n1,,0.31
train,605,DZNMUFVONGCJGH-UHFFFAOYSA-N,N#Cc1cnc2c(n1)C(=O)C=C(c1cnc[nH]1)C2=O,,2.02
train,2395,OQPHYTFFZRQRBB-UHFFFAOYSA-N,Cn1c(O)ccc1C1=CC(=O)c2ncc(C#N)c(C#N)c2C1=O,,1.16
train,2823,SANZKWKIYMPMAS-MFQOAVFDSA-N,CON=CC1=C(C=NOC)C(=O)c2nc(C#N)cnc2C1=O,,2.24
train,368,CHFSBJTUMXUDCO-UHFFFAOYSA-N,N#Cc1cc(C#N)c2c(n1)C(=O)C=C(C1=CC=CS1(=O)=O)C2=O,,2.76
train,5351,KZAOXIXDYMXYLI-ARJAWSKDSA,CC1(C)c2cc(-c3ccc(/C=C\C#N)cc3)ccc2N(c2ccc(C#CCl)cc2)c2ccc(-c3ccc(-c4csc(C(F)(F)F)c4)cc3)cc21,,0.75
train,4869,VNCCLUDZKSRVTO-UHFFFAOYSA-N,N#Cc1cc(-c2nnc(S)nn2)c(C#N)c(-c2nnc(S)nn2)c1,,2.89
train,4736,RSECZOQXLJXYDW-UHFFFAOYSA-N,COc1cnc(-c2cc(C#N)cc(-c3ncc(OC)s3)c2C#N)s1,,1.7
train,2775,RVAZVZWZNMPGSO-UHFFFAOYSA-N,O=C1C=C(c2ccc(C(F)(F)F)o2)C(=O)c2nccnc21,,2.36
train,3731,ZARQWDHJJXROSB-UHFFFAOYSA-N,CC1=CC=C(C2=CC(=O)c3ncc(C#N)cc3C2=O)S1(=O)=O,,2.44
train,2011,MUFVHPIGALARIY-UHFFFAOYSA-N,N#Cc1cnc2c(c1C#N)C(=O)C(c1nnc(S)nn1)=CC2=O,,2.36
train,5176,KBDSWHRTXLVPEI-UHFFFAOYSA,O=[N+]([O-])c1sccc1N1c2ccccc2N(c2nnc(Cl)nn2)c2ccccc21,,0.91
train,4791,TUBKDZFEWNUEEL-OAPATYPNSA-N,OC=COC=Cc1ccc(N=Nc2ccc(C=COC=CO)s2)s1,,0.55
train,164,AUVSZKPDERETIE-UHFFFAOYSA-N,N#Cc1cc2c(nc1C#N)C(=O)C(C1=CC=C(OC(F)(F)F)S1(=O)=O)=C(C1=CC=C(OC(F)(F)F)S1(=O)=O)C2=O,,2.39
train,1737,LLUPIPXCBBIVTN-UHFFFAOYSA-N,Cc1cnc(C2=C(c3ncc(C)o3)C(=O)c3c(C#N)cc(C#N)nc3C2=O)o1,,1.79
train,5173,HCJHZOYONMQUMN-UHFFFAOYSA,FC(F)(F)c1ccc(N2c3ccccc3Nc3ccccc32)cn1,,0.29
train,4823,ULBLXZLPIXUMOM-QPLCGJKRSA-N,N#Cc1c[nH]c(-c2ccc(N=Nc3ccc(-c4cc(C#N)c[nH]4)[nH]3)[nH]2)c1,,0.46
train,3945,AXZRRXTWVUZUPK-UHFFFAOYSA-N,O=C1c2ccc(-c3ncc([N+](=O)[O-])s3)cc2C(=O)c2cc(-c3ncc([N+](=O)[O-])s3)ccc21,,2.47
train,3592,XUVJVJMGXDYKQQ-UHFFFAOYSA-N,N#Cc1cnc2c(n1)C(=O)C(n1cc(C(F)(F)F)c3ccccc31)=C(n1cc(C(F)(F)F)c3ccccc31)C2=O,,1.94
train,2556,PITNEPQVLLYMAK-UHFFFAOYSA-N,N#Cc1ccnc2c1C(=O)C(c1ccc(O)s1)=C(c1ccc(O)s1)C2=O,,1.07
train,3351,WSARBGKTAMJDFP-UPHRSURJSA-N,N#CC=CC1=CC(=O)c2ncc(C#N)cc2C1=O,,3.07
train,608,FADRMIXXACIPII-UHFFFAOYSA-N,Cc1ccc(C2=CC(=O)c3nccnc3C2=O)o1,,1.64
train,2799,RXRIRQMLJQZNQN-UHFFFAOYSA-N,N#Cc1cnc2c(c1)C(=O)C(n1ccnc1O)=C(n1ccnc1O)C2=O,,1.6
train,1355,JDKUEWYMNDWLTH-UHFFFAOYSA-N,N#Cc1cc2c(nc1C#N)C(=O)C=C(c1ncc(O)cn1)C2=O,,2.67
train,430,CPZSAIXMQBVDKR-UHFFFAOYSA-N,Cc1coc(C2=CC(=O)c3nc(C#N)cc(C#N)c3C2=O)n1,,2.22
train,2945,UHFMRFIYMUENKA-UHFFFAOYSA-N,N#Cc1cnc2c(n1)C(=O)C(C#CS)=CC2=O,,2.3
train,868,GVKZADYFUINQEU-YCKHSYMTSA-N,O=C1C(C=NS)=C(C=NS)C(=O)c2ncccc21,,1.96
train,1478,JSIGLHGIRLWMFZ-UHFFFAOYSA-N,CN(C)c1ccc(C2=CC(=O)c3ncc(C#N)c(C#N)c3C2=O)n1C,,0.75
train,4260,IDMYDUTURZXLQN-OCEACIFDSA-N,FC(F)(F)c1coc(-c2ccc(N=Nc3ccc(-c4nc(C(F)(F)F)co4)o3)o2)n1,,1.48
train,3304,WMQIGKYOBOVOHM-UHFFFAOYSA-N,N#Cc1cc(C#N)c2c(n1)C(=O)C(c1nc([N+](=O)[O-])co1)=C(c1nc([N+](=O)[O-])co1)C2=O,,3.0
train,5154,ZDTKWWXKPSJQKL-UHFFFAOYSA,Cc1nc(N2c3ccccc3N(c3ccoc3C)c3ccccc32)cs1,,0.15
train,5086,ZXLOXJVSKMQQQS-UHFFFAOYSA-N,N#Cc1cc(-c2cc([N+](=O)[O-])c[nH]2)c(C#N)c(-c2cc([N+](=O)[O-])c[nH]2)c1,,-0.89
train,2870,SFEFSNHCKVSCKI-UHFFFAOYSA-N,O=C1C(C2=CC=C(C(F)(F)F)C2)=CC(=O)c2ncccc21,,2.05
train,3959,BESIOADPVLCNLJ-UHFFFAOYSA-N,c1ccc(C2N=N2)nc1,,2.39
train,2703,RMCJOKQOBYZHRE-UHFFFAOYSA-N,CN(C)c1nnc(C2=C(c3nnc(N(C)C)nn3)C(=O)c3ncccc3C2=O)nn1,,1.89
train,2480,PAJFVVWUGXZJQR-UHFFFAOYSA-N,CN(C)c1ccc(C2=CC(=O)c3nccnc3C2=O)[nH]1,,0.59
train,3506,XJXZSYSSMUVBLG-UHFFFAOYSA-N,O=C1C=C(c2ncc(F)cn2)C(=O)c2nccnc21,,2.69
train,273,BUWXIKQIQOLYBN-UHFFFAOYSA-N,N#Cc1cc(C#N)c2c(n1)C(=O)C(c1cc(OC(F)(F)F)c[nH]1)=C(c1cc(OC(F)(F)F)c[nH]1)C2=O,,1.37
train,805,GOCOQHXEXPMSMH-UHFFFAOYSA-N,N#Cc1cnc2c(n1)C(=O)C(c1ccc(O)cn1)=CC2=O,,2.19
train,5022,YRBYTWPNNWAEPE-DQRAZIAOSA-N,Fc1coc(-c2ccc(N=Nc3ccc(-c4nc(F)co4)[nH]3)[nH]2)n1,,0.31
train,179,AWWXWVTUSXENAE-UHFFFAOYSA-N,O=C1C(c2ccc(O)cc2)=CC(=O)c2ncccc21,,1.82
train,191,AYCPLKSFLPNDID-UHFFFAOYSA-N,COc1cnc2c(c1)C(=O)C(c1ccc(F)s1)=CC2=O,,1.81
train,2916,SKTVAZVWRRJAET-UHFFFAOYSA-N,O=C1C(C#CCl)=C(C#CCl)C(=O)c2ncccc21,,2.36
train,3471,XFLMPDZAOHMGIZ-UHFFFAOYSA-N,N#Cc1cnc2c(c1C#N)C(=O)C(n1ccnn1)=CC2=O,,3.0
train,2526,PFUUVLFNNCWENM-UHFFFAOYSA-N,N#Cc1nc2c(nc1C#N)C(=O)C(n1cc(OC(F)(F)F)nn1)=C(n1cc(OC(F)(F)F)nn1)C2=O,,2.88
train,3949,AZFCEKURMUNYMW-UHFFFAOYSA-N,COc1c[nH]c(-c2cc(C#N)cc(-c3cc(OC)c[nH]3)c2C#N)c1,,-1.28
train,5421,GQAJUVMMMIQCEY-UHFFFAOYSA,COC#Cc1c2ccccc2cc2c1c(=O)oc1ccccc12,,1.31
train,635,FCMMVSUXMUPTGV-UHFFFAOYSA-N,N#Cc1cnc2c(n1)C(=O)C=C(c1ncc([N+](=O)[O-])cn1)C2=O,,3.01
train,2477,PAALTWOLYRXDFI-UHFFFAOYSA-N,COc1cnc2c(n1)C(=O)C(c1ccc([N+](=O)[O-])s1)=CC2=O,,2.5
train,547,DROOYFNVSJPGHO-UHFFFAOYSA-N,N#Cc1cc2c(nc1C#N)C(=O)C(c1nnc(Cl)nn1)=C(c1nnc(Cl)nn1)C2=O,,2.73
train,853,GTSIPBSICGVIIJ-UHFFFAOYSA-N,N#Cc1cnc2c(c1C#N)C(=O)C(c1ncc(OC(F)(F)F)o1)=C(c1ncc(OC(F)(F)F)o1)C2=O,,2.21
train,1967,MPFAKZJCUZTFHY-UHFFFAOYSA-N,O=C1C=C(C2=CC=CS2(=O)=O)C(=O)c2nccnc21,,2.65
train,3760,ZDYOEFCBISOIOJ-UHFFFAOYSA-N,N#Cc1c[nH]c(C2=CC(=O)c3nccnc3C2=O)c1,,1.96
train,1273,ITCUJLMOTGRYIM-UHFFFAOYSA-N,N#Cc1cnc2c(n1)C(=O)C(c1ncc(F)s1)=C(c1ncc(F)s1)C2=O,,1.84
train,814,GPBCUQQPCZYCDQ-FNORWQNLSA-N,COc1ccnc2c1C(=O)C(C=CN(C)C)=CC2=O,,1.04
train,1287,IUNFHOPLTWDZQA-UHFFFAOYSA-N,Cc1cnc(C2=CC(=O)c3nc(C#N)c(C#N)cc3C2=O)o1,,2.18
train,3117,VAKAYEYZWXSWCZ-UHFFFAOYSA-N,N#Cc1ccc(C2=CC(=O)c3ncc(C#N)c(C#N)c3C2=O)s1,,2.47
train,5520,AMCIPMVSNPCYOC-UHFFFAOYSA,Cc1ccc(N2c3ccccc3Sc3ccccc32)[nH]1,,0.63
train,3814,ZLFRQLXJQSXKSN-UHFFFAOYSA-N,COc1nccn1C1=CC(=O)c2nccnc2C1=O,,1.59
train,233,BPZLWWBPYFWWLU-UHFFFAOYSA-N,CC1=CC=C(C2=C(C3=CC=C(C)C3)C(=O)c3c(ncc(C#N)c3C#N)C2=O)C1,,0.88
train,5138,SZJMICDFCZDXFW-UHFFFAOYSA,Fc1cc(N2c3ccccc3N(S)c3ccccc32)c[nH]1,,0.33
train,72,AJOCYLPWPZMBJG-UHFFFAOYSA-N,Cc1cnc(C2=C(c3ncc(C)cn3)C(=O)c3c(C#N)cc(C#N)nc3C2=O)nc1,,2.58
train,5321,YYPHAHZHSCCSOW-UHFFFAOYSA,COc1ccc(-c2ccc3c(c2)C(C)(C)c2cc(-c4ccc(-c5nncnn5)cc4)ccc2N3c2ccc(-c3ccc(O)[nH]3)cc2)cc1,,0.61
train,4594,OIVCIIIOGKTWCM-UHFFFAOYSA-N,Clc1ccc(C2(Cl)N=N2)nc1,,2.53
train,3651,YQJQEPHJWMAAMT-OIXVIMQBSA-N,N#Cc1nc2c(nc1C#N)C(=O)C(C=N)=CC2=O,,2.95
train,1601,KFLFEONRDGULMX-UHFFFAOYSA-N,Cc1ccc(C2=CC(=O)c3ncccc3C2=O)s1,,1.63
train,1825,LXANQKNFTFKXAU-UHFFFAOYSA-N,Cn1c(O)ccc1C1=C(c2ccc(O)n2C)C(=O)c2ncc(C#N)cc2C1=O,,0.55
train,1884,MDXXWNKSHVYOKN-UHFFFAOYSA-N,N#Cc1ccnc2c1C(=O)C(c1nnc(F)nn1)=C(c1nnc(F)nn1)C2=O,,2.93
train,3774,ZFNZKFJPVOLZCM-UHFFFAOYSA-N,N#Cc1cnc2c(c1)C(=O)C(c1nc([N+](=O)[O-])co1)=CC2=O,,2.99
train,2893,SHWZXLYLEDUFFM-UHFFFAOYSA-N,CC(O)=Nc1cnc(C2=C(c3ncc(N=C(C)O)cn3)C(=O)c3nc(C#N)ccc3C2=O)nc1,,1.97
train,3701,YXFMDHRCBSRWMI-UHFFFAOYSA-N,CN(C)C1=CC=C(C2=C(C3=CC=C(N(C)C)S3(=O)=O)C(=O)c3ncccc3C2=O)S1(=O)=O,,0.85
train,326,CBGVDZBIDQVMDJ-UHFFFAOYSA-N,N#Cc1cc(C#N)c2c(n1)C(=O)C(c1nc(O)cs1)=C(c1nc(O)cs1)C2=O,,1.62
train,648,FEOYXNYGCGGODW-UHFFFAOYSA-N,CN(C)c1ccc(C2=CC(=O)c3ncccc3C2=O)s1,,0.86
train,2330,OJHPQWLPQZABNS-UHFFFAOYSA-N,COc1ccnc2c1C(=O)C(c1ccc(OC(F)(F)F)o1)=CC2=O,,1.82
train,3271,WIYBZGLNSBGOJP-UHFFFAOYSA-N,N#Cc1ccnc2c1C(=O)C(c1nc(Cl)cs1)=CC2=O,,2.24
train,1687,KQWRGCKPKOECFO-IJUHEHPCSA-N,N#Cc1cnc2c(n1)C(=O)C(C=NC(F)(F)F)=CC2=O,,3.52
train,1900,MGCKEXIEKCLXGQ-WCSRMQSCSA-N,CON=CC1=CC(=O)c2nc(C#N)c(C#N)nc2C1=O,,2.8
train,2876,SGEMBSFUIZTPSC-UHFFFAOYSA-N,COc1ncc(C2=CC(=O)c3ncc(C#N)cc3C2=O)[nH]1,,1.49
train,3316,WNMSSWJGINRGIO-UHFFFAOYSA-N,COc1ccnc2c1C(=O)C(c1ccc(S)cc1)=CC2=O,,1.72
train,4372,KBRZVNHSPYSMKA-UHFFFAOYSA-N,Fc1ccc(C2(F)N=N2)s1,,2.0
train,3483,XHBTWDDRGZZDCR-UHFFFAOYSA-N,Cc1coc(C2=CC(=O)c3ncccc3C2=O)n1,,2.1
train,4377,KFIVBGSZXBHTMF-UHFFFAOYSA-N,N#Cc1ccc(-c2ccc3c(c2)C(=O)c2cc(-c4ccc(C#N)o4)ccc2C3=O)o1,,2.02
train,1888,MEVZHFGXQAZKLC-UHFFFAOYSA-N,COc1ccc(C2=C(c3ccc(OC)cc3)C(=O)c3c(C#N)ccnc3C2=O)cc1,,1.48
train,1116,HZMZJLLBMRVNEA-UHFFFAOYSA-N,COc1ccnc2c1C(=O)C(c1nc(N(C)C)cs1)=CC2=O,,0.92
train,3726,YZSDBHVWTFISRG-HSFFGMMNSA-N,N#Cc1nc2c(nc1C#N)C(=O)C(C=CO)=C(C=CO)C2=O,,1.43
train,4035,DBGMCFFHHKHHBZ-OCEACIFDSA-N,COc1ncc(-c2ccc(N=Nc3ccc(-c4cnc(OC)[nH]4)cc3)cc2)[nH]1,,0.92
train,643,FDMRHAITIIJDHC-YAXRCOADSA-N,N#CN=CC1=CC(=O)c2nc(C#N)cc(C#N)c2C1=O,,3.36
train,1587,KEMDGDVBSAWJCW-UHFFFAOYSA-N,N#Cc1ccc(C2=CC(=O)c3nccnc3C2=O)n1C=O,,2.43
train,1777,LRZWKWLFNLELSO-UHFFFAOYSA-N,COc1ccc(C2=C(c3ccc(OC)s3)C(=O)c3nc(C#N)c(C#N)cc3C2=O)s1,,0.92
train,4811,UGYLFQRWGIFICE-FMQUCBEESA-N,Cn1c(O)ccc1-c1ccc(N=Nc2ccc(-c3ccc(O)n3C)s2)s1,,0.18
train,314,BZBJFOWHWPHCCW-ONEGZZNKSA-N,CC=CC1=CC(=O)c2ncc(OC)cc2C1=O,,2.01
train,4890,WBEWKJNBBKVMII-UHFFFAOYSA-N,Cc1ccc(-c2cc(C#N)cc(-c3ccc(C)cn3)c2C#N)nc1,,-1.0
train,1321,IYIDQTYZTCXPPO-UHFFFAOYSA-N,N#Cc1cc(C#N)c2c(n1)C(=O)C(C1=CC=C(OC(F)(F)F)C1)=C(C1=CC=C(OC(F)(F)F)C1)C2=O,,1.17
train,2573,QJXOIUAMKQYTNP-UHFFFAOYSA-N,COc1ccnc2c1C(=O)C(c1ccc(Cl)[nH]1)=CC2=O,,1.42
train,4498,MMTKKXVMFHFDIZ-CIIODKQPSA-N,CC=Cc1cc(C#N)cc(C=CC)c1C#N,,-1.24
train,4551,NOXQZEMJARMMDU-OCEACIFDSA-N,FC(F)(F)c1cnc(-c2ccc(N=Nc3ccc(-c4ncc(C(F)(F)F)s4)o3)o2)s1,,1.39
train,1624,KIBTWVNJYUNURX-UHFFFAOYSA-N,CC(O)=Nc1cn(C2=CC(=O)c3ncc(C#N)nc3C2=O)nn1,,1.83
train,3939,AVRPZRBBZUJNAE-KVJLFNRQSA-N,N#CN=Cc1ccc2c(c1)C(=O)c1cc(C=NC#N)ccc1C2=O,,3.1
train,3260,WHTLQEXABKDTAZ-UHFFFAOYSA-N,C=CC1=CC(=O)c2nc(OC)ccc2C1=O,,2.35
train,404,CLSXXIKLXUPVAH-UHFFFAOYSA-N,N#Cc1nc2c(nc1C#N)C(=O)C(n1ccnc1OC(F)(F)F)=C(n1ccnc1OC(F)(F)F)C2=O,,2.32
train,4015,CMCMKBPRJOYLGY-UHFFFAOYSA-N,N#CC1=CC=C(c2ccc3c(c2)C(=O)c2cc(C4=CC=C(C#N)C4)ccc2C3=O)C1,,1.88
train,2174,NNNCBTLRWGDWIO-UHFFFAOYSA-N,N#Cc1cc(C#N)c2c(n1)C(=O)C(c1ccc(O)[nH]1)=C(c1ccc(O)[nH]1)C2=O,,0.54
train,1396,JJBDMPHWJJXWQS-UHFFFAOYSA-N,Cc1cn(C2=C(n3cc(C)c4ccccc43)C(=O)c3nc(C#N)cnc3C2=O)c2ccccc12,,1.08
train,5139,UBUSJFWBEINDQZ-FSJBWODESA,FC(F)(F)/N=C/N1c2ccccc2N(c2cccc(S)n2)c2ccccc21,,0.99
train,4515,MVJWHJIINGXEKF-UHFFFAOYSA-N,N#Cc1cc(C#CCl)c(C#N)c(C#CCl)c1,,-0.79
train,1803,LUWAKBBTHDQSIO-UHFFFAOYSA-N,C=CC1=CC(=O)c2ncc(C#N)c(C#N)c2C1=O,,2.81
train,318,BZMZRFQQZVUNCP-ACAGNQJTSA-N,N#Cc1ccc2c(n1)C(=O)C=C(C=N[N+](=O)[O-])C2=O,,3.74
train,997,HLZPJYHKRSDPTL-UHFFFAOYSA-N,N#Cc1ccnc2c1C(=O)C(c1cccn1C=O)=C(c1cccn1C=O)C2=O,,1.56
train,4328,JHQUYYKLDBYIHC-UHFFFAOYSA-N,O=C1c2ccc(-c3nncnn3)cc2C(=O)c2cc(-c3nncnn3)ccc21,,2.42
train,438,CSLQUNIZIHKOMH-JOVCIAKGSA-N,CC=CC1=C(C=CC)C(=O)c2ncccc2C1=O,,1.69
train,3335,WPKXVKDTXGRDQN-UHFFFAOYSA-N,O=C1C(C#CS)=C(C#CS)C(=O)c2ncccc21,,1.7
train,4568,NYWLZBSVEPLPKW-FMQUCBEESA-N,O=[N+]([O-])c1coc(-c2ccc(N=Nc3ccc(-c4nc([N+](=O)[O-])co4)[nH]3)[nH]2)n1,,1.08
train,4229,HRXWXWRBQHFEGV-UHFFFAOYSA-N,O=Cn1c(F)ccc1C1(F)N=N1,,2.06
train,3597,XVKCLBLTTCDMPE-UHFFFAOYSA-N,N#Cc1cnc2c(c1)C(=O)C(n1ccnc1C#N)=C(n1ccnc1C#N)C2=O,,2.58
train,5037,YWLRUHNUFSJURY-BUHFOSPRSA-N,O=[N+]([O-])c1nnc(-c2ccc(N=Nc3ccc(-c4nnc([N+](=O)[O-])nn4)s3)s2)nn1,,2.05
train,1366,JFFBQZULQFMBOS-UHFFFAOYSA-N,N#Cc1ccc2c(n1)C(=O)C(c1ccccn1)=C(c1ccccn1)C2=O,,2.32
train,3185,VYDJINXKXIPDHY-UHFFFAOYSA-N,COc1cnc2c(n1)C(=O)C(c1ncco1)=C(c1ncco1)C2=O,,2.12
train,4863,VJLIFLNBSHPFOH-UHFFFAOYSA-N,O=C1c2ccc(C3=CC=C(O)C3)cc2C(=O)c2cc(C3=CC=C(O)C3)ccc21,,0.85
train,2084,NCPUTYFSGFYFEA-UHFFFAOYSA-N,N#Cc1c[nH]c(C2=CC(=O)c3nc(C#N)ccc3C2=O)c1,,1.99
train,3641,YABLRCVXBDDGOQ-UHFFFAOYSA-N,N#Cc1cnc2c(n1)C(=O)C(c1nc(Cl)cs1)=C(c1nc(Cl)cs1)C2=O,,2.05
train,3196,VZEVGYQOKVNORO-UHFFFAOYSA-N,COc1cc(OC)c2c(n1)C(=O)C=C(c1nnc([N+](=O)[O-])nn1)C2=O,,2.72
train,5000,YHMJOMCVSOIKEK-UHFFFAOYSA-N,Sc1cnc(C2(S)N=N2)s1,,1.72
train,839,GSARHZMWLNGWID-UHFFFAOYSA-N,CN(C)c1ncc(C2=CC(=O)c3ncc(C#N)nc3C2=O)[nH]1,,1.02
train,2242,NXIWATMKQIIMMU-UPHRSURJSA-N,N#Cc1cc(C#N)c2c(n1)C(=O)C=C(C=COC(F)(F)F)C2=O,,2.64
train,3734,ZAXWKVNNTPTBAR-UHFFFAOYSA-N,COc1cnc2c(n1)C(=O)C=C(C#C[N+](=O)[O-])C2=O,,2.91
train,5327,BADPCNWFFZAGDN-UHFFFAOYSA,CC1(C)c2cc(-c3ccc(-c4coc(Cl)c4)cc3)ccc2N(c2ccc(-c3csc(C(F)(F)F)c3)cc2)c2ccc(-c3ccc(-c4csc(F)c4)cc3)cc21,,0.71
train,1980,MQKVWPJKFOBAQO-UHFFFAOYSA-N,N#Cc1nc2c(nc1C#N)C(=O)C(c1ncc(F)s1)=CC2=O,,2.32
train,4099,FJQURIUMDZOSTM-QPLCGJKRSA-N,FC(F)(F)c1cnc(-c2ccc(N=Nc3ccc(-c4ncc(C(F)(F)F)s4)s3)s2)s1,,1.19
train,2818,RZWGZIPLVHWTBS-UHFFFAOYSA-N,O=C1C(c2ccc([N+](=O)[O-])cn2)=C(c2ccc([N+](=O)[O-])cn2)C(=O)c2nccnc21,,2.98
train,3333,WPCMDGLSFQOPGS-UHFFFAOYSA-N,N#Cc1cc(C#N)c2c(n1)C(=O)C(c1ccc(C(F)(F)F)s1)=C(c1ccc(C(F)(F)F)s1)C2=O,,2.25
train,2925,SLQGSVATPVUWOA-UHFFFAOYSA-N,Cc1ccc(C2=CC(=O)c3ncc(C#N)cc3C2=O)cc1,,2.15
train,4148,GDQJTIYZEDMXDL-UHFFFAOYSA-N,O=[N+]([O-])c1ccc(C2([N+](=O)[O-])N=N2)cc1,,3.26
train,4007,CFGCEWBDXHBWST-OCEACIFDSA-N,CC1=CC=C(c2ccc(N=Nc3ccc(C4=CC=C(C)C4)cc3)cc2)C1,,0.68
train,2165,NMQFESURQBFAPF-UHFFFAOYSA-N,COc1cn(C2=C(n3cc(OC)nn3)C(=O)c3nc(C#N)c(C#N)cc3C2=O)nn1,,2.06
train,2976,UKUYDXTZGQVEMA-UHFFFAOYSA-N,CN(C)c1cn(C2=CC(=O)c3ncc(C#N)c(C#N)c3C2=O)nn1,,1.24
train,1282,IUBBIFTVYCFDNQ-UHFFFAOYSA-N,COc1ccnc2c1C(=O)C(c1cc(S)c[nH]1)=CC2=O,,1.22
train,1679,KQJNDTBJYHFYMP-UHFFFAOYSA-N,N#Cc1ccnc2c1C(=O)C(n1ccnc1C#N)=C(n1ccnc1C#N)C2=O,,2.71
train,3172,VWYPKCINNAUDQV-UHFFFAOYSA-N,COc1ccc(C2=C(c3ccc(OC)s3)C(=O)c3nccnc3C2=O)s1,,0.95
train,3233,WECHLNBZFFTYDD-UHFFFAOYSA-N,CN(C)c1ncc(C2=CC(=O)c3nccnc3C2=O)[nH]1,,0.94
train,3794,ZIGYXYGUKGTKEC-UHFFFAOYSA-N,Cc1nccn1C1=C(n2ccnc2C)C(=O)c2c(C#N)ccnc2C1=O,,1.93
train,3693,YVVOJCVYNZDHBO-UHFFFAOYSA-N,O=C1C=C(c2cnc(OC(F)(F)F)[nH]2)C(=O)c2nccnc21,,1.95
train,4662,PZDKQXAPVLXBQE-WCWDXBQESA-N,COc1cnc(-c2ccc(N=Nc3ccc(-c4ncc(OC)s4)cc3)cc2)s1,,1.31
train,5034,YVOZBSSIPJBLJM-UHFFFAOYSA-N,O=C1c2ccc(-c3ccc([N+](=O)[O-])o3)cc2C(=O)c2cc(-c3ccc([N+](=O)[O-])o3)ccc21,,2.44
train,3231,WDYDEKBINHQNLG-UHFFFAOYSA-N,N#Cc1cnc2c(n1)C(=O)C(c1ncc(OC(F)(F)F)o1)=CC2=O,,2.4
train,1683,KQSVRAQERIMWEE-UHFFFAOYSA-N,N#Cc1cnc2c(n1)C(=O)C=C(C1=CC=C(F)S1(=O)=O)C2=O,,2.64
train,4128,FUDSPUJIKPWAMK-BYYHNAKLSA-N,Fc1ccc(-c2ccc(N=Nc3ccc(-c4ccc(F)cn4)cc3)cc2)nc1,,1.58
train,2429,OVCMKDDXYJBMNG-UHFFFAOYSA-N,COc1cnc2c(n1)C(=O)C(c1ccc(OC(F)(F)F)s1)=CC2=O,,1.88
train,5036,YWDFAUKYRDWQLJ-PNECEMFOSA-N,ClN=Cc1ccc(N=Nc2ccc(C=NCl)[nH]2)[nH]1,,1.31
train,3487,XHZMOQOJMXSGQE-UHFFFAOYSA-N,COc1cnc2c(n1)C(=O)C=C(c1ncc(F)cn1)C2=O,,2.63
train,4091,FEXMJCWMJCYADW-ISLYRVAYSA-N,O=S1(=O)C=CC=C1c1ccc(N=Nc2ccc(C3=CC=CS3(=O)=O)o2)o1,,1.16
train,2952,UIOKOHLBLCUWTH-UHFFFAOYSA-N,COc1ccc(C2=C(c3ccc(OC)s3)C(=O)c3c(C#N)ccnc3C2=O)s1,,1.0
train,5419,FZADTPWMYGHFOB-UHFFFAOYSA,C#COCc1ccc2c(c1)oc(=O)c1c(-c3ccc(C(F)(F)F)o3)c3ccccc3cc12,,1.63
train,4958,XNHAREVFORKFHM-UHFFFAOYSA-N,Cc1nnc(-c2cc(C#N)cc(-c3nnc(C)nn3)c2C#N)nn1,,2.21
train,1874,MCQYIMBBGJLIKJ-UHFFFAOYSA-N,N#Cc1cnc2c(c1C#N)C(=O)C(c1ccc(S)cn1)=C(c1ccc(S)cn1)C2=O,,1.79
train,658,FFTPSRRCZMCNJI-UHFFFAOYSA-N,Cc1ncc(C2=CC(=O)c3nc(C#N)ccc3C2=O)[nH]1,,1.76
train,4319,JCSOABOKWBYMGA-UHFFFAOYSA-N,SC1(S)N=N1,,2.31
train,247,BRGJJPCSDHFGBN-UHFFFAOYSA-N,CN(C)c1cn(C2=CC(=O)c3nc(C#N)c(C#N)nc3C2=O)nn1,,1.25
train,1333,JARFDBFEJKHLBZ-UHFFFAOYSA-N,COc1ccnc2c1C(=O)C(c1nnc(F)nn1)=CC2=O,,2.62
train,587,DXEMQNGHJRAION-OWOJBTEDSA-N,N#Cc1cnc2c(n1)C(=O)C=C(C=COC(F)(F)F)C2=O,,2.56
train,2630,QPPYZXFWFGNURA-UHFFFAOYSA-N,O=C1C(c2ncc(C(F)(F)F)s2)=C(c2ncc(C(F)(F)F)s2)C(=O)c2nccnc21,,2.45
train,1473,JSBKEPOYNYUVIW-UHFFFAOYSA-N,N#Cc1cnc2c(c1)C(=O)C(n1cc(O)c3ccccc31)=C(n1cc(O)c3ccccc31)C2=O,,1.11
train,2493,PBZNMVCYFYYNMV-UHFFFAOYSA-N,COc1cnc2c(c1)C(=O)C(c1cnc(N=C(C)O)[nH]1)=CC2=O,,1.45
train,1854,MAPYTSHCIJRDPA-UHFFFAOYSA-N,Cc1cnc(C2=CC(=O)c3ncc(C#N)cc3C2=O)s1,,2.0
train,2431,OVEHPZNANRNZMC-JOVCIAKGSA-N,O=C1C(C=C[N+](=O)[O-])=C(C=C[N+](=O)[O-])C(=O)c2ncccc21,,2.48
train,2816,RZTZUVIPCXFKPX-UHFFFAOYSA-N,N#Cc1ccnc2c1C(=O)C(c1ccc(O)cn1)=C(c1ccc(O)cn1)C2=O,,1.83
train,5424,HALSNSYDBDFBRC-KKMKTNMSSA,N#C/N=C\c1c2ccccc2cc2c1c(=O)oc1cc(-c3ccsc3C#N)ccc12,,1.76
train,2808,RYOOTLRTLDDRTK-UHFFFAOYSA-N,Cc1ccc(C2=C(c3ccc(C)cn3)C(=O)c3ncc(C#N)cc3C2=O)nc1,,1.49
train,2754,RSBKQKCZPWXAPO-UHFFFAOYSA-N,N#Cc1ccnc2c1C(=O)C(c1ccc([N+](=O)[O-])cc1)=C(c1ccc([N+](=O)[O-])cc1)C2=O,,2.74
train,2015,MUIBPBZSKDTYEQ-UHFFFAOYSA-N,N#Cc1cc2c(nc1C#N)C(=O)C=C(c1ccc([N+](=O)[O-])o1)C2=O,,2.72
train,3522,XLPLVRQNKQRZQV-UHFFFAOYSA-N,N#Cc1cc(C#N)c2c(n1)C(=O)C(c1nc([N+](=O)[O-])cs1)=C(c1nc([N+](=O)[O-])cs1)C2=O,,2.71
train,1604,KFRRWJILZDEHPA-UHFFFAOYSA-N,N#Cc1cnc2c(n1)C(=O)C(c1ncc([N+](=O)[O-])o1)=C(c1ncc([N+](=O)[O-])o1)C2=O,,3.12
train,2018,MUODURKTBRENCU-UHFFFAOYSA-N,N#Cc1cnc2c(c1)C(=O)C(c1ncc(O)o1)=C(c1ncc(O)o1)C2=O,,1.52
train,2391,OQFUHOMJIKESCY-UHFFFAOYSA-N,CC(O)=Nc1ccc(C2=CC(=O)c3ncc(C#N)c(C#N)c3C2=O)n1C=O,,1.36
train,246,BRAXJDZJDTXYLF-UHFFFAOYSA-N,N#Cc1ccc(C2=CC(=O)c3nccc(C#N)c3C2=O)s1,,2.41
train,3599,XVRKYVCOHBVTAI-UHFFFAOYSA-N,O=C1C(c2cnc([N+](=O)[O-])[nH]2)=C(c2cnc([N+](=O)[O-])[nH]2)C(=O)c2nccnc21,,2.21
train,967,HHIXAMLZJDAPES-UHFFFAOYSA-N,N#Cc1nc2c(nc1C#N)C(=O)C(c1ncc(F)s1)=C(c1ncc(F)s1)C2=O,,1.97
train,4492,MKDNIKUYJDCPTD-UHFFFAOYSA-N,N#Cc1cc(C2=CC=C([N+](=O)[O-])S2(=O)=O)c(C#N)c(C2=CC=C([N+](=O)[O-])S2(=O)=O)c1,,3.16
train,5195,QQNPMKCZBXPXEH-UHFFFAOYSA,N#Cc1ncc(N2c3ccccc3N(c3ccc(S)cc3)c3ccccc32)o1,,0.58
train,5502,XAIIXPJWBWDVBB-SSDVNMTOSA,C#COCc1ccc2c(c1)oc(=O)c1c(/C=N/[N+](=O)[O-])c3ccccc3cc12,,1.81
train,1170,IGIUPYVYUJGISZ-UHFFFAOYSA-N,O=C1C(c2ccc(S)cc2)=C(c2ccc(S)cc2)C(=O)c2nccnc21,,1.52
train,3482,XGYWUWSHIWIZKJ-UHFFFAOYSA-N,N#Cc1ccnc2c1C(=O)C(c1cc(OC(F)(F)F)c[nH]1)=C(c1cc(OC(F)(F)F)c[nH]1)C2=O,,1.28
train,858,GUFYBVNYJNRAAQ-OWOJBTEDSA-N,O=C1C=C(C=CCl)C(=O)c2nccnc21,,2.53
train,4041,DDHPYLVJEXPJQU-UHFFFAOYSA-N,O=C1c2ccc(C3=CC=CC3)cc2C(=O)c2cc(C3=CC=CC3)ccc21,,1.45
train,4606,OMWSKKKENYUCBZ-DQRAZIAOSA-N,Fc1ccc(-c2ccc(N=Nc3ccc(-c4ccc(F)[nH]4)s3)s2)[nH]1,,0.44
train,1674,KPKHHCUKZHGWLW-UHFFFAOYSA-N,N#Cc1coc(C2=CC(=O)c3nc(C#N)ccc3C2=O)n1,,2.81
train,1469,JRXFQJVMCCOPKE-UHFFFAOYSA-N,Cc1ccc(C2=C(c3ccc(C)s3)C(=O)c3nccnc3C2=O)s1,,1.17
train,703,FLRIIWYOQFMFDN-UHFFFAOYSA-N,N#Cc1cnc2c(n1)C(=O)C(c1ncc(C(F)(F)F)cn1)=CC2=O,,2.95
train,2309,OGJMEGYLGRHPKR-UHFFFAOYSA-N,CC(O)=Nc1nnc(C2=CC(=O)c3ncc(C#N)c(C#N)c3C2=O)nn1,,2.25
train,4990,YBYGJQJZWXRFPK-BYYHNAKLSA-N,Cn1c(-c2ccc(N=Nc3ccc(-c4ccc(C(F)(F)F)n4C)o3)o2)ccc1C(F)(F)F,,0.66
train,1239,IONUZVFMUVMSOZ-HSFFGMMNSA-N,N#Cc1cnc2c(c1)C(=O)C(C=C[N+](=O)[O-])=C(C=C[N+](=O)[O-])C2=O,,2.56
train,3340,WPQUYUHKJFSZSV-UHFFFAOYSA-N,N#Cc1cnc2c(n1)C(=O)C(n1cc(S)c3ccccc31)=C(n1cc(S)c3ccccc31)C2=O,,1.09
train,2017,MUKFCHKKMQRZMK-UHFFFAOYSA-N,CC(O)=Nc1cnc(C2=CC(=O)c3nc(C#N)ccc3C2=O)nc1,,2.03
train,4235,HUKZUSPYXLEAJY-BUHFOSPRSA-N,O=[N+]([O-])c1nnc(-c2ccc(N=Nc3ccc(-c4nnc([N+](=O)[O-])nn4)o3)o2)nn1,,2.06
train,2854,SDEWKMWTBNYYAU-UHFFFAOYSA-N,O=C1C(C2=CC=CS2(=O)=O)=C(C2=CC=CS2(=O)=O)C(=O)c2nccnc21,,2.41
train,1240,IOQPSFLJFRIVGU-UHFFFAOYSA-N,CN(C)c1cnc(C2=CC(=O)c3nccc(C#N)c3C2=O)nc1,,1.46
train,2804,RYHGIGMUROZTAR-UHFFFAOYSA-N,N#Cc1cc2c(nc1C#N)C(=O)C=C(c1ccc(F)cc1)C2=O,,2.42
train,1087,HWSJLBYZKAJGBO-UHFFFAOYSA-N,N#Cc1nc2c(nc1C#N)C(=O)C(c1cc(O)c[nH]1)=CC2=O,,1.4
train,1098,HXUYFMFQFCLRNT-UHFFFAOYSA-N,N#Cc1cnc2c(c1C#N)C(=O)C(n1cc(Cl)nn1)=C(n1cc(Cl)nn1)C2=O,,2.74
train,4230,HSMLZGGPFLRQJN-DQRAZIAOSA-N,c1nnc(-c2ccc(N=Nc3ccc(-c4nncnn4)cc3)cc2)nn1,,1.69
train,5373,VVLOVAZYTIZEPV-UHFFFAOYSA,CC1(C)c2cc(-c3ccc(C#CC(F)(F)F)cc3)ccc2N(c2ccc(-c3cc([N+](=O)[O-])n(C=O)c3)cc2)c2ccc(-c3ccc(C(F)(F)F)cc3)cc21,,0.84
train,2066,NAMYKOXSVZJQGI-UHFFFAOYSA-N,N#Cc1cnc2c(n1)C(=O)C(c1ccc(OC(F)(F)F)n1C=O)=C(c1ccc(OC(F)(F)F)n1C=O)C2=O,,1.74
train,475,DCQGJEWMKQJTRJ-NSCUHMNNSA-N,COC=CC1=CC(=O)c2ncc(C#N)nc2C1=O,,1.97
train,5541,QTUCCHBWVCXSFC-UHFFFAOYSA,Sc1occc1N1c2ccccc2Sc2ccccc21,,0.73
train,786,GKUVOLQYXBSGHH-UHFFFAOYSA-N,N#Cc1ccnc2c1C(=O)C(c1ccc(S)s1)=C(c1ccc(S)s1)C2=O,,1.18
train,5433,IHWXUDMQKPTLQO-UHFFFAOYSA,O=c1oc2ccccc2c2cc3ccccc3c(-c3nnc(F)nn3)c12,,1.76
train,3668,YSQTYRLAOVQREO-UHFFFAOYSA-N,Cn1c(C2=CC(=O)c3nccnc3C2=O)ccc1C(F)(F)F,,1.99
train,1941,MLSUPGZMDCJIHC-UHFFFAOYSA-N,COc1ccc2c(n1)C(=O)C=C(c1ncc(N(C)C)cn1)C2=O,,1.4
train,2647,RFXCZZAKIULMAC-UHFFFAOYSA-N,N#Cc1ccc2c(n1)C(=O)C(c1ncc(S)s1)=C(c1ncc(S)s1)C2=O,,1.35
train,2179,NNRUAIBQCOEEOK-UHFFFAOYSA-N,N#Cc1cc2c(nc1C#N)C(=O)C=C(c1ncc(C(F)(F)F)cn1)C2=O,,2.95
train,4471,LZUPKVCTPBDBIQ-KQQUZDAGSA-N,O=C1c2ccc(C=C[N+](=O)[O-])cc2C(=O)c2cc(C=C[N+](=O)[O-])ccc21,,2.76
train,4603,OLEYQUCYIPBSKM-UHFFFAOYSA-N,N#Cc1cc(C#CC(F)(F)F)c(C#N)c(C#CC(F)(F)F)c1,,-0.4
train,3031,UQXZOMJLGQESEK-UHFFFAOYSA-N,COC1=CC=C(C2=CC(=O)c3nc(C#N)c(C#N)cc3C2=O)C1,,1.16
train,1371,JGBYBIYAAXNLKD-UHFFFAOYSA-N,O=C1C(c2cnc([N+](=O)[O-])[nH]2)=CC(=O)c2ncccc21,,2.49
train,4424,LBAYJWTUTPFZBE-FXOCUQNHSA-N,O=C1c2ccc(C=NOC(F)(F)F)cc2C(=O)c2cc(C=NOC(F)(F)F)ccc21,,2.92
train,3914,AIMCWSZPGPELED-FMQUCBEESA-N,COc1cnc(-c2ccc(N=Nc3ccc(-c4ncc(OC)s4)s3)s2)s1,,0.83
train,2889,SHPAELCFDRPJLX-ACAGNQJTSA-N,N#Cc1ccc2c(n1)C(=O)C=C(C=NO)C2=O,,2.88
train,636,FCMRWLFGWUMMSZ-UHFFFAOYSA-N,Cc1ccc(C2=CC(=O)c3nc(C#N)cc(C#N)c3C2=O)cc1,,2.17
train,2856,SDJNCIQIUOHWHD-UHFFFAOYSA-N,N#Cc1ccnc2c1C(=O)C(c1ccc(F)cc1)=C(c1ccc(F)cc1)C2=O,,2.04
train,2005,MTXIVSVNXCBWCA-UHFFFAOYSA-N,O=C1C(n2cc(O)c3ccccc32)=C(n2cc(O)c3ccccc32)C(=O)c2nccnc21,,0.9
train,4206,HEYBXGUENUHMSY-VHXPQNKSSA-N,Clc1ccc(-c2ccc(N=Nc3ccc(-c4ccc(Cl)s4)cc3)cc2)s1,,1.1
train,5015,YLBLEMUHRXYQQS-FMQUCBEESA-N,ClC#Cc1ccc(N=Nc2ccc(C#CCl)cc2)cc1,,1.75
train,2289,ODOFZYOLDWPFQQ-UHFFFAOYSA-N,N#Cc1nc2c(nc1C#N)C(=O)C(C1=CC=C(F)S1(=O)=O)=CC2=O,,2.77
train,3704,YXKIERBMYDIZBZ-UHFFFAOYSA-N,N#Cc1ccc(C2=CC(=O)c3ncc(C#N)c(C#N)c3C2=O)cc1,,2.82
train,3066,UVDXGXVFANSVOS-UHFFFAOYSA-N,N#Cc1cnc2c(c1C#N)C(=O)C(c1ncc(Cl)s1)=CC2=O,,2.29
train,4287,INQBWMWJEOQIDZ-DQRAZIAOSA-N,Sc1csc(-c2ccc(N=Nc3ccc(-c4nc(S)cs4)cc3)cc2)n1,,1.32
train,1717,LJPQBJGQBJBFMF-UHFFFAOYSA-N,N#Cc1cnc2c(n1)C(=O)C(C#CC(F)(F)F)=C(C#CC(F)(F)F)C2=O,,3.49
train,5206,URXFIFAGQQKZAC-SRZZPIQSSA,C=COCN1c2ccccc2N(/C=N/OC(F)(F)F)c2ccccc21,,1.0
train,3525,XLVQQCMYYFXKJO-UHFFFAOYSA-N,N#Cc1cnc2c(n1)C(=O)C(c1ncc(C(F)(F)F)o1)=C(c1ncc(C(F)(F)F)o1)C2=O,,2.81
train,4583,OEKQTBWZQQOBCS-BYYHNAKLSA-N,Clc1ccc(-c2ccc(N=Nc3ccc(-c4ccc(Cl)cc4)cc3)cc2)cc1,,1.51
train,2129,NIGDPMCSMHFRGT-UHFFFAOYSA-N,N#Cc1cnc2c(c1)C(=O)C(c1cccs1)=CC2=O,,1.97
train,809,GOTRLLJUAOKZFB-UHFFFAOYSA-N,N#Cc1ccc2c(n1)C(=O)C(n1ccnc1)=C(n1ccnc1)C2=O,,2.17
train,49,AHBLUHPHRNAWIC-VOERYJCWSA-N,COc1cnc2c(n1)C(=O)C(C=CF)=C(C=CF)C2=O,,2.11
train,570,DUJPTBNQSNKADY-RJRFIUFISA-N,O=C1C=C(C=CS)C(=O)c2nccnc21,,1.99
train,4688,QQGLHCHHQVIELG-WCWDXBQESA-N,Fc1ccc(-c2ccc(N=Nc3ccc(-c4ccc(F)s4)cc3)cc2)s1,,1.2
train,4882,VWUGIBZNHXHSEN-FMQUCBEESA-N,O=Cn1cccc1-c1ccc(N=Nc2ccc(-c3cccn3C=O)o2)o1,,0.71
train,5093,ATTDEKMJYZRRRC-UHFFFAOYSA,Fc1occc1N1c2ccccc2N(c2cccnc2)c2ccccc21,,0.33
train,874,GVXHCIGDKUTWGA-UHFFFAOYSA-N,N#Cc1cc2c(nc1C#N)C(=O)C(c1ccc(Cl)s1)=C(c1ccc(Cl)s1)C2=O,,1.66
train,5412,DSLBJDXOEPBAQS-UHFFFAOYSA,O=c1oc2cc(-c3cnc(C(F)(F)F)o3)ccc2c2cc3ccccc3c(-c3csc(OC(F)(F)F)n3)c12,,1.61
train,4214,HJWFJDWBRCYNKW-BUHFOSPRSA-N,C=Cc1ccc(N=Nc2ccc(C=C)s2)s1,,1.0
train,3896,ACHAKXGARSBJCU-FMQUCBEESA-N,O=S1(=O)C(Cl)=CC=C1c1ccc(N=Nc2ccc(C3=CC=C(Cl)S3(=O)=O)o2)o1,,1.3
train,2051,MZIMBXAHMHDXRB-UHFFFAOYSA-N,N#Cc1cnc2c(n1)C(=O)C=C(c1cnc(F)[nH]1)C2=O,,2.05
train,165,AUXDZLSMXMIKEZ-UHFFFAOYSA-N,O=C1C=C(c2ccc(OC(F)(F)F)cn2)C(=O)c2nccnc21,,2.51
train,113,AOBADQYOERVRNW-UHFFFAOYSA-N,N#Cc1ccc2c(n1)C(=O)C=C(c1ccccn1)C2=O,,2.6
train,4444,LJKAVFXEKIPINN-UHFFFAOYSA-N,O=C1c2ccc(-c3ccc([N+](=O)[O-])[nH]3)cc2C(=O)c2cc(-c3ccc([N+](=O)[O-])[nH]3)ccc21,,2.04
train,5117,MSCTXTLJIXOAGR-UHFFFAOYSA,N#Cc1ccc(N2c3ccccc3N(c3cccc(Cl)n3)c3ccccc32)cc1,,0.33
train,4980,XYOGDFNYXBMZSA-UHFFFAOYSA-N,N#Cc1cc(-c2ccc(F)cc2)c(C#N)c(-c2ccc(F)cc2)c1,,2.28
train,117,AOGXZTLMQHCODR-UHFFFAOYSA-N,O=C1C(c2ccc(OC(F)(F)F)cn2)=C(c2ccc(OC(F)(F)F)cn2)C(=O)c2nccnc21,,2.36
train,5391,MDOLTUUXHKAELP-UHFFFAOYSA,c1ccc2c(c1)Oc1ccccc1N2c1cnco1,,0.9
train,1270,ISOCOAAQODWSBX-UHFFFAOYSA-N,CN(C)c1cn(C2=CC(=O)c3nccnc3C2=O)nn1,,1.17
train,1645,KLGYIQSRNDWDKS-UHFFFAOYSA-N,N#Cc1cc2c(nc1C#N)C(=O)C(c1ncccn1)=C(c1ncccn1)C2=O,,2.66
train,5274,YDXKFDXDNHXDCJ-UHFFFAOYSA,Fc1nc(N2c3ccccc3N(c3cnc(F)o3)c3ccccc32)co1,,0.7
train,1816,LVZSJLFNMFJQQC-UHFFFAOYSA-N,N#Cc1cc(C#N)c2c(n1)C(=O)C=C(c1nc(Cl)cs1)C2=O,,2.38
train,3967,BHSLUBYNQGBIIN-UHFFFAOYSA-N,Cn1c(S)ccc1C1(S)N=N1,,1.15
train,3161,VEOLLMRWXSSFHQ-UHFFFAOYSA-N,N#Cc1cnc2c(n1)C(=O)C(c1ncc(O)cn1)=C(c1ncc(O)cn1)C2=O,,2.41
train,2059,MZVMVUZDWKIRLF-UHFFFAOYSA-N,N#Cc1ccnc2c1C(=O)C(c1ccc(F)[nH]1)=CC2=O,,1.53
train,1217,ILSNKANUAHLWPE-ONEGZZNKSA-N,N#Cc1ccc2c(n1)C(=O)C=C(C=CC(F)(F)F)C2=O,,3.13
train,3486,XHXMWWYIFZNAHF-UHFFFAOYSA-N,O=C1C(c2ncc(F)s2)=C(c2ncc(F)s2)C(=O)c2nccnc21,,1.86
train,3277,WKFPUENNIKBPPK-UHFFFAOYSA-N,N#Cc1ccc2c(n1)C(=O)C=C(c1nnc([N+](=O)[O-])nn1)C2=O,,2.97
train,2363,OMGPEVUCEIJQSG-OWOJBTEDSA-N,N#Cc1cnc2c(c1C#N)C(=O)C(C=CC(F)(F)F)=CC2=O,,3.28
train,4656,PWDIGGBJHKNYRL-UHFFFAOYSA-N,FC(F)(F)c1cnc(C2(C(F)(F)F)N=N2)o1,,3.13
train,1807,LVCGEAROGVUYKL-UHFFFAOYSA-N,COc1coc(C2=C(c3nc(OC)co3)C(=O)c3nc(C#N)c(C#N)nc3C2=O)n1,,1.6
train,4692,QTBYXCONHQQYGJ-OCEACIFDSA-N,O=Cn1c(Cl)ccc1-c1ccc(N=Nc2ccc(-c3ccc(Cl)n3C=O)cc2)cc1,,1.3
train,1241,IORORYHPQQXCQE-UHFFFAOYSA-N,N#CC#CC1=CC(=O)c2nc(C#N)cnc2C1=O,,3.53
train,3222,WDFKCBAJPCPLQV-UHFFFAOYSA-N,N#Cc1cnc2c(c1C#N)C(=O)C(c1ccc(F)[nH]1)=CC2=O,,1.56
train,2278,OBZMVSCYOFWBLE-UHFFFAOYSA-N,N#Cc1ccnc2c1C(=O)C(c1ncc(F)s1)=CC2=O,,2.25
train,4648,PSYLCHYIOWELFL-UHFFFAOYSA-N,N#Cc1c[nH]c(C2(C#N)N=N2)c1,,2.14
train,5365,QPSTVZGOVNLEEL-UHFFFAOYSA,CC#Cc1ccc(-c2ccc3c(c2)C(C)(C)c2cc(-c4ccc(-c5cc(C#N)[nH]n5)cc4)ccc2N3c2ccc(-c3csc(C#N)n3)cc2)cc1,,0.74
train,4703,RAABYYNKDGTVDP-UHFFFAOYSA-N,O=C1c2ccc(-c3ncc(OC(F)(F)F)cn3)cc2C(=O)c2cc(-c3ncc(OC(F)(F)F)cn3)ccc21,,2.67
train,4484,MFJWGNUVTGVVFW-BUHFOSPRSA-N,Sc1nnc(-c2ccc(N=Nc3ccc(-c4nnc(S)nn4)s3)s2)nn1,,1.53
train,137,AQNTWXQRHIFOAP-UHFFFAOYSA-N,N#Cc1cnc2c(c1)C(=O)C(C1=CC=C(F)C1)=CC2=O,,1.63
train,1743,LMDICMAIRFWCLS-UHFFFAOYSA-N,COc1cnc2c(n1)C(=O)C=C(c1ccc(Cl)s1)C2=O,,1.9
train,2540,PHASFURECAAPQV-UHFFFAOYSA-N,N#Cc1nc2c(nc1C#N)C(=O)C(c1nncnn1)=C(c1nncnn1)C2=O,,2.63
train,5325,ALGYMYIPOZOAEZ-UHFFFAOYSA,CC1(C)c2cc(-c3ccc(F)cc3)ccc2N(c2ccc(-c3csc(F)n3)cc2)c2ccc(-c3ccc(-c4csc(C#N)c4)cc3)cc21,,0.73
train,3306,WMVSYJODBDHLBW-UHFFFAOYSA-N,COc1cnc2c(c1)C(=O)C(c1nc(N=C(C)O)co1)=CC2=O,,1.61
train,3688,YVMSCWWKYQENPD-UHFFFAOYSA-N,N#Cc1cc(C#N)c2c(n1)C(=O)C(C1=CC=CS1(=O)=O)=C(C1=CC=CS1(=O)=O)C2=O,,2.5
train,1797,LTXXLFYSNKVWFS-UHFFFAOYSA-N,N#Cc1ccc2c(n1)C(=O)C=C(c1cc(S)c[nH]1)C2=O,,1.36
train,2713,RNASOKLZCKVSRP-UHFFFAOYSA-N,O=C1C=C(C2=CC=C(S)C2)C(=O)c2nccnc21,,1.14
train,5220,AWLFKZUXEYIKBK-UHFFFAOYSA,FC(F)(F)c1ncc(N2c3ccccc3N(c3ccnc(C(F)(F)F)n3)c3ccccc32)cn1,,0.8
train,1833,LYANVKCOSKOFOE-UHFFFAOYSA-N,N#Cc1ccc2c(n1)C(=O)C(C1=CC=C([N+](=O)[O-])C1)=C(C1=CC=C([N+](=O)[O-])C1)C2=O,,2.07
train,4054,DMLAVOWQYNRWNQ-BUHFOSPRSA-N,c1ccc(N=Nc2ccccc2)cc1,,1.66
train,1186,IJJHTTNKSJCPQV-UHFFFAOYSA-N,COc1ccc2c(n1)C(=O)C=C(c1ccc(S)[nH]1)C2=O,,1.05
train,4216,HKWYHBFIHMYDIK-UHFFFAOYSA-N,O=C1c2ccc(-c3cnc[nH]3)cc2C(=O)c2cc(-c3cnc[nH]3)ccc21,,1.7
train,2321,OIDHGTPKMGBYKI-UHFFFAOYSA-N,COc1ccnc2c1C(=O)C(C1=CC=C(O)S1(=O)=O)=CC2=O,,2.07
train,2753,RRUBFJMWJYDWQD-CIIODKQPSA-N,CC=CC1=C(C=CC)C(=O)c2nc(C#N)cnc2C1=O,,1.86
train,5079,ZSVWBCJGYMRHLO-UHFFFAOYSA-N,O=Cn1cccc1-c1ccc2c(c1)C(=O)c1cc(-c3cccn3C=O)ccc1C2=O,,1.84
train,3724,YZJJAEFFJHUAIJ-UHFFFAOYSA-N,O=C1C(c2ccc(OC(F)(F)F)cc2)=CC(=O)c2ncccc21,,2.31
train,5289,ICLKLWRQMYQRHR-UHFFFAOYSA,CC1(C)c2cc(-c3ccc(-c4cncnc4)cc3)ccc2N(c2ccc(-c3ccc(O)o3)cc2)c2ccc(-c3ccc(-c4c[nH]c(O)c4)cc3)cc21,,0.6
train,5449,KZSNOGMAJXSFGE-UHFFFAOYSA,O=c1oc2cc(-c3cnc(S)o3)ccc2c2cc3ccccc3c(-c3c[nH]c(C(F)(F)F)c3)c12,,1.23
train,68,AJGXJCYMWLTPDK-UHFFFAOYSA-N,COc1ccc2c(n1)C(=O)C=C(c1ccc(C#N)s1)C2=O,,2.3
train,60,AIVGNCJSHDFQEF-UHFFFAOYSA-N,N#Cc1nc2c(nc1C#N)C(=O)C(c1ccccn1)=C(c1ccccn1)C2=O,,1.7
train,2458,OYFWQGAGMBCLME-UHFFFAOYSA-N,Cn1c(C2=CC(=O)c3nc(C#N)cc(C#N)c3C2=O)ccc1[N+](=O)[O-],,2.38
train,5345,GVQLRTTYGWGRQE-UHFFFAOYSA,CC1(C)c2cc(-c3ccc(-c4cc([N+](=O)[O-])n(C=O)c4)cc3)ccc2N(c2ccc(-c3nc([N+](=O)[O-])cs3)cc2)c2ccc(-c3ccc(-c4cnc(F)o4)cc3)cc21,,0.78
train,5348,JGZJJBYEZFXJQW-JJHRWBALSA,CC#Cc1ccc(N2c3ccc(-c4ccc(/C=N/C#N)cc4)cc3C(C)(C)c3cc(-c4ccc(-c5coc(C)c5)cc4)ccc32)cc1,,0.75
train,660,FGCBSVQMEURSHQ-UHFFFAOYSA-N,N#Cc1cnc2c(c1C#N)C(=O)C(c1ccco1)=CC2=O,,2.04
train,2771,RUMFBRKINXCMNC-UHFFFAOYSA-N,N#Cc1ccc(C2=C(c3ccc(C#N)n3C=O)C(=O)c3ncccc3C2=O)n1C=O,,2.13
train,4404,KSQNTTKMYJSUTA-VHXPQNKSSA-N,Cc1ccc(-c2ccc(N=Nc3ccc(-c4ccc(C)n4C)[nH]3)[nH]2)n1C,,0.05
train,4792,TUHSFGKYPZECNR-DQRAZIAOSA-N,c1cnc(-c2ccc(N=Nc3ccc(-c4ncccn4)s3)s2)nc1,,1.12
train,1226,INHUCHNYFGUUHD-UHFFFAOYSA-N,COc1ccnc2c1C(=O)C(c1ncc(C(F)(F)F)o1)=CC2=O,,2.77
train,3445,XCWGRZKAKSBVHA-UHFFFAOYSA-N,N#Cc1csc(C2=C(c3nc(C#N)cs3)C(=O)c3nc(C#N)c(C#N)nc3C2=O)n1,,2.52
train,2360,OLYWZNMXSKMWPG-UHFFFAOYSA-N,N#Cc1cnc2c(c1)C(=O)C(c1ccc(O)[nH]1)=C(c1ccc(O)[nH]1)C2=O,,0.59
train,1515,JWLYQBSSGDQWAC-UHFFFAOYSA-N,N#Cc1ccnc2c1C(=O)C(c1cnc([N+](=O)[O-])[nH]1)=CC2=O,,2.56
train,4417,KYNJQKBFPWJCAP-OCEACIFDSA-N,FC(F)(F)c1csc(-c2ccc(N=Nc3ccc(-c4nc(C(F)(F)F)cs4)o3)o2)n1,,1.25
train,2206,NRUIMNDMSDELSX-UHFFFAOYSA-N,N#Cc1cc2c(nc1C#N)C(=O)C=C(C1=CC=C([N+](=O)[O-])C1)C2=O,,2.47
train,1150,IDNJTQCGKQEMBW-UHFFFAOYSA-N,N#Cc1cnc2c(n1)C(=O)C=C(c1nnc(OC(F)(F)F)nn1)C2=O,,2.76
train,1468,JRIZOYHNNGKPMQ-UHFFFAOYSA-N,CC(O)=Nc1ccc(C2=C(c3ccc(N=C(C)O)s3)C(=O)c3nc(C#N)c(C#N)nc3C2=O)s1,,0.95
train,827,GQUNEGDDLKUQJA-UHFFFAOYSA-N,COc1ccc(C2=C(c3ccc(OC)cc3)C(=O)c3c(C#N)cc(C#N)nc3C2=O)cc1,,1.48
train,1124,IAVJFAGMGAMYDE-UHFFFAOYSA-N,N#Cc1cnc2c(n1)C(=O)C=C(c1ncc(F)o1)C2=O,,2.49
train,3393,WWTPQVRAMBMLOJ-UHFFFAOYSA-N,N#Cc1cc(C#N)c2c(n1)C(=O)C(c1ncc(F)s1)=C(c1ncc(F)s1)C2=O,,1.93
train,1399,JJGJDEKVJPDPRB-UHFFFAOYSA-N,CN(C)c1nnc(C2=CC(=O)c3nc(C#N)c(C#N)nc3C2=O)nn1,,1.95
train,153,ATCPYSOJVIIZJE-UHFFFAOYSA-N,Cc1cnc(C2=C(c3ncc(C)cn3)C(=O)c3ncc(C#N)cc3C2=O)nc1,,2.59
train,4423,LAMVYJRTIVXOFS-DQRAZIAOSA-N,COc1ncc(-c2ccc(N=Nc3ccc(-c4cnc(OC)[nH]4)s3)s2)[nH]1,,0.42
train,3028,UQRJJFMUNYTCNF-UHFFFAOYSA-N,COc1ccc2c(n1)C(=O)C=C(c1nc(C)cs1)C2=O,,1.95
train,1566,KCAFNQSDWAWFBD-UHFFFAOYSA-N,COc1ccnc2c1C(=O)C(C#C[N+](=O)[O-])=CC2=O,,2.96
train,5292,IVDIQRJMGPKGPQ-UHFFFAOYSA,CC1(C)c2cc(-c3ccc(-c4ccc(S)cc4)cc3)ccc2N(c2ccc(-c3ccc(S)cc3)cc2)c2ccc(-c3ccc(-c4ccc(S)cc4)cc3)cc21,,0.68
train,3215,WCHFDAAQZLNUEM-UHFFFAOYSA-N,N#Cc1cnc(C2=C(c3ncc(C#N)cn3)C(=O)c3nccnc3C2=O)nc1,,2.98
train,4976,XXCVOPWRUIIUPN-FMQUCBEESA-N,Cc1cnc(-c2ccc(N=Nc3ccc(-c4ncc(C)o4)o3)o2)o1,,0.96
train,284,BWBIUVKOUJCCKM-UHFFFAOYSA-N,N#Cc1ccnc2c1C(=O)C(c1ncco1)=C(c1ncco1)C2=O,,2.21
train,3239,WEPFANSRQIQOEL-UHFFFAOYSA-N,COc1cnc2c(n1)C(=O)C=C(C#CCl)C2=O,,2.68
train,2632,QPUPMGAGRAMRDK-UHFFFAOYSA-N,N#CC1=CC=C(C2=C(C3=CC=C(C#N)C3)C(=O)c3ncccc3C2=O)C1,,1.68
train,489,DLBAOFOPTOIBLW-UHFFFAOYSA-N,N#Cc1ccnc2c1C(=O)C(c1cc(S)c[nH]1)=CC2=O,,1.3
train,4348,JUJDRNUIBVKKIU-OCEACIFDSA-N,Fc1ccc(-c2ccc(N=Nc3ccc(-c4ccc(F)[nH]4)cc3)cc2)[nH]1,,0.88
train,5248,MHYYCSNWWLHHKA-UHFFFAOYSA,COc1cc(N2c3ccccc3N(c3ccsc3OC)c3ccccc32)cs1,,0.27
train,3015,UOYXNDQCBVGLPG-UHFFFAOYSA-N,COc1coc(C2=C(c3nc(OC)co3)C(=O)c3c(C#N)cc(C#N)nc3C2=O)n1,,1.63
train,5519,ZXZWWSZUGNCASM-UHFFFAOYSA,O=c1oc2cc(-c3ccnc(S)n3)ccc2c2cc3ccccc3c(C#CO)c12,,1.41
train,2417,OTKNFZGUJFQYGO-UHFFFAOYSA-N,N#Cc1cnc2c(n1)C(=O)C(c1nc(F)co1)=CC2=O,,2.5
train,5315,UQQBGUXBLCWYIB-UHFFFAOYSA,COc1ccc(-c2ccc(-c3ccc4c(c3)C(C)(C)c3cc(-c5ccc(-c6ccc(OC(F)(F)F)o6)cc5)ccc3N4c3ccc(S)cc3)cc2)cn1,,0.68
train,2661,RIABQIFYJSLERD-UHFFFAOYSA-N,COc1ccc2c(n1)C(=O)C=C(C1=CC=C(C(F)(F)F)S1(=O)=O)C2=O,,2.6
train,771,GHXNGIURVCYHMF-YDFGWWAZSA-N,COC=CC1=C(C=COC)C(=O)c2nc(OC)cnc2C1=O,,1.08
train,5049,ZCDLQMSGPCSTAI-VHEBKMAFSA-N,FC(F)(F)C=Cc1ccc(N=Nc2ccc(C=CC(F)(F)F)cc2)cc1,,1.73
train,372,CHLZHARXMKHNJZ-UHFFFAOYSA-N,COc1cnc2c(c1)C(=O)C(c1ccc(F)n1C)=CC2=O,,1.42
train,3027,UQPBNNJRYNSOOW-UHFFFAOYSA-N,N#CC1=CC=C(C2=CC(=O)c3nccnc3C2=O)C1,,2.13
train,3075,UWERDPIPWMZWMU-UHFFFAOYSA-N,C#CC1=CC(=O)c2ncccc2C1=O,,3.06
train,5110,IVKMVXHJGORVLA-UHFFFAOYSA,N#Cc1cc(N2c3ccccc3N(S)c3ccccc32)cn1C=O,,0.35
train,3687,YVKNJWHMLCZBRB-UHFFFAOYSA-N,N#Cc1cc(C#N)c2c(n1)C(=O)C=C(n1ccnc1)C2=O,,2.28
train,437,CRLSOHIIIGHUBY-UHFFFAOYSA-N,Cn1c(C#N)ccc1C1=CC(=O)c2nccnc2C1=O,,2.02
train,252,BRRUDVCVSZRWQV-UHFFFAOYSA-N,COC1=CC=C(C2=C(C3=CC=C(OC)C3)C(=O)c3nc(C#N)cnc3C2=O)C1,,0.53
train,4376,KEUZKSADLPIPAJ-UHFFFAOYSA-N,O=C1c2ccc(-c3ccc(C(F)(F)F)o3)cc2C(=O)c2cc(-c3ccc(C(F)(F)F)o3)ccc21,,1.99
train,66,AJFGMIBMLDMLPM-UHFFFAOYSA-N,Cc1ccc(C2=CC(=O)c3nccc(C#N)c3C2=O)cc1,,2.15
train,3642,YABXZDASZZBPDB-UHFFFAOYSA-N,COc1cnc2c(c1)C(=O)C(C#CC#N)=CC2=O,,2.53
train,3392,WWSLEWGTQZENNM-UHFFFAOYSA-N,N#Cc1c[nH]c(C2=CC(=O)c3nc(C#N)c(C#N)cc3C2=O)c1,,2.02
train,332,CCTRBVLTPCKCLF-UHFFFAOYSA-N,N#Cc1cc(C#N)c2c(n1)C(=O)C=C(n1cc(S)c3ccccc31)C2=O,,1.28
train,3938,AVDSDWZAIPGUGX-UHFFFAOYSA-N,O=C1c2ccc(-c3ccc(OC(F)(F)F)[nH]3)cc2C(=O)c2cc(-c3ccc(OC(F)(F)F)[nH]3)ccc21,,1.31
train,2332,OJLNQMVXFCEWNW-UHFFFAOYSA-N,N#Cc1nc2c(nc1C#N)C(=O)C(c1nc([N+](=O)[O-])cs1)=C(c1nc([N+](=O)[O-])cs1)C2=O,,2.72
train,2390,OQEHJTLJUHDDHW-UHFFFAOYSA-N,CN(C)c1ccc(C2=CC(=O)c3nc(C#N)cnc3C2=O)cc1,,1.1
train,732,GCMYFUMRMGTFOX-UHFFFAOYSA-N,CN(C)c1c[nH]c(C2=CC(=O)c3ncc(C#N)nc3C2=O)c1,,0.7
train,4138,FYYYIMKYDSAAEP-VHXPQNKSSA-N,COc1csc(-c2ccc(N=Nc3ccc(-c4nc(OC)cs4)cc3)cc2)n1,,1.24
train,3769,ZFKHCKAMOVYNCG-UHFFFAOYSA-N,O=C1C=C(c2ncc(OC(F)(F)F)o2)C(=O)c2nccnc21,,2.3
train,4851,VEECYVLRWODZDX-UHFFFAOYSA-N,ClC=CC1(Cl)N=N1,,2.47
train,479,DFEQPISNUDQNLF-UHFFFAOYSA-N,N#CC#CC1=CC(=O)c2nc(C#N)cc(C#N)c2C1=O,,3.6
train,3494,XIJQKHZYARSWFA-UHFFFAOYSA-N,C#CC1=CC(=O)c2ncc(OC)cc2C1=O,,2.41
train,2539,PGYUDKYPYNWHGT-UHFFFAOYSA-N,N#Cc1cc2c(nc1C#N)C(=O)C=C(c1ccc(OC(F)(F)F)cc1)C2=O,,2.41
train,947,HEGQWHQXHUXVHG-UHFFFAOYSA-N,N#Cc1ccc2c(n1)C(=O)C=C(c1ccc(O)cn1)C2=O,,2.1
train,2714,RNFRZBXPYGNPHO-UHFFFAOYSA-N,O=C1C(c2ncc(O)cn2)=C(c2ncc(O)cn2)C(=O)c2nccnc21,,2.33
train,266,BTPRRXIQUQFAQU-UHFFFAOYSA-N,N#Cc1ccc2c(n1)C(=O)C=C(c1ccc(C(F)(F)F)s1)C2=O,,2.39
train,1503,JVCLHFWJHXTIIW-UHFFFAOYSA-N,COc1coc(C2=CC(=O)c3ncc(C#N)c(C#N)c3C2=O)n1,,1.85
train,25,AEAKSIBXUSQKDE-UHFFFAOYSA-N,N#Cc1cnc2c(c1C#N)C(=O)C(c1nc(F)cs1)=C(c1nc(F)cs1)C2=O,,2.04
train,3038,UROWGFPIYQIVAR-UHFFFAOYSA-N,CN(C)c1ccc(C2=CC(=O)c3ncc(C#N)c(C#N)c3C2=O)n1C=O,,0.96
train,4619,OVVPVEVWYVLGGD-UHFFFAOYSA-N,FC(F)(F)Oc1ccc(-c2ccc3c(c2)C2=Cc4c5ccc(-c6ccc(OC(F)(F)F)cn6)cc5c5n4[B@@-]4(Cl)n6c(c7ccc(-c8ccc(OC(F)(F)F)cn8)cc7c6=CC3=[N+]24)=C5)nc1,,0.71
train,962,HGQDOAMRIIBNND-UHFFFAOYSA-N,Cc1c[nH]c(C2=CC(=O)c3nc(C#N)cc(C#N)c3C2=O)c1,,1.5
train,884,GWUBIUKVKDSGOL-UHFFFAOYSA-N,COc1cnc2c(c1)C(=O)C(c1nnc(C(F)(F)F)nn1)=CC2=O,,2.66
train,3511,XKQMLYNANSCDMJ-OWOJBTEDSA-N,N#Cc1cnc2c(c1)C(=O)C(C=CCl)=CC2=O,,2.44
train,3853,ZQDCXBSHRIOFAG-UHFFFAOYSA-N,COc1ccc2c(n1)C(=O)C=C(c1ccc(C)s1)C2=O,,1.66
train,3779,ZGEKCFPUTMPMQK-UHFFFAOYSA-N,CC(O)=Nc1cn(C2=CC(=O)c3ncc(C#N)c(C#N)c3C2=O)c2ccccc12,,1.13
train,4228,HRWLFTMZGJBJHO-QURGRASLSA-N,FC(F)(F)OC#Cc1ccc(N=Nc2ccc(C#COC(F)(F)F)s2)s1,,1.25
train,1633,KJIJQIUUNQRLCT-UHFFFAOYSA-N,O=C1C(c2nnc(F)nn2)=CC(=O)c2ncccc21,,2.68
train,5101,FEPUYNAUIGXEHB-UHFFFAOYSA,C=NOCN1c2ccccc2N(c2cnc(C#N)o2)c2ccccc21,,0.71
train,2427,OUZALHNZDHZJHP-UHFFFAOYSA-N,N#Cc1ccc2c(n1)C(=O)C(c1ccc(OC(F)(F)F)s1)=C(c1ccc(OC(F)(F)F)s1)C2=O,,1.7
train,1230,INRYLVCMKSSNLK-UHFFFAOYSA-N,N#Cc1cc(C#N)c2c(n1)C(=O)C=C(c1nnc(O)nn1)C2=O,,2.48
train,18,ACUCJRVJTBUONQ-UHFFFAOYSA-N,COc1ccc(C2=CC(=O)c3nc(C#N)c(C#N)nc3C2=O)s1,,1.57
train,1238,IOHHFPHMLWYVGZ-UHFFFAOYSA-N,CC(O)=Nc1ccc(C2=CC(=O)c3ncc(C#N)cc3C2=O)n1C,,1.03
train,444,CTNWZTYVHTWGII-UHFFFAOYSA-N,COc1nc2c(nc1OC)C(=O)C(c1c[nH]c(C#N)n1)=C(c1c[nH]c(C#N)n1)C2=O,,1.85
train,5076,ZQPOTDXQUCATOH-UHFFFAOYSA-N,Sc1ccc(C2(S)N=N2)o1,,1.3
train,4972,XSRMZVRMOIBEAO-ISLYRVAYSA-N,O=[N+]([O-])c1cnc(-c2ccc(N=Nc3ccc(-c4ncc([N+](=O)[O-])o4)s3)s2)o1,,1.77
train,4435,LGNYRUIHYGIHHX-UHFFFAOYSA-N,Cc1ccc(-c2ccc3c(c2)C(=O)c2cc(-c4ccc(C)o4)ccc2C3=O)o1,,1.5
train,2263,NZVFNIQHAOOKDI-UHFFFAOYSA-N,N#Cc1cnc2c(c1C#N)C(=O)C(c1ccccc1)=CC2=O,,2.45
train,726,GCAGNTOKFGYUOM-UHFFFAOYSA-N,N#Cc1ccc(C2=CC(=O)c3ncc(C#N)c(C#N)c3C2=O)nc1,,3.0
train,1927,MJENWCWMRKPMBM-UHFFFAOYSA-N,COc1nc2c(nc1OC)C(=O)C(c1ccc(C#N)[nH]1)=C(c1ccc(C#N)[nH]1)C2=O,,1.67
train,2167,NMVOZVXUZIQBIG-UHFFFAOYSA-N,Cn1c(C2=CC(=O)c3nccc(C#N)c3C2=O)ccc1C(F)(F)F,,2.01
train,3649,YQBMAJGAYHJLCN-UHFFFAOYSA-N,Cc1cnc(C2=CC(=O)c3nccc(C#N)c3C2=O)o1,,2.07
train,4373,KCFRCSBJQYXGDH-OCEACIFDSA-N,N#Cc1cnc(-c2ccc(N=Nc3ccc(-c4ncc(C#N)cn4)s3)s2)nc1,,1.54
train,3680,YUGMDYBTCMOQGX-UHFFFAOYSA-N,COc1nc2c(nc1OC)C(=O)C(n1ccnc1C#N)=C(n1ccnc1C#N)C2=O,,2.6
train,1322,IYJNSLZTPMUQKY-UHFFFAOYSA-N,Cn1c(F)ccc1C1=CC(=O)c2ncc(C#N)c(C#N)c2C1=O,,1.6
train,2866,SEPXTOKEZYRGQZ-UHFFFAOYSA-N,CC(O)=Nc1cnc(C2=CC(=O)c3ncc(C#N)cc3C2=O)s1,,1.42
train,4697,QWZWABUSTMBZOI-QURGRASLSA-N,Oc1cnc(-c2ccc(N=Nc3ccc(-c4ncc(O)s4)cc3)cc2)s1,,1.24
train,4788,SZCFBFFWSONDLD-KIPVTJEFSA-N,O=C1c2ccc(C=NC(F)(F)F)cc2C(=O)c2cc(C=NC(F)(F)F)ccc21,,3.09
train,2159,NMAOJKKMADTQAE-UHFFFAOYSA-N,N#Cc1ccnc2c1C(=O)C(C#CF)=CC2=O,,3.15
train,2509,PEBNRHCTUIRFOP-UHFFFAOYSA-N,N#Cc1ccc2c(n1)C(=O)C(C1=CC=C(C(F)(F)F)S1(=O)=O)=C(C1=CC=C(C(F)(F)F)S1(=O)=O)C2=O,,2.87
train,3362,WTCVMCMYOVSQQN-UHFFFAOYSA-N,COc1nc2c(nc1OC)C(=O)C(c1nncnn1)=C(c1nncnn1)C2=O,,2.46
train,1585,KEFNBNBOCQVLGF-UHFFFAOYSA-N,Cn1c(C2=C(c3ccc([N+](=O)[O-])n3C)C(=O)c3ncc(C#N)cc3C2=O)ccc1[N+](=O)[O-],,2.02
train,5125,PBGZKRSIKKSLPH-XNTDXEJSSA,CN1c2ccccc2N(/C=N/S)c2ccccc21,,0.41
train,74,AJVLTMWHWWDIMG-UHFFFAOYSA-N,N#Cc1cnc2c(n1)C(=O)C=C(c1ncc(F)cn1)C2=O,,2.78
train,112,AOALFNUXYZMNIF-UHFFFAOYSA-N,CC(O)=Nc1cn(C2=CC(=O)c3ncc(C#N)nc3C2=O)c2ccccc12,,1.2
train,51,AHMYLCHHZPYGPE-UHFFFAOYSA-N,CC(O)=Nc1ncc(C2=C(c3cnc(N=C(C)O)[nH]3)C(=O)c3ncccc3C2=O)[nH]1,,0.79
train,663,FGIURKNXYRALIO-UHFFFAOYSA-N,CN(C)c1csc(C2=CC(=O)c3nccnc3C2=O)n1,,1.05
train,4959,XNWJLOLFGKWINC-WCWDXBQESA-N,CC1=CC=C(c2ccc(N=Nc3ccc(C4=CC=C(C)C4)[nH]3)[nH]2)C1,,-0.09
train,4202,HDHLXYRJDWQLRB-PCFSYISUSA-N,FC(F)(F)N=Cc1ccc(N=Nc2ccc(C=NC(F)(F)F)cc2)cc1,,1.79
train,5284,GGSXGCAHMPQDEK-UHFFFAOYSA,CC1(C)c2cc(-c3ccc(-c4ccc(OC(F)(F)F)cc4)cc3)ccc2N(c2ccc(-c3ccc(OC(F)(F)F)cc3)cc2)c2ccc(-c3ccc(-c4ccc(OC(F)(F)F)cc4)cc3)cc21,,0.72
train,138,AQQVJKBZHCGCRF-CEPGUBPCSA-N,N#CN=CC1=C(C=NC#N)C(=O)c2ncccc2C1=O,,3.28
train,3140,VCJZLQNUBONHRO-UHFFFAOYSA-N,COc1ccc2c(n1)C(=O)C=C(c1nc([N+](=O)[O-])co1)C2=O,,2.6
train,3163,VEVLNLOEVIPMFE-UHFFFAOYSA-N,N#Cc1cnc2c(n1)C(=O)C(C#CO)=CC2=O,,2.6
train,2229,NVKDCNPVIYODDB-UHFFFAOYSA-N,N#Cc1cc2c(nc1C#N)C(=O)C=C(c1ncc(S)cn1)C2=O,,2.25
train,1639,KJTIVYPKFFOUFH-UHFFFAOYSA-N,CN(C)C#CC1=CC(=O)c2ncc(C#N)c(C#N)c2C1=O,,1.65
train,4621,OXRCQLJJYWDIIX-UHFFFAOYSA-N,N#Cc1cc(-c2nc(OC(F)(F)F)co2)c(C#N)c(-c2nc(OC(F)(F)F)co2)c1,,-0.64
train,2484,PAQPIGONYQZQLT-UHFFFAOYSA-N,O=C1C=C(n2ccnc2)C(=O)c2nccnc21,,2.18
train,2044,MYFNHENIEBHLKC-UHFFFAOYSA-N,O=C1C(c2nnc(Cl)nn2)=C(c2nnc(Cl)nn2)C(=O)c2ncccc21,,2.68
train,2296,OEJLPHUPLZSJPY-UHFFFAOYSA-N,N#Cc1cc(C#N)c2c(n1)C(=O)C=C(c1ccc([N+](=O)[O-])s1)C2=O,,2.71
train,4833,URRGAFPHSFSTBO-UHFFFAOYSA-N,O=C1c2ccc(-c3nnc(F)nn3)cc2C(=O)c2cc(-c3nnc(F)nn3)ccc21,,2.83
train,3077,UWGLATCQZWLSAM-UHFFFAOYSA-N,COc1nc2c(nc1OC)C(=O)C(c1ccc(C(F)(F)F)cn1)=C(c1ccc(C(F)(F)F)cn1)C2=O,,2.4
train,496,DMGBKJYOMDEIOW-UHFFFAOYSA-N,COc1cnc2c(c1)C(=O)C(C1=CC=C(F)C1)=CC2=O,,1.45
train,1080,HVZFBVJPXCTPSF-UHFFFAOYSA-N,N#Cc1nc2c(nc1C#N)C(=O)C(c1ccc(OC(F)(F)F)cn1)=CC2=O,,2.67
train,3883,ZSUWAWSTAGLMJV-UHFFFAOYSA-N,N#Cc1cnc2c(n1)C(=O)C(n1ccnc1C#N)=C(n1ccnc1C#N)C2=O,,2.61
train,3556,XPPAWJOPDRMZFZ-UHFFFAOYSA-N,N#Cc1cnc2c(n1)C(=O)C(c1nncnn1)=C(c1nncnn1)C2=O,,2.59
train,4008,CFKAHSNQPMLNNO-QURGRASLSA-N,Cc1ccc(-c2ccc(N=Nc3ccc(-c4ccc(C)n4C=O)o3)o2)n1C=O,,0.58
train,2437,OVRADYMGVQECBE-UHFFFAOYSA-N,Cc1csc(C2=C(c3nc(C)cs3)C(=O)c3nccnc3C2=O)n1,,1.7
train,609,FAEGYXLSJODDSU-UHFFFAOYSA-N,N#CC#CC1=C(C#CC#N)C(=O)c2nc(C#N)ccc2C1=O,,3.33
train,2747,RRFRLTRWFKVVKR-UHFFFAOYSA-N,N#Cc1ccc2c(n1)C(=O)C=C(c1ccc([N+](=O)[O-])[nH]1)C2=O,,2.33
train,3885,ZSYFQBNECIANFH-UHFFFAOYSA-N,N#Cc1ccnc2c1C(=O)C(n1cc(C(F)(F)F)c3ccccc31)=CC2=O,,1.89
train,3436,XBWHHJWFKFZMEO-UHFFFAOYSA-N,COc1cnc2c(n1)C(=O)C=C(c1nc(C(F)(F)F)cs1)C2=O,,2.56
train,5088,ZXRPFEKTUWLZBT-BSHIDLADSA-N,CN=Cc1cc(C#N)cc(C=NC)c1C#N,,2.3
train,190,AYBMCBIBEWZISW-UHFFFAOYSA-N,N#Cc1cnc2c(n1)C(=O)C(c1nnc(C#N)nn1)=C(c1nnc(C#N)nn1)C2=O,,3.04
train,1766,LQDPLZCTAFZKMI-UPHRSURJSA-N,N#Cc1cnc2c(n1)C(=O)C(C=CC(F)(F)F)=CC2=O,,3.25
train,3017,UPDRRKJHZQFYDI-UHFFFAOYSA-N,N#Cc1cc2c(nc1C#N)C(=O)C(C1=CC=C(O)C1)=C(C1=CC=C(O)C1)C2=O,,0.58
train,4477,MCAOKTDXXHIKQR-DQRAZIAOSA-N,FC(F)(F)Oc1nnc(-c2ccc(N=Nc3ccc(-c4nnc(OC(F)(F)F)nn4)s3)s2)nn1,,1.49
train,2810,RYYXYZGRUSBRTI-UHFFFAOYSA-N,N#Cc1nc2c(nc1C#N)C(=O)C(c1ccc([N+](=O)[O-])s1)=CC2=O,,2.74
train,4926,WXBJQXKHKIOOHO-UHFFFAOYSA-N,O=C1c2ccc(-c3nc(Cl)cs3)cc2C(=O)c2cc(-c3nc(Cl)cs3)ccc21,,2.15
train,1734,LLKMOIXOHJZEJD-UHFFFAOYSA-N,COc1ccc(C2=CC(=O)c3ncc(C#N)c(C#N)c3C2=O)nc1,,2.04
train,4740,RUJRIFFOKKRCIQ-OCEACIFDSA-N,N#Cc1ccc(-c2ccc(N=Nc3ccc(-c4ccc(C#N)cc4)o3)o2)cc1,,1.07
train,1850,MAIIYEJWFCJZGE-UHFFFAOYSA-N,Cn1cccc1C1=CC(=O)c2nc(C#N)c(C#N)cc2C1=O,,1.61
train,4982,XYYVLCZXNVOVEX-OCEACIFDSA-N,O=S1(=O)C(OC(F)(F)F)=CC=C1c1ccc(N=Nc2ccc(C3=CC=C(OC(F)(F)F)S3(=O)=O)s2)s1,,1.29
train,128,APKXVMAXYJBKHD-UHFFFAOYSA-N,N#Cc1ccc2c(n1)C(=O)C=C(c1ncc(OC(F)(F)F)cn1)C2=O,,2.74
train,2479,PAGAUPQYPINWIK-UHFFFAOYSA-N,O=C1C(c2ccc(C(F)(F)F)cn2)=C(c2ccc(C(F)(F)F)cn2)C(=O)c2ncccc21,,2.76
train,36,AFIBPNJGTDMRIV-DLXFVVKBSA-N,N#Cc1cc2c(nc1C#N)C(=O)C(C=N)=C(C=N)C2=O,,2.8
train,3363,WTGBETIGJLTCRS-UHFFFAOYSA-N,COc1cnc2c(c1)C(=O)C(C1=CC=C(O)S1(=O)=O)=CC2=O,,2.07
train,5024,YRTOHAKHFZRRJJ-NSFMOVNFSA-N,O=[N+]([O-])N=Cc1ccc(N=Nc2ccc(C=N[N+](=O)[O-])o2)o1,,1.74
train,170,AVPMICCUBTXNOW-UHFFFAOYSA-N,O=C1C(C2=CC=C(F)S2(=O)=O)=C(C2=CC=C(F)S2(=O)=O)C(=O)c2ncccc21,,2.31
train,5257,RIPILBYLZHPXDJ-UHFFFAOYSA,FC(F)(F)c1cc(N2c3ccccc3N(c3ccsc3C(F)(F)F)c3ccccc32)cs1,,0.4
train,2919,SLIBAAYOWRAHGF-TZFCGSKZSA-N,N#Cc1cnc2c(c1C#N)C(=O)C(C=COC(F)(F)F)=C(C=COC(F)(F)F)C2=O,,2.17
train,5460,MXHUHOIIJAIZTJ-VFLNYLIXSA,O=c1oc2cc(-c3cccc(O)c3)ccc2c2cc3ccccc3c(/C=N/C(F)(F)F)c12,,1.54
train,3746,ZCORGQQMIMBASK-HYXAFXHYSA-N,COc1ccnc2c1C(=O)C(C=CS)=CC2=O,,1.87
train,477,DDCLTDIJQVAATF-UHFFFAOYSA-N,COc1cnc2c(n1)C(=O)C(c1ncc(OC)s1)=CC2=O,,1.68
train,3622,XXWYMFUCFFVTMP-UHFFFAOYSA-N,O=C1C(C#CCl)=C(C#CCl)C(=O)c2nccnc21,,2.42
train,3549,XONXHSYOCCLWDC-UHFFFAOYSA-N,Cn1c(C2=C(c3ccc([N+](=O)[O-])n3C)C(=O)c3c(C#N)cc(C#N)nc3C2=O)ccc1[N+](=O)[O-],,2.18
train,1064,HUNDFQBWVYEQIZ-UHFFFAOYSA-N,COc1cnc2c(c1)C(=O)C(c1ncc(S)cn1)=CC2=O,,2.18
train,3242,WEXCJZDJTXNRME-UHFFFAOYSA-N,CC(O)=Nc1cnc(C2=CC(=O)c3ncc(C#N)cc3C2=O)nc1,,2.03
train,799,GNCBRXJJJUOBMN-UHFFFAOYSA-N,N#Cc1nc2c(nc1C#N)C(=O)C(c1cnc[nH]1)=CC2=O,,2.15
train,3729,ZAEDJCHEICWAED-AGRHYVPTSA-N,N#Cc1ccnc2c1C(=O)C(C=CF)=C(C=CF)C2=O,,2.24
train,384,CIVCIDMVKNQECM-UHFFFAOYSA-N,COc1cnc2c(n1)C(=O)C(c1nnc(C(F)(F)F)nn1)=CC2=O,,2.67
train,5211,WYZRTTPBRMSMFH-UHFFFAOYSA,C#COCN1c2ccccc2N(c2coc([N+](=O)[O-])c2)c2ccccc21,,0.64
train,2380,OPERHUDHEBSSGX-UHFFFAOYSA-N,COc1cnc2c(c1)C(=O)C(c1cnc(F)[nH]1)=CC2=O,,1.93
train,2433,OVIUGYDCFNYJSM-UHFFFAOYSA-N,COc1cnc2c(n1)C(=O)C=C(c1ncc(F)s1)C2=O,,2.18
train,1896,MFWOGNQDDPIROY-UHFFFAOYSA-N,COc1ccnc2c1C(=O)C(c1ccc(S)n1C)=CC2=O,,1.12
train,753,GFOWUNYJLUXXBX-UHFFFAOYSA-N,N#Cc1cnc2c(n1)C(=O)C(C1=CC=C(Cl)S1(=O)=O)=C(C1=CC=C(Cl)S1(=O)=O)C2=O,,2.36
train,4047,DGJRLIHVCIOSEC-FMQUCBEESA-N,O=[N+]([O-])c1ccc(-c2ccc(N=Nc3ccc(-c4ccc([N+](=O)[O-])[nH]4)o3)o2)[nH]1,,1.03
train,2999,UMZNGVOJRAVCRM-UHFFFAOYSA-N,COc1cnc(C2=CC(=O)c3nc(C#N)cnc3C2=O)s1,,1.75
train,4429,LDKLMPYCERJJNT-UHFFFAOYSA-N,O=C1c2ccc(-c3nnc([N+](=O)[O-])nn3)cc2C(=O)c2cc(-c3nnc([N+](=O)[O-])nn3)ccc21,,2.88
train,1753,LNZOSONRHCXRHA-UHFFFAOYSA-N,N#Cc1ccc(C2=C(c3ccc(C#N)cn3)C(=O)c3nc(C#N)ccc3C2=O)nc1,,2.79
train,441,CSXPRDMWSYNVAH-UHFFFAOYSA-N,N#Cc1cnc2c(c1C#N)C(=O)C(n1cc([N+](=O)[O-])nn1)=CC2=O,,3.57
train,3428,XBKHHILJRWLYEC-UHFFFAOYSA-N,CC(O)=Nc1cnc(C2=C(c3ncc(N=C(C)O)o3)C(=O)c3c(ncc(C#N)c3C#N)C2=O)o1,,1.41
train,766,GHLUWAJFYKILGZ-UHFFFAOYSA-N,O=C1C=CC(=O)c2nccnc21,,2.95
train,342,CDYZWVSAQOHRND-UHFFFAOYSA-N,O=C1C(c2ccc(Cl)cn2)=CC(=O)c2ncccc21,,2.44
train,4356,JXPVUGMJGJKSTD-QPLCGJKRSA-N,Clc1cnc(-c2ccc(N=Nc3ccc(-c4ncc(Cl)cn4)[nH]3)[nH]2)nc1,,0.83
train,1418,JLAZXAXRGRNZNU-UHFFFAOYSA-N,N#Cc1cc(C#N)c2c(n1)C(=O)C=C(c1cnc(F)[nH]1)C2=O,,2.06
train,2946,UHHMQUNJCGJVJI-UHFFFAOYSA-N,CC(O)=Nc1c[nH]c(C2=CC(=O)c3nc(C#N)ccc3C2=O)c1,,1.23
train,5496,VYESDTGUYTVIHP-UHFFFAOYSA,O=c1oc2cc(-c3ccsc3Cl)ccc2c2cc3ccccc3c(-c3csc(S)n3)c12,,1.47
train,1017,HOWLFJCOLKCIEK-UHFFFAOYSA-N,COc1nc2c(nc1OC)C(=O)C(c1nc(O)co1)=CC2=O,,1.78
train,2483,PAOWQPUHDLOKLH-UHFFFAOYSA-N,COC1=CC=C(C2=C(C3=CC=C(OC)S3(=O)=O)C(=O)c3c(C#N)cc(C#N)nc3C2=O)S1(=O)=O,,1.8
train,1032,HQOWOKIXJOXCBH-UHFFFAOYSA-N,CN(C)c1ccc(C2=C(c3ccc(N(C)C)cn3)C(=O)c3c(C#N)cc(C#N)nc3C2=O)nc1,,1.01
train,214,BARNRMJSTZQZMB-UHFFFAOYSA-N,N#Cc1cnc2c(c1C#N)C(=O)C(c1nc(O)co1)=C(c1nc(O)co1)C2=O,,1.78
train,4156,GHECZMIGDNHEAS-UHFFFAOYSA-N,N#Cc1cc(-c2nc([N+](=O)[O-])cs2)c(C#N)c(-c2nc([N+](=O)[O-])cs2)c1,,-0.42
train,4304,IVHABPXNRDSPPZ-UHFFFAOYSA-N,N#Cc1cnc(C2(C#N)N=N2)nc1,,3.48
train,2348,OKOFOVOLBAFNHZ-UHFFFAOYSA-N,N#Cc1cnc(C2=C(c3ncc(C#N)cn3)C(=O)c3c(C#N)cc(C#N)nc3C2=O)nc1,,3.04
train,1398,JJCLDEVISJPHFW-UHFFFAOYSA-N,COc1cnc2c(n1)C(=O)C(c1ccccn1)=C(c1ccccn1)C2=O,,2.25
train,1657,KMXDDUZTSMCSIS-UHFFFAOYSA-N,COc1cnc2c(n1)C(=O)C(n1cc(Cl)c3ccccc31)=C(n1cc(Cl)c3ccccc31)C2=O,,1.29
train,513,DNYOPZUPMMHBLA-UHFFFAOYSA-N,CN(C)C1=CC=C(C2=CC(=O)c3ncc(C#N)c(C#N)c3C2=O)C1,,0.76
train,670,FHIJNDDVFMEEEJ-UHFFFAOYSA-N,N#Cc1cnc2c(c1)C(=O)C(c1ccc(F)n1C=O)=C(c1ccc(F)n1C=O)C2=O,,1.6
train,2834,SBHMVXBADYEQEK-UHFFFAOYSA-N,CC(O)=Nc1ccc(C2=CC(=O)c3nc(C#N)cnc3C2=O)n1C,,1.07
train,1132,IBVYRUFCQOHTNT-UHFFFAOYSA-N,N#Cc1cnc2c(c1)C(=O)C(c1ccc(Cl)o1)=CC2=O,,1.91
train,807,GOGZLGLAYOSSMA-UHFFFAOYSA-N,COc1cnc2c(c1)C(=O)C(c1ccc(C)cn1)=CC2=O,,2.19
train,503,DMWMVBSGQFTWFA-UHFFFAOYSA-N,O=C1C=C(n2cc(O)c3ccccc32)C(=O)c2nccnc21,,1.18
train,623,FBSGHCYWTDIPCS-UHFFFAOYSA-N,CN(C)c1c[nH]c(C2=C(c3cc(N(C)C)c[nH]3)C(=O)c3nccnc3C2=O)c1,,0.25
train,1772,LQMRUQCHDDPEIQ-UHFFFAOYSA-N,COc1cnc2c(c1)C(=O)C(c1ccc(C(F)(F)F)o1)=CC2=O,,2.23
train,3572,XRSJMBFGRFKLLF-UHFFFAOYSA-N,N#Cc1ccc(C2=CC(=O)c3nccc(C#N)c3C2=O)nc1,,2.93
train,4512,MUWCWQSJGMOQQK-VHXPQNKSSA-N,Clc1ccc(-c2ccc(N=Nc3ccc(-c4ccc(Cl)cc4)s3)s2)cc1,,0.85
train,2142,NJZYRGSGWWRHRX-UHFFFAOYSA-N,CC(O)=NC1=CC=C(C2=CC(=O)c3nccnc3C2=O)C1,,0.95
train,4528,MZXQVFRTMJTNPM-UHFFFAOYSA-N,N#Cc1cc(-c2nccs2)c(C#N)c(-c2nccs2)c1,,-0.83
train,5194,QNEAZFIAWWLWKV-UHFFFAOYSA,Oc1nc(N2c3ccccc3N(c3cccc(S)n3)c3ccccc32)co1,,0.3
train,1619,KHSNUKQVKLKGMC-UHFFFAOYSA-N,N#Cc1cnc2c(n1)C(=O)C(n1cc(C(F)(F)F)nn1)=C(n1cc(C(F)(F)F)nn1)C2=O,,3.32
train,1377,JGUJCDFROIUPFJ-UHFFFAOYSA-N,COC1=CC=C(C2=C(C3=CC=C(OC)S3(=O)=O)C(=O)c3nc(C#N)ccc3C2=O)S1(=O)=O,,1.73
train,5008,YJGWJMCDBBCECK-WCWDXBQESA-N,Fc1csc(-c2ccc(N=Nc3ccc(-c4nc(F)cs4)cc3)cc2)n1,,1.67
train,2282,OCQVAWJHRJZNEQ-UHFFFAOYSA-N,N#Cc1cnc2c(n1)C(=O)C(c1nnc([N+](=O)[O-])nn1)=C(c1nnc([N+](=O)[O-])nn1)C2=O,,3.19
train,64,AJBQFQLNVZXMKE-UHFFFAOYSA-N,N#Cc1cnc2c(n1)C(=O)C=C(C1=CC=CS1(=O)=O)C2=O,,2.74
train,2523,PFOUKQCTZVXNPU-UHFFFAOYSA-N,O=C1C(n2cc(Cl)c3ccccc32)=C(n2cc(Cl)c3ccccc32)C(=O)c2ncccc21,,1.52
train,4622,OXRZQUYVKIGBCH-DQRAZIAOSA-N,Cc1ncc(-c2ccc(N=Nc3ccc(-c4cnc(C)[nH]4)o3)o2)[nH]1,,0.48
train,5146,WCUIDWBVIURKTA-RGVLZGJSSA,C#CSN1c2ccccc2N(/C=N/OC(F)(F)F)c2ccccc21,,1.15
train,3749,ZCWZKVUCVFDCOI-UHFFFAOYSA-N,COc1cnc2c(c1)C(=O)C(c1ccc(C(F)(F)F)cc1)=CC2=O,,2.44
train,6,AAZBLPBJOXINPZ-UHFFFAOYSA-N,N#Cc1cnc2c(c1C#N)C(=O)C(c1nnc(Cl)nn1)=CC2=O,,2.66
train,4913,WRXJQFRVOHIFKD-ISLYRVAYSA-N,O=[N+]([O-])c1coc(-c2ccc(N=Nc3ccc(-c4nc([N+](=O)[O-])co4)o3)o2)n1,,1.64
train,3840,ZOWZOQPUYZEQNN-UHFFFAOYSA-N,O=C1C(c2ccc(O)s2)=C(c2ccc(O)s2)C(=O)c2ncccc21,,1.05
train,450,CUHBXYRVGCJHDD-UHFFFAOYSA-N,COc1ccnc2c1C(=O)C(c1cccs1)=CC2=O,,1.87
train,187,AXVLCKOKAHAQMY-UHFFFAOYSA-N,COc1nc2c(nc1OC)C(=O)C(c1nc([N+](=O)[O-])cs1)=C(c1nc([N+](=O)[O-])cs1)C2=O,,2.34
train,4956,XKNGNHCMZYAZKN-VHXPQNKSSA-N,Cc1cnc(-c2ccc(N=Nc3ccc(-c4ncc(C)cn4)o3)o2)nc1,,0.93
train,1462,JQLPVSCKCABBAI-UHFFFAOYSA-N,Cc1ccc(C2=CC(=O)c3nc(C#N)cc(C#N)c3C2=O)[nH]1,,1.4
train,2726,RPCPONCKPRBQHT-UHFFFAOYSA-N,CC(O)=Nc1ccc(C2=C(c3ccc(N=C(C)O)n3C=O)C(=O)c3nc(C#N)c(C#N)nc3C2=O)n1C=O,,1.11
train,2935,UDTYJUJOLNEVOA-UHFFFAOYSA-N,COc1nc2c(nc1OC)C(=O)C(c1cnc(OC(F)(F)F)[nH]1)=C(c1cnc(OC(F)(F)F)[nH]1)C2=O,,1.48
train,2913,SKFIXKDKGMAINR-UHFFFAOYSA-N,N#Cc1cnc2c(c1C#N)C(=O)C(C#CCl)=CC2=O,,3.48
train,2898,SIMUOMCQVSJDMT-UHFFFAOYSA-N,N#Cc1ccc2c(n1)C(=O)C=C(c1ccc(C(F)(F)F)[nH]1)C2=O,,1.93
train,442,CTGUXXDBMOHWJT-UHFFFAOYSA-N,N#Cc1cnc2c(c1)C(=O)C(c1cnc(S)[nH]1)=C(c1cnc(S)[nH]1)C2=O,,1.16
train,1902,MGDOYHUTDIRAHF-UHFFFAOYSA-N,N#Cc1cc(C#N)c2c(n1)C(=O)C(n1ccnn1)=C(n1ccnn1)C2=O,,2.8
train,1001,HMFGQBQSQJSHKS-UHFFFAOYSA-N,COc1ccc2c(n1)C(=O)C=C(c1cnc(C(F)(F)F)[nH]1)C2=O,,2.21
train,5250,NKJWGQPPBJSODA-UHFFFAOYSA,Oc1cc(N2c3ccccc3N(c3ccoc3O)c3ccccc32)co1,,0.34
train,2840,SCBDXOLOYNRVPC-UHFFFAOYSA-N,CN(C)c1cnc(C2=CC(=O)c3ncc(C#N)nc3C2=O)o1,,1.11
train,5007,YIUUGBWMLRASRR-FMQUCBEESA-N,Cc1nnc(-c2ccc(N=Nc3ccc(-c4nnc(C)nn4)o3)o2)nn1,,1.56
train,5481,RUQLRLFYDQRDJM-UHFFFAOYSA,O=c1oc2cc(CO)ccc2c2cc3ccccc3c(-c3nnc([N+](=O)[O-])nn3)c12,,1.76
train,2791,RWTMNGVJDROKLI-UHFFFAOYSA-N,O=C1C(c2ncco2)=C(c2ncco2)C(=O)c2ncccc21,,2.13
train,1729,LKVXPGFIFUKZMG-UHFFFAOYSA-N,N#Cc1cnc2c(n1)C(=O)C(c1ncc([N+](=O)[O-])s1)=C(c1ncc([N+](=O)[O-])s1)C2=O,,2.78
train,5238,IXEGNLBJPBPOAK-LNKIKWGQSA,C=CCN1c2ccccc2N(/C=C/C)c2ccccc21,,0.09
train,2635,QQEOZIVGHJKNCE-UHFFFAOYSA-N,C#CC1=CC(=O)c2nccc(C#N)c2C1=O,,3.16
train,1947,MMOMFDHOESLDPZ-UHFFFAOYSA-N,N#Cc1ccnc2c1C(=O)C(n1cc(O)c3ccccc31)=C(n1cc(O)c3ccccc31)C2=O,,0.93
train,1395,JIWQJYCNQAJZPM-UHFFFAOYSA-N,COc1ccc(C2=CC(=O)c3nccnc3C2=O)[nH]1,,1.11
train,4239,HVRDRCPPNNOZDJ-FMQUCBEESA-N,Clc1nnc(-c2ccc(N=Nc3ccc(-c4nnc(Cl)nn4)cc3)cc2)nn1,,1.97
train,2214,NTAYDZBAFOJPMG-UHFFFAOYSA-N,COc1ccc(C2=C(c3ccc(OC)n3C=O)C(=O)c3nc(C#N)ccc3C2=O)n1C=O,,0.89
train,2988,ULXCDPJBFMZULO-UHFFFAOYSA-N,O=C1C(c2ccc(F)s2)=CC(=O)c2ncccc21,,1.96
train,4635,PJDRKFLCSCGOHC-UHFFFAOYSA-N,CC1=CC=C(C2(C)N=N2)C1,,1.0
train,2341,OKGZZBCIYFFCHR-UHFFFAOYSA-N,O=C1C(c2ncc([N+](=O)[O-])s2)=CC(=O)c2ncccc21,,2.85
train,1214,ILQQLLQEOMTSKG-UPHRSURJSA-N,N#Cc1cc(C#N)c2c(n1)C(=O)C=C(C=CCl)C2=O,,2.69
train,428,CPYHRBJWVSMTKL-UHFFFAOYSA-N,N#Cc1cnc2c(c1C#N)C(=O)C(c1nc(S)co1)=C(c1nc(S)co1)C2=O,,1.79
train,2815,RZNPAORPCPKXQR-UHFFFAOYSA-N,CN(C)C1=CC=C(C2=CC(=O)c3ncc(C#N)nc3C2=O)S1(=O)=O,,1.42
train,3391,WWRTVSONQWQQPL-UHFFFAOYSA-N,N#Cc1cnc2c(n1)C(=O)C(c1cnc(OC(F)(F)F)[nH]1)=CC2=O,,2.0
train,536,DQQYVXUQAZWFMG-UHFFFAOYSA-N,N#Cc1cnc2c(c1C#N)C(=O)C(c1cnc([N+](=O)[O-])[nH]1)=CC2=O,,2.63
train,1252,IPUULPNOBCJEGA-UHFFFAOYSA-N,CC(O)=Nc1ncc(C2=CC(=O)c3nc(C#N)cnc3C2=O)[nH]1,,1.54
train,4354,JXISTJUAWADPOS-UHFFFAOYSA-N,N#Cc1cc(C#C[N+](=O)[O-])c(C#N)c(C#C[N+](=O)[O-])c1,,3.38
train,2301,OFAZVRROQMZSCH-UHFFFAOYSA-N,N#Cc1ccc2c(n1)C(=O)C=C(c1nc(C(F)(F)F)cs1)C2=O,,2.73
train,2449,OXHULQWFECKHNO-UHFFFAOYSA-N,N#Cc1cnc2c(c1C#N)C(=O)C(c1nc(S)cs1)=C(c1nc(S)cs1)C2=O,,1.61
train,1495,JUQMDUFIXZRZDP-UHFFFAOYSA-N,N#Cc1cc(C#N)c2c(n1)C(=O)C(n1cc(Cl)nn1)=C(n1cc(Cl)nn1)C2=O,,2.71
train,260,BTFRHAAXKUGTCH-UHFFFAOYSA-N,CN(C)c1ccc(C2=CC(=O)c3ncc(C#N)c(C#N)c3C2=O)nc1,,1.31
train,3576,XSCFBSSFZOSMBT-UHFFFAOYSA-N,C=CC1=C(C=C)C(=O)c2nc(C#N)c(C#N)nc2C1=O,,2.27
train,2492,PBPQGHXZERYXFZ-UHFFFAOYSA-N,CC(O)=Nc1ccc(C2=CC(=O)c3ncc(C#N)c(C#N)c3C2=O)n1C,,1.01
train,1496,JUQNRGFVQXYMBQ-UHFFFAOYSA-N,CC(O)=Nc1nccn1C1=CC(=O)c2ncc(C#N)c(C#N)c2C1=O,,1.7
train,3871,ZRWFQULBASYQDK-UHFFFAOYSA-N,N#Cc1cc(C#N)c2c(n1)C(=O)C=C(c1ccc(O)cn1)C2=O,,2.17
train,1073,HVIOKWIWOIGMNJ-UHFFFAOYSA-N,N#Cc1cc(C#N)c2c(n1)C(=O)C(c1cc([N+](=O)[O-])c[nH]1)=C(c1cc([N+](=O)[O-])c[nH]1)C2=O,,1.66
train,4254,IBWRTHQXOBAQGZ-UHFFFAOYSA-N,N#Cc1cc(-c2ccc(S)n2C=O)c(C#N)c(-c2ccc(S)n2C=O)c1,,-1.04
train,729,GCEBRARYAOLCSD-UHFFFAOYSA-N,N#Cc1ccnc2c1C(=O)C(n1cc(Cl)nn1)=C(n1cc(Cl)nn1)C2=O,,2.7
train,1425,JLLJEYUXQJBCLX-UHFFFAOYSA-N,CN(C)c1ccc(C2=C(c3ccc(N(C)C)cn3)C(=O)c3ncccc3C2=O)nc1,,0.93
train,2249,NXZHFTZTFMRMDC-UHFFFAOYSA-N,N#Cc1cnc2c(c1)C(=O)C(c1nc(C(F)(F)F)co1)=CC2=O,,2.83
train,5184,MUDLPWQAEWPCPT-UHFFFAOYSA,Cc1cccc(N2c3ccccc3N(C#CS)c3ccccc32)c1,,0.47
train,2600,QMIVTEBOWSHEJO-UHFFFAOYSA-N,CN(C)c1nnc(C2=C(c3nnc(N(C)C)nn3)C(=O)c3nc(C#N)ccc3C2=O)nn1,,1.8
train,34,AFAKYNUOYOVAAH-FIFLTTCUSA-N,CN(C)C=CC1=C(C=CN(C)C)C(=O)c2nc(C#N)ccc2C1=O,,0.32
train,2161,NMHWOENLCITOGZ-UHFFFAOYSA-N,CC(O)=Nc1ccc(C2=CC(=O)c3ncccc3C2=O)o1,,1.3
train,2227,NUTQIZITNRYDMW-GIDUJCDVSA-N,CC(O)=NN=CC1=CC(=O)c2nc(C#N)ccc2C1=O,,2.26
train,965,HHBPJIZWIFLXKY-UHFFFAOYSA-N,COc1ccnc2c1C(=O)C(c1ccc(O)cn1)=CC2=O,,2.03
train,1081,HWCMQLQPTRMTPC-UHFFFAOYSA-N,COC1=CC=C(C2=C(C3=CC=C(OC)S3(=O)=O)C(=O)c3nc(C#N)cnc3C2=O)S1(=O)=O,,1.71
train,4072,DVAGMTYTUNLFFX-UHFFFAOYSA-N,CN=CC1(C)N=N1,,2.49
train,2467,OZABQSDUWOVZOA-UHFFFAOYSA-N,O=C1C(c2nc([N+](=O)[O-])cs2)=C(c2nc([N+](=O)[O-])cs2)C(=O)c2ncccc21,,2.53
train,672,FHRCOMKJMSWFGY-UHFFFAOYSA-N,CN(C)c1csc(C2=CC(=O)c3nc(C#N)ccc3C2=O)n1,,1.05
train,1663,KNQOEXHBQFLADQ-UHFFFAOYSA-N,N#Cc1ccc(C2=CC(=O)c3ncccc3C2=O)cc1,,2.67
train,1822,LWOXSXXXHBGLEX-UHFFFAOYSA-N,Cc1coc(C2=CC(=O)c3nc(C#N)ccc3C2=O)n1,,2.18
train,5247,KWZJQMKNSKIWQU-UHFFFAOYSA,Cc1ccc(N2c3ccccc3N(c3cccc(C)n3)c3ccccc32)cn1,,0.16
train,2825,SATRWNVWGJKVLS-UHFFFAOYSA-N,N#Cc1cnc2c(c1)C(=O)C(c1ccc(S)n1C=O)=C(c1ccc(S)n1C=O)C2=O,,1.2
train,4685,QOQZVBAINVSLOB-DQRAZIAOSA-N,Clc1ncc(-c2ccc(N=Nc3ccc(-c4cnc(Cl)[nH]4)o3)o2)[nH]1,,0.67
train,2928,SLXKBSRUISIKTH-PLNGDYQASA-N,COc1ccc2c(n1)C(=O)C=C(C=CF)C2=O,,2.38
train,4017,COTQPDLIJPQNAC-AGSASIROSA-N,N#CC=Cc1ccc(N=Nc2ccc(C=CC#N)o2)o1,,1.33
train,2551,PIAFHLKXRAFGPP-UHFFFAOYSA-N,N#Cc1cnc2c(c1)C(=O)C(c1ccc(O)cc1)=C(c1ccc(O)cc1)C2=O,,1.55
train,30,AETUTHNIYNVEPB-OMCISZLKSA-N,CC(O)=NN=CC1=CC(=O)c2ncc(C#N)cc2C1=O,,2.3
train,2095,NEUMEGFSXKJBOS-UHFFFAOYSA-N,CC(O)=Nc1nnc(C2=CC(=O)c3nc(C#N)c(C#N)cc3C2=O)nn1,,2.05
train,3750,ZDHNIZUDKCZFIU-UHFFFAOYSA-N,CN(C)c1cnc(C2=C(c3ncc(N(C)C)o3)C(=O)c3ncc(C#N)cc3C2=O)o1,,0.53
train,5089,ZYMRMUJHEJYFIB-FMQUCBEESA-N,OC1=CC=C(c2ccc(N=Nc3ccc(C4=CC=C(O)C4)o3)o2)C1,,0.03
train,452,CUHWMJIFBUKBEN-UHFFFAOYSA-N,N#Cc1cc2c(nc1C#N)C(=O)C(c1cc([N+](=O)[O-])c[nH]1)=C(c1cc([N+](=O)[O-])c[nH]1)C2=O,,1.65
train,2733,RPYDVYYIAUHXIQ-UTCJRWHESA-N,CN(C)C=CC1=CC(=O)c2nccnc2C1=O,,1.12
train,5508,YGLDLMSWYIJCFG-UHFFFAOYSA,O=c1oc2cc(-c3ccc(S)[nH]3)ccc2c2cc3ccccc3c(-c3nc(F)cs3)c12,,0.87
train,3021,UPRURNWECOPOFL-UHFFFAOYSA-N,COc1ccc2c(n1)C(=O)C=C(c1ccc(OC)n1C=O)C2=O,,1.33
train,2677,RJSQYCWOHIXIFZ-UHFFFAOYSA-N,Cc1ccc(C2=CC(=O)c3nccnc3C2=O)n1C=O,,1.7
train,4217,HLMUCIBHYYKEMX-OCEACIFDSA-N,FC(F)(F)OC#Cc1ccc(N=Nc2ccc(C#COC(F)(F)F)cc2)cc1,,1.68
train,2495,PCCIRZIWQRFUPP-UHFFFAOYSA-N,N#Cc1ccc2c(n1)C(=O)C(c1ccc(F)[nH]1)=C(c1ccc(F)[nH]1)C2=O,,0.94
train,1602,KFMYTFDHYKFRJZ-UHFFFAOYSA-N,N#Cc1cnc2c(c1C#N)C(=O)C(c1ncc(OC(F)(F)F)cn1)=CC2=O,,2.86
train,5506,XPNSVNCTSBMYTR-UHFFFAOYSA,C#COCc1ccc2c(c1)oc(=O)c1cc3ccccc3cc12,,1.64
train,96,AMYBKQMIAWPBMI-UHFFFAOYSA-N,N#Cc1nc2c(nc1C#N)C(=O)C(c1ccccc1)=C(c1ccccc1)C2=O,,2.1
train,1931,MJNFBVXMGOAMST-UHFFFAOYSA-N,COc1cnc2c(c1)C(=O)C(c1cc(N(C)C)c[nH]1)=CC2=O,,0.53
train,82,ALDUJSOKJPMFFE-UHFFFAOYSA-N,COc1cn(C2=C(n3cc(OC)nn3)C(=O)c3nccnc3C2=O)nn1,,2.02
train,5432,IGYZILPCFUIONZ-UHFFFAOYSA,C=CSc1ccc2c(c1)oc(=O)c1c(-c3ccc(Cl)[nH]3)c3ccccc3cc12,,1.22
train,4462,LWDNLAHSCSZLCY-DQRAZIAOSA-N,O=[N+]([O-])c1ccc(-c2ccc(N=Nc3ccc(-c4ccc([N+](=O)[O-])cc4)s3)s2)cc1,,1.15
train,57,AIODUZODIKEITH-UHFFFAOYSA-N,N#Cc1nc2c(nc1C#N)C(=O)C(c1nnc(O)nn1)=C(c1nnc(O)nn1)C2=O,,2.53
train,5052,ZEMKVMZBJNKPFO-BYYHNAKLSA-N,FC(F)(F)Oc1ccc(-c2ccc(N=Nc3ccc(-c4ccc(OC(F)(F)F)[nH]4)s3)s2)[nH]1,,0.61
train,2770,RULQYAHUZZMFTN-UHFFFAOYSA-N,COc1cnc2c(n1)C(=O)C(n1cc(OC(F)(F)F)nn1)=C(n1cc(OC(F)(F)F)nn1)C2=O,,2.97
train,3582,XTDCRFVTGNHSMQ-UHFFFAOYSA-N,CN(C)c1ncc(C2=C(c3cnc(N(C)C)[nH]3)C(=O)c3nc(C#N)c(C#N)nc3C2=O)[nH]1,,0.66
train,5548,XVRXUFJQCFHMIV-UHFFFAOYSA,C=NSN1c2ccccc2Sc2ccccc21,,1.01
train,5522,BLVGUEZJHHIEEZ-UHFFFAOYSA,Fc1ncc(N2c3ccccc3Sc3ccccc32)o1,,0.93
train,3073,UVYKLJNNJSLWRP-UHFFFAOYSA-N,N#Cc1cc2c(nc1C#N)C(=O)C=C(c1ccc(C(F)(F)F)s1)C2=O,,2.43
train,335,CCZVPADDTQXKSF-UHFFFAOYSA-N,N#Cc1ccc2c(n1)C(=O)C(c1nc(S)co1)=C(c1nc(S)co1)C2=O,,1.75
train,4123,FSRVRIKYSBKKSV-DQRAZIAOSA-N,N#Cc1nnc(-c2ccc(N=Nc3ccc(-c4nnc(C#N)nn4)cc3)cc2)nn1,,1.82
train,1142,ICXPHQPAIOJZIN-UHFFFAOYSA-N,Cc1ncc(C2=C(c3cnc(C)[nH]3)C(=O)c3nc(C#N)c(C#N)cc3C2=O)[nH]1,,1.28
train,2735,RQHACIOOQPRTNP-UHFFFAOYSA-N,CC(O)=NC1=CC=C(C2=C(C3=CC=C(N=C(C)O)S3(=O)=O)C(=O)c3nc(C#N)ccc3C2=O)S1(=O)=O,,1.55
train,2010,MUECGCBECIFYKK-UHFFFAOYSA-N,N#Cc1ccnc2c1C(=O)C(c1ccco1)=C(c1ccco1)C2=O,,1.37
train,1120,IAOSGERMFWUHBM-UHFFFAOYSA-N,N#Cc1cc(C#N)c2c(n1)C(=O)C(C#CS)=C(C#CS)C2=O,,1.84
train,4934,XAEZHDHLNLXJHC-QURGRASLSA-N,O=[N+]([O-])c1cnc(-c2ccc(N=Nc3ccc(-c4ncc([N+](=O)[O-])s4)cc3)cc2)s1,,2.12
train,2699,RLXMVONCWBKDSG-UHFFFAOYSA-N,O=C1C(C2=CC=C(F)C2)=CC(=O)c2ncccc21,,1.51
train,895,GXPUXKNAEAQITF-UHFFFAOYSA-N,COC1=CC=C(C2=CC(=O)c3nc(C#N)ccc3C2=O)C1,,1.12
train,543,DRIRKWIZNRIARR-UHFFFAOYSA-N,N#Cc1cc2c(nc1C#N)C(=O)C=C(c1ccc(Cl)[nH]1)C2=O,,1.58
train,3738,ZBNZLBAHZWOAIK-UHFFFAOYSA-N,CN(C)c1cnc(C2=CC(=O)c3nc(C#N)c(C#N)cc3C2=O)o1,,1.11
train,3905,AEOIGRJIPRLKBQ-DQRAZIAOSA-N,O=[N+]([O-])c1coc(-c2ccc(N=Nc3ccc(-c4nc([N+](=O)[O-])co4)cc3)cc2)n1,,1.61
train,2413,OSURMXSZKLJDSX-UHFFFAOYSA-N,O=C1C(c2ccc([N+](=O)[O-])[nH]2)=C(c2ccc([N+](=O)[O-])[nH]2)C(=O)c2nccnc21,,2.05
train,1993,MSLSTJQCDNPBJV-UHFFFAOYSA-N,COc1ccc2c(n1)C(=O)C=C(c1nc(N=C(C)O)co1)C2=O,,1.74
train,4779,STJXOOIJOUXRGT-QVIHXGFCSA-N,FC(F)(F)Oc1cnc(-c2ccc(N=Nc3ccc(-c4ncc(OC(F)(F)F)o4)cc3)cc2)o1,,1.7
train,5271,XKSVZOBCYQDURY-UHFFFAOYSA,FC(F)(F)Oc1cc(N2c3ccccc3N(c3ccoc3OC(F)(F)F)c3ccccc32)co1,,0.38
train,2665,RIKJSEITMVNJOZ-UHFFFAOYSA-N,Cc1ccc(C2=C(c3ccc(C)n3C)C(=O)c3nc(C#N)cnc3C2=O)n1C,,0.85
train,1992,MSFSDMKKNBKEGH-UHFFFAOYSA-N,Cc1ccc(C2=C(c3ccc(C)cc3)C(=O)c3c(C#N)ccnc3C2=O)cc1,,1.75
train,3968,BHXFKXOIODIUJO-UHFFFAOYSA-N,N#Cc1ccc(C#N)cc1,,3.2
train,4133,FVMWQZWFXGDYMN-UHFFFAOYSA-N,O=[N+]([O-])c1cnc(C2([N+](=O)[O-])N=N2)nc1,,3.44
train,131,APWNSOLJTPDMJJ-UHFFFAOYSA-N,O=C1C=C(C#CF)C(=O)c2nccnc21,,2.98
train,3047,USCQHPAHNUBVKG-UHFFFAOYSA-N,N#Cc1cnc2c(c1)C(=O)C(c1nnc(O)nn1)=C(c1nnc(O)nn1)C2=O,,2.52
train,4831,UPKBTDFDRJUFCQ-OCEACIFDSA-N,N#Cc1ccc(-c2ccc(N=Nc3ccc(-c4ccc(C#N)cn4)s3)s2)nc1,,1.41
train,1110,HYXAWMKGZLEOBL-UHFFFAOYSA-N,N#Cc1ccnc2c1C(=O)C(C1=CC=CC1)=CC2=O,,1.58
train,2803,RYBLSXXDBKHHRG-UHFFFAOYSA-N,COc1cnc2c(c1)C(=O)C(c1ccc(S)cc1)=CC2=O,,1.71
train,2548,PHUFKPUNQJZXOR-UHFFFAOYSA-N,N#Cc1cc2c(nc1C#N)C(=O)C(c1ccc([N+](=O)[O-])o1)=C(c1ccc([N+](=O)[O-])o1)C2=O,,2.41
train,5249,MSOAUIQABBBOFD-UHFFFAOYSA,Clc1ccc(N2c3ccccc3N(c3cccc(Cl)n3)c3ccccc32)cn1,,0.33
train,2307,OFSSOXNHZHOHNA-UHFFFAOYSA-N,Cc1nnc(C2=C(c3nnc(C)nn3)C(=O)c3ncc(C#N)cc3C2=O)nn1,,2.29
train,4485,MFOGWMLFJIHLRN-HSFFGMMNSA-N,N#Cc1cc(C=CC(F)(F)F)c(C#N)c(C=CC(F)(F)F)c1,,-0.71
train,3005,UNJJBEGLXNHCFG-UHFFFAOYSA-N,COc1cnc2c(c1)C(=O)C(c1ccc([N+](=O)[O-])[nH]1)=CC2=O,,2.14
train,2082,NCNADVABZLEKBV-UHFFFAOYSA-N,COc1ccc(C2=CC(=O)c3nc(C#N)c(C#N)nc3C2=O)cc1,,1.87
train,189,AXWYXLMTSZTFQQ-UHFFFAOYSA-N,COc1cnc2c(c1)C(=O)C(c1ccc(Cl)cn1)=CC2=O,,2.4
train,217,BBDADKAUJNWQHL-UHFFFAOYSA-N,Cc1cn(C2=C(n3cc(C)nn3)C(=O)c3c(C#N)cc(C#N)nc3C2=O)nn1,,2.65
train,2819,RZXXKLNQXMYHIS-UHFFFAOYSA-N,CN(C)c1cnc(C2=CC(=O)c3nc(C#N)ccc3C2=O)nc1,,1.48
train,1537,JYUGUYVFTJGOSA-UHFFFAOYSA-N,N#Cc1c[nH]c(C2=C(c3cc(C#N)c[nH]3)C(=O)c3nc(C#N)c(C#N)nc3C2=O)c1,,1.5
train,1622,KHWVYPPXZKROPD-UHFFFAOYSA-N,N#Cc1cnc2c(c1)C(=O)C(c1nncnn1)=CC2=O,,2.44
train,3934,ATTBOIYEJRPCAH-UHFFFAOYSA-N,N#Cc1cc(-c2nnc([N+](=O)[O-])nn2)c(C#N)c(-c2nnc([N+](=O)[O-])nn2)c1,,3.04
train,1984,MQSQYGNBVFJZKD-UHFFFAOYSA-N,COc1ccc(C2=CC(=O)c3nc(C#N)cnc3C2=O)cc1,,1.84
train,4147,GCYLYBAXPBXMCF-DQRAZIAOSA-N,N#Cc1csc(-c2ccc(N=Nc3ccc(-c4nc(C#N)cs4)s3)s2)n1,,1.22
train,1906,MGHMRPURZLMFSB-UHFFFAOYSA-N,COc1nc2c(nc1OC)C(=O)C(c1nnc(C#N)nn1)=C(c1nnc(C#N)nn1)C2=O,,2.57
train,5108,ICPGNOXCOXKKSM-UHFFFAOYSA,CO[C]1=N[N]C(=NN=1)n1c2ccccc2[nH]c2c1cccc2,,0.58
train,4365,JZZPTNJUHQKSIU-UHFFFAOYSA-N,N#Cc1cnc(C2(C#N)N=N2)s1,,2.88
train,3337,WPLIZZDMHMVZEY-UHFFFAOYSA-N,COc1nc2c(nc1OC)C(=O)C(c1nc(Cl)co1)=C(c1nc(Cl)co1)C2=O,,2.15
train,222,BBMWGNQNNIAKNO-UHFFFAOYSA-N,N#Cc1cnc2c(c1)C(=O)C(c1ccco1)=C(c1ccco1)C2=O,,1.41
train,5172,GYYMEDGAVVDYMQ-UHFFFAOYSA,C=CCN1c2ccccc2N(C)c2ccccc21,,0.2
train,490,DLBYYKRQUGZDNY-UHFFFAOYSA-N,COc1ccc2c(n1)C(=O)C=C(c1ccc([N+](=O)[O-])cc1)C2=O,,2.52
train,3022,UQADQDFZDKPLQC-UHFFFAOYSA-N,N#Cc1nc2c(nc1C#N)C(=O)C(c1ccc(C(F)(F)F)[nH]1)=C(c1ccc(C(F)(F)F)[nH]1)C2=O,,1.4
train,1682,KQROVEPMZOETOS-UHFFFAOYSA-N,O=C1C(c2ccc(C(F)(F)F)cn2)=CC(=O)c2ncccc21,,2.86
train,5128,QHPRTMIEIZXFJG-UHFFFAOYSA,Cc1cc(N2c3ccccc3N(c3cccc(F)n3)c3ccccc32)n[nH]1,,0.38
train,1968,MPFIPNZCPUWDQH-UHFFFAOYSA-N,CC#CC1=CC(=O)c2nccnc2C1=O,,2.92
train,211,BANUGYOGRDGOFC-UHFFFAOYSA-N,CN(C)c1c[nH]c(C2=CC(=O)c3nccc(C#N)c3C2=O)c1,,0.64
train,281,BVWLMAJLOJQYAW-UHFFFAOYSA-N,CC(O)=Nc1coc(C2=CC(=O)c3nc(C#N)cc(C#N)c3C2=O)n1,,1.74
train,2098,NEYCEEIXUOBXFZ-UHFFFAOYSA-N,O=C1C(C2=CC=CS2(=O)=O)=CC(=O)c2ncccc21,,2.59
train,582,DWKAMNKFJWLRGV-UHFFFAOYSA-N,O=C1C=C(c2cccs2)C(=O)c2nccnc21,,1.99
train,3174,VXCOKQPFIYDAMH-UHFFFAOYSA-N,O=C1C=C(c2nnc(O)nn2)C(=O)c2nccnc21,,2.39
train,4537,NEMSGRBZIGIZSZ-ISLYRVAYSA-N,Oc1coc(-c2ccc(N=Nc3ccc(-c4nc(O)co4)s3)s2)n1,,1.1
train,1959,MOBYGKXIKHIXNM-UHFFFAOYSA-N,N#Cc1ccc(C2=C(c3ccc(C#N)cn3)C(=O)c3c(C#N)cc(C#N)nc3C2=O)nc1,,2.84
train,4737,RSMLFDSBTGFWGC-FMQUCBEESA-N,Oc1ncc(-c2ccc(N=Nc3ccc(-c4cnc(O)[nH]4)s3)s2)[nH]1,,0.59
train,5290,IGQLUCVKIZFWRE-UHFFFAOYSA,Sc1nnc(nn1)c1ccc(cc1)c1ccc2c(c1)C(C)(C)c1c(N2c2ccc(cc2)c2ccc(nc2)OC(F)(F)F)ccc(c1)c1ccc(cc1)C1=NN=[C](=N[N]1)O,,0.84
train,779,GJKZCVLSMYQNEV-UHFFFAOYSA-N,N#Cc1cnc(C2=CC(=O)c3nccc(C#N)c3C2=O)nc1,,2.86
train,4284,ILKIOEHBVFQRGE-FMQUCBEESA-N,Oc1ncc(-c2ccc(N=Nc3ccc(-c4cnc(O)[nH]4)o3)o2)[nH]1,,0.5
train,174,AVZLFRPYBUETPJ-UHFFFAOYSA-N,Cn1c(C2=CC(=O)c3nccnc3C2=O)ccc1[N+](=O)[O-],,2.27
train,376,CICFZQIHSDMXDT-UHFFFAOYSA-N,CC(O)=Nc1ccc(C2=CC(=O)c3ncc(C#N)nc3C2=O)n1C,,1.01
train,5349,JPMOBYHEDXMASG-ONEGZZNKSA,CC1(C)c2cc(-c3ccc(F)cc3)ccc2N(c2ccc(-c3cnc(C#N)o3)cc2)c2ccc(-c3ccc(/C=C/C#N)cc3)cc21,,0.82
train,1528,JXXHBKNOFSAYIF-UHFFFAOYSA-N,N#Cc1ccnc2c1C(=O)C(c1ncc(F)o1)=C(c1ncc(F)o1)C2=O,,2.16
train,3537,XMLZHFYDUNAIQW-UHFFFAOYSA-N,N#Cc1nc2c(nc1C#N)C(=O)C(C1=CC=C(OC(F)(F)F)S1(=O)=O)=CC2=O,,2.63
train,4004,CEHGRCLLMICTQS-UHFFFAOYSA-N,O=C1c2ccc(-c3nccs3)cc2C(=O)c2cc(-c3nccs3)ccc21,,1.95
train,3080,UWJBJQOWVQQREV-UHFFFAOYSA-N,N#Cc1nc2c(nc1C#N)C(=O)C(c1ccc(C(F)(F)F)[nH]1)=CC2=O,,2.17
train,1068,HUVXVGLQYMSEDW-UHFFFAOYSA-N,N#Cc1cnc2c(n1)C(=O)C(c1nc(S)co1)=C(c1nc(S)co1)C2=O,,1.8
train,3986,BRWHVXDTFFPBEP-UHFFFAOYSA-N,c1coc(-c2cc3ccc4ccc5cc(-c6ncco6)c6ccc2c2c3c4c5c62)n1,,1.8
train,4101,FJYNWUAIMJNLAW-UHFFFAOYSA-N,OC1=CC=C(C2(O)N=N2)C1,,0.97
train,4647,PSRIQMPOAYVQQQ-UHFFFAOYSA-N,O=C1c2ccc(-c3ccc([N+](=O)[O-])s3)cc2C(=O)c2cc(-c3ccc([N+](=O)[O-])s3)ccc21,,2.26
train,2565,QHXWUSAQYNJEAX-UHFFFAOYSA-N,N#Cc1cc(C#N)c2c(n1)C(=O)C(c1ncc(OC(F)(F)F)cn1)=C(c1ncc(OC(F)(F)F)cn1)C2=O,,2.91
train,5223,DFEIRVMQZATLQV-UHFFFAOYSA,O[C]1=N[CH]C(=CN=1)n1c2ccccc2n(c2c1cccc2)[C]1C=CN=[C](=N1)O,,0.63
train,5140,UJHRIFAWQRLOSK-UHFFFAOYSA,O=[N+]([O-])c1ncc(N2c3ccccc3N(CO)c3ccccc32)cn1,,0.7
train,5526,DWSNTUZWSGIVCI-UHFFFAOYSA,FC(F)(F)Oc1cccc(N2c3ccccc3Sc3ccccc32)c1,,1.25
train,4824,ULLAZZPASNQPCL-UHFFFAOYSA-N,COc1coc(-c2cc(C#N)cc(-c3nc(OC)co3)c2C#N)n1,,-0.85
train,1093,HXOAGYYOFSUUDT-UHFFFAOYSA-N,O=C1C(c2nnc(F)nn2)=C(c2nnc(F)nn2)C(=O)c2nccnc21,,2.93
train,1085,HWLXRAPCOSICGP-UHFFFAOYSA-N,N#Cc1cnc2c(c1C#N)C(=O)C(n1cc(OC(F)(F)F)nn1)=C(n1cc(OC(F)(F)F)nn1)C2=O,,3.02
train,110,ANZDCEVGRFHTIQ-UHFFFAOYSA-N,N#Cc1cnc2c(c1)C(=O)C(c1ccc(Cl)n1C=O)=CC2=O,,1.83
train,3943,AXKLERBIHDLHAI-UHFFFAOYSA-N,OC1(O)N=N1,,2.56
train,551,DSUCOZXOZDIQHW-UHFFFAOYSA-N,COc1cnc2c(n1)C(=O)C(c1nc(N(C)C)cs1)=C(c1nc(N(C)C)cs1)C2=O,,0.77
train,1141,ICTMZKHUKSYEOZ-UHFFFAOYSA-N,C#CC1=C(C#C)C(=O)c2nccnc2C1=O,,2.75
train,1677,KPXCADIOWFUOLB-UHFFFAOYSA-N,N#Cc1cnc2c(c1C#N)C(=O)C(c1cc(F)c[nH]1)=CC2=O,,1.7
train,2837,SBOFUNXMGJRQTQ-UHFFFAOYSA-N,Cc1cn(C2=C(n3cc(C)nn3)C(=O)c3nc(C#N)cnc3C2=O)nn1,,2.63
train,4839,UWLZLZGSMYRTJH-UHFFFAOYSA-N,N#CC1=CC=C(c2cc(C#N)cc(C3=CC=C(C#N)S3(=O)=O)c2C#N)S1(=O)=O,,2.95
train,3886,ZSYXJJGIUMXHCA-UHFFFAOYSA-N,N#Cc1cnc2c(n1)C(=O)C(c1ncc(O)s1)=CC2=O,,1.8
train,2420,OTUSYGVZDUXYPJ-UHFFFAOYSA-N,N#Cc1cc2c(nc1C#N)C(=O)C=C(c1ncc(F)cn1)C2=O,,2.84
train,1446,JNYAYJBEJBEIIP-UHFFFAOYSA-N,N#Cc1ccc2c(n1)C(=O)C(C1=CC=C(F)C1)=C(C1=CC=C(F)C1)C2=O,,1.1
train,268,BUMWJCTZISGPGU-UHFFFAOYSA-N,N#Cc1nc2c(nc1C#N)C(=O)C(c1ncc(C(F)(F)F)s1)=C(c1ncc(C(F)(F)F)s1)C2=O,,2.56
train,1641,KKHPNWAPNRWYLK-UHFFFAOYSA-N,CC(O)=NC1=CC=C(C2=CC(=O)c3nc(C#N)cc(C#N)c3C2=O)C1,,1.03
train,4598,OJRFIKKIPCQWKM-UHFFFAOYSA-N,N#Cc1cc(-c2cc(F)c[nH]2)c(C#N)c(-c2cc(F)c[nH]2)c1,,-1.06
train,4100,FJWIDGCCELYQDY-UHFFFAOYSA-N,Sc1ccc(C2(S)N=N2)s1,,1.38
train,5377,WWWZHBXXCCJKCA-YNPASXIJSA,Cc1ccc(-c2ccc3c(c2)C(C)(C)c2cc(-c4ccc(/C=N/Cl)cc4)ccc2N3c2ccc(-c3nc(F)cs3)cc2)cc1,,0.83
train,94,AMQBPXSVBPYNPY-UHFFFAOYSA-N,COc1cnc2c(n1)C(=O)C=C(c1nc(C#N)co1)C2=O,,2.71
train,2035,MXEUGJASNJFILL-UHFFFAOYSA-N,N#Cc1cc(C#N)c2c(n1)C(=O)C=C(C1=CC=C(S)C1)C2=O,,1.31
train,183,AXHTYPUUFYEIOR-UHFFFAOYSA-N,COc1cnc2c(c1)C(=O)C(c1ccc(N=C(C)O)n1C)=CC2=O,,0.9
train,4674,QJUQJENBCHEYPA-UHFFFAOYSA-N,Oc1c[nH]c(C2(O)N=N2)c1,,1.1
train,1790,LTBPEHUDOPLWGY-UHFFFAOYSA-N,N#Cc1ccc2c(n1)C(=O)C(c1ccc(Cl)[nH]1)=C(c1ccc(Cl)[nH]1)C2=O,,1.03
train,664,FGJOLKCYIWDAPZ-UHFFFAOYSA-N,N#Cc1ccc2c(n1)C(=O)C=C(c1ccc(C(F)(F)F)cn1)C2=O,,2.97
train,2914,SKGBYWTWBZPEOE-VVEIRKSESA-N,N#CN=CC1=C(C=NC#N)C(=O)c2nc(C#N)c(C#N)cc2C1=O,,3.4
train,3535,XMIAFAVHBZWRER-UHFFFAOYSA-N,N#Cc1nc2c(nc1C#N)C(=O)C(c1ncc(F)o1)=CC2=O,,2.52
train,434,CQXVSAALOWYRRS-UHFFFAOYSA-N,N#Cc1cnc2c(c1)C(=O)C(c1ncc(Cl)o1)=C(c1ncc(Cl)o1)C2=O,,2.09
train,3866,ZRJGVQYVVQKYLM-UHFFFAOYSA-N,N#Cc1nc2c(nc1C#N)C(=O)C(n1ccnc1F)=CC2=O,,2.32
train,2287,ODMFJKNWHWQHKV-UHFFFAOYSA-N,N#Cc1cnc2c(c1)C(=O)C(c1ccc(F)s1)=CC2=O,,1.95
train,3408,WYBHMPZLDOXFOY-UHFFFAOYSA-N,Cc1nccn1C1=CC(=O)c2nccnc2C1=O,,1.81
train,1198,IKOKQRFHMSZYSC-UHFFFAOYSA-N,N#Cc1cnc2c(c1C#N)C(=O)C(c1ccc(Cl)cn1)=CC2=O,,2.6
train,573,DUUUCTKLVODOFF-UHFFFAOYSA-N,N#Cc1cc(C#N)c2c(n1)C(=O)C(C#COC(F)(F)F)=C(C#COC(F)(F)F)C2=O,,2.57
train,2108,NGCDCRZJJHSOGQ-UHFFFAOYSA-N,N#Cc1cc(C#N)c2c(n1)C(=O)C=C(c1cc(F)c[nH]1)C2=O,,1.71
train,1876,MCZDXIBLVSGJKN-UHFFFAOYSA-N,O=C1C=C(n2cc(S)c3ccccc32)C(=O)c2nccnc21,,1.2
train,2563,QDNSYZZTFNGGPW-UHFFFAOYSA-N,CC(O)=Nc1ccc(C2=CC(=O)c3nc(C#N)c(C#N)cc3C2=O)n1C=O,,1.38
train,4800,UAPPNQRQLFMKPW-UHFFFAOYSA-N,FC(F)(F)Oc1ccc(C2(OC(F)(F)F)N=N2)[nH]1,,1.64
train,2232,NWEMDRASUFDTAP-UHFFFAOYSA-N,CC(O)=Nc1ncc(C2=CC(=O)c3nc(C#N)c(C#N)cc3C2=O)[nH]1,,1.59
train,3670,YSSGCWWLIXXNSR-UDYNBGDRSA-N,N#CN=CC1=C(C=NC#N)C(=O)c2nc(C#N)ccc2C1=O,,3.11
train,2910,SKBDGNQFZVPNKZ-UHFFFAOYSA-N,N#Cc1cc2c(nc1C#N)C(=O)C(C1=CC=C([N+](=O)[O-])S1(=O)=O)=C(C1=CC=C([N+](=O)[O-])S1(=O)=O)C2=O,,3.2
train,278,BVLVLKBXAZAKQT-UHFFFAOYSA-N,Cc1ccc(C2=CC(=O)c3nc(C#N)c(C#N)nc3C2=O)[nH]1,,1.45
train,2908,SJRBBUQPVLPKFN-UHFFFAOYSA-N,COc1c[nH]c(C2=CC(=O)c3nc(C#N)ccc3C2=O)c1,,1.29
train,919,HAVBFSLAAPVKCP-UHFFFAOYSA-N,N#CC1=CC=C(C2=CC(=O)c3nc(C#N)cnc3C2=O)C1,,2.21
train,2879,SGLAOVNMRGWGIU-UHFFFAOYSA-N,N#Cc1ccc2c(n1)C(=O)C=C(c1ccc(C#N)s1)C2=O,,2.34
train,4002,CDLWLRHRMNWTMU-DQRAZIAOSA-N,c1coc(-c2ccc(N=Nc3ccc(-c4ccco4)cc3)cc2)c1,,1.03
train,5488,TUCNCAUBUKEDNE-MYKKPKGFSA,O=c1oc2cc(-c3ccoc3F)ccc2c2cc3ccccc3c(/C=N\S)c12,,1.45
train,563,DTWQFSGTIPVPGE-UHFFFAOYSA-N,Cc1nnc(C2=C(c3nnc(C)nn3)C(=O)c3nccnc3C2=O)nn1,,2.26
train,5287,GTUFMVCWSCUQPU-UHFFFAOYSA,CC1(C)c2cc(-c3ccc(-c4ccc(S)nc4)cc3)ccc2N(c2ccc(-c3ccc(S)[nH]3)cc2)c2ccc(-c3ccc(-c4cc[nH]c4)cc3)cc21,,0.6
train,158,ATVXYBYSQLIPHA-UHFFFAOYSA-N,COc1cnc2c(n1)C(=O)C(c1cnc(O)[nH]1)=C(c1cnc(O)[nH]1)C2=O,,1.01
train,634,FCJHHGFSSJZPRZ-UHFFFAOYSA-N,N#Cc1ccc2c(n1)C(=O)C(n1cc(C(F)(F)F)nn1)=C(n1cc(C(F)(F)F)nn1)C2=O,,3.25
train,5331,CFZBBDYVBGRBLB-FLAFPHFPSA,CC1(C)c2cc(-c3ccc(/C=C\[N+](=O)[O-])cc3)ccc2N(c2ccc(/C=C/C#N)cc2)c2ccc(-c3ccc(/C=N/[N+](=O)[O-])cc3)cc21,,0.94
train,3197,VZOXKIUPPQOWCA-UHFFFAOYSA-N,Cn1c(F)ccc1C1=CC(=O)c2ncc(C#N)nc2C1=O,,1.55
train,4291,IOWDBJAHTIBHBN-UHFFFAOYSA-N,COc1ccc(-c2cc(C#N)cc(-c3ccc(OC)cn3)c2C#N)nc1,,-1.11
train,4517,MWARHWLDNOPYFQ-UHFFFAOYSA-N,N#Cc1cc(-c2ccc(Cl)cc2)c(C#N)c(-c2ccc(Cl)cc2)c1,,2.28
train,3205,WAIBMHLFBPXJEZ-UHFFFAOYSA-N,COc1ccc2c(n1)C(=O)C=C(c1ccc(N(C)C)n1C=O)C2=O,,0.86
train,975,HJGJYJLHKIIXCF-UHFFFAOYSA-N,Cc1coc(C2=C(c3nc(C)co3)C(=O)c3c(C#N)cc(C#N)nc3C2=O)n1,,1.99
train,844,GSOQVEFVNPTJGT-UHFFFAOYSA-N,N#Cc1nc2c(nc1C#N)C(=O)C(c1ccc(O)[nH]1)=C(c1ccc(O)[nH]1)C2=O,,0.58
train,5063,ZJDIVZHHWVMBAU-QURGRASLSA-N,ClC1=CC=C(c2ccc(N=Nc3ccc(C4=CC=C(Cl)C4)o3)o2)C1,,0.45
train,2069,NBAPFTWRQWAJSQ-UHFFFAOYSA-N,N#Cc1cnc2c(n1)C(=O)C(c1cccn1C=O)=C(c1cccn1C=O)C2=O,,1.7
train,2236,NWQPZLUKJBCFGB-CIIODKQPSA-N,CC=CC1=C(C=CC)C(=O)c2nc(C#N)ccc2C1=O,,1.73
train,1301,IVRQCNBZPPECGK-UHFFFAOYSA-N,O=C1C=C(c2ncc(C(F)(F)F)cn2)C(=O)c2nccnc21,,2.8
train,2423,OUKSMXIKIVQLJP-UHFFFAOYSA-N,N#Cc1ccnc2c1C(=O)C(c1ccc(OC(F)(F)F)o1)=C(c1ccc(OC(F)(F)F)o1)C2=O,,1.47
train,4055,DMRPUUKKHXUDTN-UHFFFAOYSA-N,FC#Cc1cc2c3cc(C#CF)c4cccc5c(C#CF)cc(c6cc(C#CF)c7cccc1c7c26)c3c45,,0.83
train,706,FLSZTKMZVQMGPG-UHFFFAOYSA-N,N#Cc1nc2c(nc1C#N)C(=O)C(c1nncnn1)=CC2=O,,2.48
train,3166,VWEFPABNGVIGGI-UHFFFAOYSA-N,COc1ccc(C2=CC(=O)c3nc(C#N)ccc3C2=O)cc1,,1.8
train,3008,UOASEUSFRNCYMS-UHFFFAOYSA-N,N#Cc1cc(C#N)c2c(n1)C(=O)C(c1nc(C(F)(F)F)cs1)=C(c1nc(C(F)(F)F)cs1)C2=O,,2.41
train,1207,IKYWAZZSNRQSFL-UHFFFAOYSA-N,COC1=CC=C(C2=CC(=O)c3nc(C#N)c(C#N)nc3C2=O)C1,,1.15
train,2720,ROBBHIUBFGKILG-UHFFFAOYSA-N,COc1nnc(C2=C(c3nnc(OC)nn3)C(=O)c3nc(OC)c(OC)nc3C2=O)nn1,,2.34
train,5297,LQGXLBDTDUPTIN-UHFFFAOYSA,CC1(C)c2cc(-c3ccc(-c4ccc[nH]4)cc3)ccc2N(c2ccc(-c3c[nH]c(S)c3)cc2)c2ccc(-c3ccc(-c4ccc(OC(F)(F)F)o4)cc3)cc21,,0.61
train,3662,YSBKJZPICABIDT-UHFFFAOYSA-N,Cn1c(F)ccc1C1=CC(=O)c2nc(C#N)ccc2C1=O,,1.52
train,3314,WNLAYBARONSEQZ-UHFFFAOYSA-N,N#Cc1cnc2c(n1)C(=O)C(c1nnc(S)nn1)=C(c1nnc(S)nn1)C2=O,,2.44
train,3944,AXWUCDKPOILRRQ-UHFFFAOYSA-N,Cn1c(C#N)ccc1-c1ccc2c(c1)C(=O)c1cc(-c3ccc(C#N)n3C)ccc1C2=O,,1.9
train,3571,XRGDLALPAWIGFK-UHFFFAOYSA-N,N#Cc1cnc2c(c1C#N)C(=O)C(n1ccnc1OC(F)(F)F)=CC2=O,,2.17
train,220,BBHBNMGQFNMBDK-UHFFFAOYSA-N,N#Cc1cnc2c(c1C#N)C(=O)C(c1cccn1C=O)=CC2=O,,1.99
train,1728,LKVGMJSXWYHCCJ-NORIJPHCSA-N,CN(C)N=CC1=C(C=NN(C)C)C(=O)c2nc(C#N)c(C#N)nc2C1=O,,0.8
train,5471,PFZPDRBFOJACFT-UHFFFAOYSA,COc1cccc(-c2ccc3c(c2)oc(=O)c2c(-c4coc(OC(F)(F)F)c4)c4ccccc4cc23)n1,,1.43
train,4957,XLEGUMMIGGVXKB-UHFFFAOYSA-N,N#Cc1cc(-c2ncc(O)cn2)c(C#N)c(-c2ncc(O)cn2)c1,,-0.93
train,4182,GSYCBINEZRLFOL-UHFFFAOYSA-N,O=C1c2ccc(-c3cc(O)c[nH]3)cc2C(=O)c2cc(-c3cc(O)c[nH]3)ccc21,,1.05
train,2829,SBBNAEOUAYURJP-UHFFFAOYSA-N,Cn1c(S)ccc1C1=CC(=O)c2nc(C#N)ccc2C1=O,,1.21
train,3318,WNNUCTGJUBRYBO-UHFFFAOYSA-N,N#Cc1cnc2c(c1)C(=O)C(c1ccc(S)[nH]1)=CC2=O,,1.14
train,819,GPRDABLCXGWEAY-UHFFFAOYSA-N,N#Cc1cnc2c(n1)C(=O)C(c1ccc([N+](=O)[O-])s1)=C(c1ccc([N+](=O)[O-])s1)C2=O,,2.49
train,1157,IEBXXKREDRAVCH-UHFFFAOYSA-N,COc1cnc2c(n1)C(=O)C=C(c1nnc(N=C(C)O)nn1)C2=O,,1.96
train,1612,KGOUUFKWTMXZBE-UHFFFAOYSA-N,N#Cc1nnc(C2=CC(=O)c3ncccc3C2=O)nn1,,2.71
train,41,AGCIVQHQXJAWTP-UHFFFAOYSA-N,O=C1C(c2nc(C(F)(F)F)co2)=CC(=O)c2ncccc21,,2.79
train,1407,JJXZYSDBLDOAIP-UHFFFAOYSA-N,N#Cc1cnc2c(n1)C(=O)C=C(c1nnc(S)nn1)C2=O,,2.34
train,4748,RYSCLVZXACDRPK-QURGRASLSA-N,c1csc(-c2ccc(N=Nc3ccc(-c4cccs4)cc3)cc2)c1,,1.22
train,2014,MUGPKWAVDTVCEU-UHFFFAOYSA-N,N#Cc1cnc2c(c1)C(=O)C(C1=CC=C(O)S1(=O)=O)=C(C1=CC=C(O)S1(=O)=O)C2=O,,1.81
train,2188,NPDUJIIIABJMMY-UHFFFAOYSA-N,CC(O)=Nc1cnc(C2=C(c3ncc(N=C(C)O)cn3)C(=O)c3nc(C#N)c(C#N)nc3C2=O)nc1,,2.08
train,4856,VGDHAPXIFDONTJ-DQRAZIAOSA-N,FC(F)(F)c1nnc(-c2ccc(N=Nc3ccc(-c4nnc(C(F)(F)F)nn4)s3)s2)nn1,,1.66
train,4660,PYDMUIZFUSMTAD-UHFFFAOYSA-N,O=C1c2ccc(-c3cc(Cl)c[nH]3)cc2C(=O)c2cc(-c3cc(Cl)c[nH]3)ccc21,,1.5
train,1899,MGBHCEBAHLNXCG-UHFFFAOYSA-N,COc1ccc(C2=CC(=O)c3nccc(C#N)c3C2=O)n1C=O,,1.41
train,1372,JGIRLICHDXVUKP-UHFFFAOYSA-N,N#Cc1cnc2c(c1C#N)C(=O)C(c1ccc(C(F)(F)F)cc1)=C(c1ccc(C(F)(F)F)cc1)C2=O,,2.59
train,5443,KMYLQPDCMCNJQN-UHFFFAOYSA,C=COc1ccc2c(c1)oc(=O)c1c(-c3csc(C#N)n3)c3ccccc3cc12,,1.54
train,1229,INRFIMGXEXXQAE-UHFFFAOYSA-N,O=C1C(c2ncc(Cl)s2)=C(c2ncc(Cl)s2)C(=O)c2nccnc21,,1.85
train,4472,MAAZYGIFEFYIMR-BUHFOSPRSA-N,C#Cc1ccc(N=Nc2ccc(C#C)s2)s1,,1.27
train,5333,CRCNAKCIXWFBDE-UHFFFAOYSA,CC1(C)c2cc(-c3ccc(C#CC(F)(F)F)cc3)ccc2N(c2ccc(-c3nc(Cl)cs3)cc2)c2ccc(-c3ccc(-c4coc(C(F)(F)F)c4)cc3)cc21,,0.78
train,3473,XFOWWLHQVHOAIC-UHFFFAOYSA-N,COc1ccc2c(n1)C(=O)C=C(C1=CC=C(N(C)C)S1(=O)=O)C2=O,,1.33
train,3702,YXGYEKMWLJCELD-NDILIQOGSA-N,CN(C)N=CC1=C(C=NN(C)C)C(=O)c2nc(C#N)cnc2C1=O,,0.86
train,4896,WGDLKDLEVJKCBJ-OCEACIFDSA-N,FC(F)(F)Oc1csc(-c2ccc(N=Nc3ccc(-c4nc(OC(F)(F)F)cs4)s3)s2)n1,,1.29
train,1970,MPGWYZVGPSMNDS-UHFFFAOYSA-N,Cc1ccc(C2=C(c3ccc(C)cn3)C(=O)c3nc(C#N)c(C#N)cc3C2=O)nc1,,2.13
train,2198,NQFLLKKYZNUULD-UHFFFAOYSA-N,O=Cn1cccc1C1=CC(=O)c2nccnc2C1=O,,1.94
train,3748,ZCSVPBFKKUYEDI-UHFFFAOYSA-N,N#Cc1cc2c(nc1C#N)C(=O)C(c1ncc([N+](=O)[O-])s1)=C(c1ncc([N+](=O)[O-])s1)C2=O,,2.79
train,3691,YVQXYJYXEDBERF-UHFFFAOYSA-N,N#Cc1cc2c(nc1C#N)C(=O)C=C(c1ccc([N+](=O)[O-])[nH]1)C2=O,,2.31
train,307,BYMWFQDXFMFESC-UHFFFAOYSA-N,N#Cc1cnc2c(n1)C(=O)C=C(c1ccc(Cl)cc1)C2=O,,2.38
train,3937,AUWBMNGVHBNSHJ-UHFFFAOYSA-N,N#Cc1cc(-c2ncc(OC(F)(F)F)s2)c(C#N)c(-c2ncc(OC(F)(F)F)s2)c1,,-0.71
train,4675,QKPRSBRZLAKJAK-UHFFFAOYSA-N,O=C1c2ccc(-c3ccc(C(F)(F)F)[nH]3)cc2C(=O)c2cc(-c3ccc(C(F)(F)F)[nH]3)ccc21,,1.7
train,1727,LKTODZSYEGRWKU-UHFFFAOYSA-N,CC(O)=Nc1nnc(C2=CC(=O)c3nc(C#N)ccc3C2=O)nn1,,2.05
train,2148,NKICVROGLQZQQJ-UHFFFAOYSA-N,Cc1ccc(C2=C(c3ccc(C)cc3)C(=O)c3nc(C#N)c(C#N)nc3C2=O)cc1,,1.74
train,4205,HEVIVLPZMOZKGV-ISLYRVAYSA-N,N#CC#Cc1ccc(N=Nc2ccc(C#CC#N)o2)o1,,1.75
train,4747,RYJPJFNNJPAINW-UHFFFAOYSA-N,N#Cc1cc(-c2nc(S)co2)c(C#N)c(-c2nc(S)co2)c1,,-0.79
train,2409,OSKBHYWSCOSUTD-UHFFFAOYSA-N,COc1nc2c(nc1OC)C(=O)C(c1ncc(Cl)o1)=CC2=O,,2.13
train,4179,GRRNMHDOLHOUEF-FMQUCBEESA-N,CC1=CC=C(c2ccc(N=Nc3ccc(C4=CC=C(C)S4(=O)=O)s3)s2)S1(=O)=O,,1.17
train,2046,MYKSNOICRJJFCT-UHFFFAOYSA-N,CC(O)=Nc1cn(C2=C(n3cc(N=C(C)O)nn3)C(=O)c3nc(C#N)cnc3C2=O)nn1,,1.93
train,4113,FPGOYHXUTYWCGX-OCEACIFDSA-N,Cc1ncc(-c2ccc(N=Nc3ccc(-c4cnc(C)[nH]4)cc3)cc2)[nH]1,,1.02
train,4267,IFXHXJDJLZHFFE-UHFFFAOYSA-N,O=C1c2ccc(-c3ccc(Cl)s3)cc2C(=O)c2cc(-c3ccc(Cl)s3)ccc21,,1.75
train,5267,WQBUVORCTJTSAV-OUKQBFOZSA,C=COCN1c2ccccc2N(/C=C/OC)c2ccccc21,,0.35
train,657,FFQCKNUOSQALDK-UHFFFAOYSA-N,COc1ccc2c(n1)C(=O)C=C(c1ccc(OC)s1)C2=O,,1.38
train,499,DMJIBXCODIRVAS-UHFFFAOYSA-N,O=C1C(c2nnc(S)nn2)=CC(=O)c2ncccc21,,2.27
train,285,BWELJVDNMBRBQJ-UHFFFAOYSA-N,N#Cc1cnc2c(n1)C(=O)C(n1ccnc1F)=CC2=O,,2.26
train,5484,SJTZXGKOUJZEHI-HJWRWDBZSA,C=NCc1ccc2c(c1)oc(=O)c1c(/C=C\S)c3ccccc3cc12,,1.47
train,3142,VCPFIYBYWDBZSS-UHFFFAOYSA-N,N#Cc1cnc2c(n1)C(=O)C(c1nnc(O)nn1)=CC2=O,,2.47
train,1576,KDDTTZMIWCEAGR-DUXPYHPUSA-N,COc1ccnc2c1C(=O)C(C=CC(F)(F)F)=CC2=O,,2.85
train,4729,RNNDPGIZCQAUTL-DQRAZIAOSA-N,c1ccc(-c2ccc(N=Nc3ccc(-c4ccccn4)s3)s2)nc1,,0.96
train,3675,YTPYUXXFGGHKHC-UHFFFAOYSA-N,CC(O)=Nc1ccc(C2=C(c3ccc(N=C(C)O)cn3)C(=O)c3nc(C#N)c(C#N)nc3C2=O)nc1,,1.6
train,116,AOGCNFFUXNULAD-UHFFFAOYSA-N,Cc1ccc(C2=CC(=O)c3nccc(C#N)c3C2=O)[nH]1,,1.32
train,3127,VBNDIPPHKPUVFM-CCAGOZQPSA-N,N#Cc1cc2c(nc1C#N)C(=O)C(C=CCl)=C(C=CCl)C2=O,,2.32
train,3381,WVQJDSFDFQVELU-UHFFFAOYSA-N,N#Cc1cc2c(nc1C#N)C(=O)C=C(c1nc([N+](=O)[O-])co1)C2=O,,3.11
train,3690,YVQOGLTWNNMTQX-UHFFFAOYSA-N,N#Cc1cnc2c(c1C#N)C(=O)C(n1cc([N+](=O)[O-])nn1)=C(n1cc([N+](=O)[O-])nn1)C2=O,,3.61
train,1689,KQWZEUOUECSZBL-UHFFFAOYSA-N,COc1cnc2c(n1)C(=O)C=C(c1ncc(C)cn1)C2=O,,2.41
train,2166,NMQRAYWWPDUSIE-UHFFFAOYSA-N,COc1ccnc2c1C(=O)C(c1ccc(Cl)cc1)=CC2=O,,2.22
train,3071,UVRUTPHHUKSZMQ-UHFFFAOYSA-N,N#Cc1cnc2c(c1C#N)C(=O)C(n1cc([N+](=O)[O-])c3ccccc31)=CC2=O,,2.15
train,2293,OEHLFNWBFVQCEN-UHFFFAOYSA-N,N#Cc1cn(C2=C(n3cc(C#N)nn3)C(=O)c3nc(C#N)c(C#N)cc3C2=O)nn1,,3.29
train,2552,PIARXWZNFBRSNU-UHFFFAOYSA-N,Cc1nnc(C2=CC(=O)c3nc(C#N)cc(C#N)c3C2=O)nn1,,2.25
train,1838,LYPLTCUKLYKTMZ-ONEGZZNKSA-N,N#Cc1ccc2c(n1)C(=O)C=C(C=CF)C2=O,,2.58
train,4694,QURUNZJNICRFOI-UHFFFAOYSA-N,N#Cc1cc(-c2ncccn2)c(C#N)c(-c2ncccn2)c1,,2.74
train,4794,TXBPVTMKWVILPO-BYYHNAKLSA-N,N#CC1=CC=C(c2ccc(N=Nc3ccc(C4=CC=C(C#N)C4)cc3)cc2)C1,,1.31
train,1709,LIQAJFICCPBGAR-UHFFFAOYSA-N,N#Cc1nc2c(nc1C#N)C(=O)C(c1ccc(OC(F)(F)F)cc1)=CC2=O,,2.45
train,3023,UQCQKUDCKNUUKC-UHFFFAOYSA-N,CC(O)=Nc1c[nH]c(C2=CC(=O)c3nccnc3C2=O)c1,,1.25
train,5537,OACGNAVDXHQTAQ-UHFFFAOYSA,Oc1occc1N1c2ccccc2Sc2ccccc21,,0.76
train,4157,GHRBHXYUBXRAJG-OKOAMWBMSA-N,OC=Cc1ccc(N=Nc2ccc(C=CO)[nH]2)[nH]1,,0.14
train,369,CHGHQHGZSMWNDG-UHFFFAOYSA-N,O=C1C(c2nnc(C(F)(F)F)nn2)=C(c2nnc(C(F)(F)F)nn2)C(=O)c2ncccc21,,2.93
train,3676,YTSUIJXLTWFHGW-UHFFFAOYSA-N,N#Cc1cc(C#N)c2c(n1)C(=O)C(C#C[N+](=O)[O-])=C(C#C[N+](=O)[O-])C2=O,,3.4
train,3802,ZJMZQJLDSVVMLN-UHFFFAOYSA-N,CC(O)=Nc1ncc(C2=C(c3cnc(N=C(C)O)[nH]3)C(=O)c3c(C#N)cc(C#N)nc3C2=O)[nH]1,,1.02
train,2918,SLDUAVKQTKFRFG-UHFFFAOYSA-N,N#Cc1ccnc2c1C(=O)C(C1=CC=C(S)C1)=CC2=O,,1.14
train,4907,WPFTVGZFWKMXPZ-UHFFFAOYSA-N,N#Cc1cc(C2=CC=C(S)S2(=O)=O)c(C#N)c(C2=CC=C(S)S2(=O)=O)c1,,2.05
train,4163,GKVDXUXIAHWQIK-UHFFFAOYSA-N,C1N=N1,,3.39
train,3175,VXERZHMQMJJZGY-UHFFFAOYSA-N,CC(O)=Nc1cnc(C2=CC(=O)c3ncc(C#N)c(C#N)c3C2=O)s1,,1.56
train,2878,SGKJSKLMNRNYAG-UHFFFAOYSA-N,CC(O)=Nc1ccc(C2=CC(=O)c3nc(C#N)ccc3C2=O)[nH]1,,1.01
train,2767,RUEUOJBNPDKJGU-UHFFFAOYSA-N,N#Cc1cnc2c(c1)C(=O)C(c1ncc(Cl)o1)=CC2=O,,2.33
train,3783,ZGUWIDJSWBQYQG-UHFFFAOYSA-N,C=CC1=CC(=O)c2ncc(OC)cc2C1=O,,2.37
train,4981,XYURNJUMVFIFBP-UHFFFAOYSA-N,Clc1nnc(C2(Cl)N=N2)nn1,,2.79
train,2947,UHISVANEXBKLPS-UHFFFAOYSA-N,O=C1C(c2ccc(O)o2)=CC(=O)c2ncccc21,,1.45
train,2154,NLIFJFPMWAVRDU-GLIMQPGKSA-N,N#Cc1ccc2c(n1)C(=O)C(C=CC(F)(F)F)=C(C=CC(F)(F)F)C2=O,,2.95
train,4161,GIVSKCIJIYJETF-UHFFFAOYSA-N,Clc1cnc(C2(Cl)N=N2)nc1,,2.86
train,5544,RVBQVPOBFHVBBE-UHFFFAOYSA,Sc1cccc(N2c3ccccc3Sc3ccccc32)c1,,0.64
train,2200,NQRNORKZJHUITE-UHFFFAOYSA-N,N#Cc1cnc2c(n1)C(=O)C=C(C1=CC=C(S)C1)C2=O,,1.22
train,1700,KSZLPKVEVRHHND-UHFFFAOYSA-N,CN(C)c1ccc(C2=CC(=O)c3ncc(C#N)cc3C2=O)[nH]1,,0.59
train,1451,JOLIRWBSZPBZFW-UHFFFAOYSA-N,Cn1c(S)ccc1C1=CC(=O)c2nc(C#N)c(C#N)cc2C1=O,,1.25
train,4165,GLVZWPFDCJINMM-UHFFFAOYSA-N,O=C1c2ccc(-c3nnc(OC(F)(F)F)nn3)cc2C(=O)c2cc(-c3nnc(OC(F)(F)F)nn3)ccc21,,2.63
train,4755,SBGYQITZKPXITM-UHFFFAOYSA-N,Cn1c(C#N)ccc1-c1cc(C#N)cc(-c2ccc(C#N)n2C)c1C#N,,2.24
train,2186,NOUBBLBNTDBXAU-UHFFFAOYSA-N,CC(O)=Nc1ncc(C2=C(c3cnc(N=C(C)O)[nH]3)C(=O)c3ncc(C#N)cc3C2=O)[nH]1,,0.91
train,3935,AUHXASBOJKVKEA-UHFFFAOYSA-N,ClC1=CC=C(C2(Cl)N=N2)C1,,1.58
train,1549,KAGBSCKQOXEFCR-UHFFFAOYSA-N,CN(C)c1nccn1C1=CC(=O)c2nc(C#N)cc(C#N)c2C1=O,,1.01
train,2476,OZXQYPVHKFLURT-UHFFFAOYSA-N,N#Cc1ccnc2c1C(=O)C(c1ccc([N+](=O)[O-])cc1)=CC2=O,,2.92
train,4042,DDVPLFMIAGBNRR-UHFFFAOYSA-N,N#Cc1cc(-c2nc(F)co2)c(C#N)c(-c2nc(F)co2)c1,,-0.74
train,3325,WOCOJSKATTZETJ-UHFFFAOYSA-N,N#Cc1ccnc2c1C(=O)C(c1cccn1C=O)=CC2=O,,1.95
train,5403,BCZMFMQOSFYKCV-UHFFFAOYSA,C#CSc1ccc2c(c1)oc(=O)c1c(-c3coc([N+](=O)[O-])n3)c3ccccc3cc12,,1.55
train,2722,ROHYBLQUYOBEQQ-UHFFFAOYSA-N,COc1ccnc2c1C(=O)C(c1ccc(O)cc1)=CC2=O,,1.8
train,1152,IDPDNRLPZQXRCT-UHFFFAOYSA-N,N#Cc1cnc2c(c1)C(=O)C(c1nncnn1)=C(c1nncnn1)C2=O,,2.55
train,3685,YUZZVVGKYJZAHW-UHFFFAOYSA-N,COc1cnc2c(n1)C(=O)C(n1cc(F)nn1)=CC2=O,,2.83
train,759,GGKRBUOHQVVABU-UHFFFAOYSA-N,N#Cc1cnc2c(c1C#N)C(=O)C(c1ncc(F)s1)=C(c1ncc(F)s1)C2=O,,1.91
train,180,AXBGIFVEIJTIQL-UHFFFAOYSA-N,CC(O)=Nc1ccc(C2=C(c3ccc(N=C(C)O)[nH]3)C(=O)c3nc(C#N)cnc3C2=O)[nH]1,,0.6
train,989,HLHDCTLATAJQEN-UHFFFAOYSA-N,N#Cc1cc(C#N)c2c(n1)C(=O)C(c1ccc([N+](=O)[O-])o1)=C(c1ccc([N+](=O)[O-])o1)C2=O,,2.4
train,4455,LQTMNSVHKIWBKI-FMQUCBEESA-N,FC#Cc1ccc(N=Nc2ccc(C#CF)cc2)cc1,,1.78
train,2675,RJPWSKRKHQLQRA-UHFFFAOYSA-N,N#Cc1cc(C#N)c2c(n1)C(=O)C(n1cc(O)c3ccccc31)=C(n1cc(O)c3ccccc31)C2=O,,0.93
train,2466,OYZMQAOPUCNBJN-UHFFFAOYSA-N,N#Cc1ccc2c(n1)C(=O)C(c1ccc(S)cn1)=C(c1ccc(S)cn1)C2=O,,1.74
train,1508,JVLUJKOEKBDPLJ-UHFFFAOYSA-N,COc1cnc2c(n1)C(=O)C(c1ncc(F)cn1)=C(c1ncc(F)cn1)C2=O,,2.78
train,1533,JYJHSTAXQUHVQO-UHFFFAOYSA-N,N#Cc1cnc2c(n1)C(=O)C(c1ccc(S)cc1)=CC2=O,,1.83
train,1350,JCOQYQQYYBWLMG-UHFFFAOYSA-N,COc1ccnc2c1C(=O)C(c1nc(C(F)(F)F)cs1)=CC2=O,,2.53
train,581,DWJPCPGRGYRMRW-UHFFFAOYSA-N,N#Cc1cnc2c(c1C#N)C(=O)C(c1ncc([N+](=O)[O-])s1)=CC2=O,,2.96
train,5104,GXKDRHDTMWAGLX-UHFFFAOYSA,C#CSN1c2ccccc2N(c2csc(S)n2)c2ccccc21,,0.45
train,4987,YBCWYZWKCPWMQB-ZCXUNETKSA-N,ClC#Cc1ccc(N=Nc2ccc(C#CCl)[nH]2)[nH]1,,0.11
train,4046,DFQSEKZYJPAANI-QURGRASLSA-N,c1ccc(-c2ccc(N=Nc3ccc(-c4ccccc4)o3)o2)cc1,,0.84
train,3041,URQRFUWOTMNMNZ-UHFFFAOYSA-N,N#Cc1cc2c(nc1C#N)C(=O)C(n1ccnc1F)=C(n1ccnc1F)C2=O,,2.28
train,4815,UIFQIZFAUIGYRC-VXPUYCOJSA-N,O=[N+]([O-])c1cnc(-c2ccc(N=Nc3ccc(-c4ncc([N+](=O)[O-])s4)[nH]3)[nH]2)s1,,0.7
train,4178,GQXSXSSQCAKYSM-ISLYRVAYSA-N,Oc1cnc(-c2ccc(N=Nc3ccc(-c4ncc(O)o4)o3)o2)o1,,0.85
train,2756,RSIDHQZLOZBIQY-UHFFFAOYSA-N,COc1ccc(C2=C(c3ccc(OC)cn3)C(=O)c3nc(C#N)ccc3C2=O)nc1,,1.78
train,4642,POPAGRONNAPESZ-VHXPQNKSSA-N,Fc1ccc(-c2ccc(N=Nc3ccc(-c4ccc(F)cn4)o3)o2)nc1,,0.82
train,2821,SAHKWMMUOWXNRK-UHFFFAOYSA-N,O=C1C(c2ncc(C(F)(F)F)cn2)=C(c2ncc(C(F)(F)F)cn2)C(=O)c2ncccc21,,2.8
train,343,CEAAJNFNTZVZAF-UHFFFAOYSA-N,N#Cc1ccc2c(n1)C(=O)C=C(c1ccco1)C2=O,,1.94
train,5546,VKUKIJHWCKYBJF-UHFFFAOYSA,Sc1nccc(N2c3ccccc3Sc3ccccc32)n1,,1.1
train,1526,JXPSGXVUVSLURK-UHFFFAOYSA-N,N#Cc1ccnc2c1C(=O)C(n1ccnc1Cl)=CC2=O,,2.12
train,160,AUKBVQLBZKDFRD-UHFFFAOYSA-N,Cc1ccc(C2=C(c3ccc(C)[nH]3)C(=O)c3ncccc3C2=O)[nH]1,,0.62
train,1107,HYSLNFSMYPAUTP-UHFFFAOYSA-N,N#Cc1cnc2c(c1C#N)C(=O)C(n1ccnc1C#N)=C(n1ccnc1C#N)C2=O,,2.63
train,2673,RJIWZIPNJSJVMQ-UHFFFAOYSA-N,COc1ccc2c(n1)C(=O)C=C(c1ccc(N(C)C)n1C)C2=O,,0.55
train,3350,WQYZQBNFEJXGCX-UHFFFAOYSA-N,Cc1ccc(C2=CC(=O)c3ncc(C#N)nc3C2=O)[nH]1,,1.38
train,5361,OOTROVLGMVIKAG-UHFFFAOYSA,Cc1cc(-c2ccc(N3c4ccc(-c5ccc(-c6cc(F)n(C=O)c6)cc5)cc4C(C)(C)c4cc(-c5ccc(-c6nc(F)cs6)cc5)ccc43)cc2)co1,,0.71
train,2269,OAZCKBWKDMGQLV-UHFFFAOYSA-N,N#Cc1cnc2c(n1)C(=O)C=C(n1ccnc1Cl)C2=O,,2.17
train,1189,IKCJIDHYVCGXQX-UHFFFAOYSA-N,Cc1cnc(C2=CC(=O)c3ncccc3C2=O)s1,,1.96
train,830,GRECPEHHAWFKOL-UHFFFAOYSA-N,N#Cc1ccc2c(n1)C(=O)C(c1ccc(F)cn1)=C(c1ccc(F)cn1)C2=O,,2.34
train,1848,LZWRFTARYDXJPG-UHFFFAOYSA-N,N#Cc1cnc2c(c1C#N)C(=O)C(n1cc(C#N)c3ccccc31)=C(n1cc(C#N)c3ccccc31)C2=O,,1.98
train,5532,JJVYMCQKJCUCMV-UHFFFAOYSA,Sc1ncc(N2c3ccccc3Sc3ccccc32)o1,,0.95
train,1147,IDFVWXXEURBDGM-UHFFFAOYSA-N,COc1cnc2c(c1)C(=O)C(c1ccc([N+](=O)[O-])cn1)=CC2=O,,2.49
train,941,HDXMLDGGSUAURN-UHFFFAOYSA-N,Cc1cnc(C2=C(c3ncc(C)s3)C(=O)c3c(C#N)ccnc3C2=O)s1,,1.57
train,795,GMMPIXSJRJENJN-UHFFFAOYSA-N,N#Cc1csc(C2=CC(=O)c3ncc(C#N)nc3C2=O)n1,,2.78
train,5296,LCYDKCPAKIPKSZ-UHFFFAOYSA,CO[C]1=N[CH]C(=CN=1)c1ccc(cc1)N1c2ccc(cc2C(c2c1ccc(c2)c1ccc(cc1)c1nncnn1)(C)C)c1ccc(cc1)c1ccc(nc1)O,,0.79
train,5470,OOGNHFMQHRLENS-UHFFFAOYSA,O=c1oc2ccccc2c2cc3ccccc3c(-c3ccc([N+](=O)[O-])o3)c12,,1.73
train,1463,JQQUVTIPOFAJHW-UHFFFAOYSA-N,O=C1C=C(c2ncc(Cl)o2)C(=O)c2nccnc21,,2.18
train,3136,VCELBVQBJPROOB-UHFFFAOYSA-N,CC(O)=Nc1ccc(C2=CC(=O)c3ncc(C#N)cc3C2=O)cc1,,1.63
train,4516,MVTJFTFARBCLKA-HUWOUMPJSA-N,N=Cc1ccc(N=Nc2ccc(C=N)s2)s1,,1.29
train,1938,MLEQDROAEBWXPP-UHFFFAOYSA-N,CN(C)c1ccc(C2=C(c3ccc(N(C)C)n3C)C(=O)c3c(C#N)ccnc3C2=O)n1C,,0.13
train,1278,ITQCXUJHSDUFPO-UHFFFAOYSA-N,N#Cc1cc2c(nc1C#N)C(=O)C(C1=CC=C(O)S1(=O)=O)=C(C1=CC=C(O)S1(=O)=O)C2=O,,1.91
train,5435,IPAFMJKTAHMOSU-UHFFFAOYSA,COc1cccc(-c2ccc3c(c2)oc(=O)c2c(C#CCl)c4ccccc4cc23)c1,,1.41
train,1067,HUVQZJKUGDXXGO-UHFFFAOYSA-N,COc1ccc2c(n1)C(=O)C=C(c1ccc(C(F)(F)F)n1C=O)C2=O,,2.25
train,4014,CLNDAGGRXCYWOS-MVJHLKBCSA-N,FC(F)(F)Oc1ncc(-c2ccc(N=Nc3ccc(-c4cnc(OC(F)(F)F)[nH]4)cc3)cc2)[nH]1,,1.14
train,4901,WLENLCVQGKJAJV-DQRAZIAOSA-N,COc1ccc(-c2ccc(N=Nc3ccc(-c4ccc(OC)[nH]4)o3)o2)[nH]1,,0.0
train,803,GNSHDJWSQQEGOV-UHFFFAOYSA-N,N#Cc1cc(C#N)c2c(n1)C(=O)C=C(c1ccc(C(F)(F)F)o1)C2=O,,2.42
train,1908,MGRRCUCWOCCYLB-UHFFFAOYSA-N,COc1ccnc2c1C(=O)C(c1cc(C#N)c[nH]1)=CC2=O,,1.83
train,825,GQLQMEWWTZJXLU-UHFFFAOYSA-N,N#Cc1cc(C#N)c2c(n1)C(=O)C=C(n1cc(C(F)(F)F)c3ccccc31)C2=O,,1.94
train,3095,UXZRTSRWXUAKFX-UHFFFAOYSA-N,N#Cc1cnc2c(n1)C(=O)C(c1ncco1)=C(c1ncco1)C2=O,,2.2
train,5123,OUWRJNRBIKTEIF-UDWIEESQSA,N#C/N=C/N1c2ccccc2N(c2ccsc2O)c2ccccc21,,1.23
train,2327,OIVHTMRBDCQXCB-UHFFFAOYSA-N,N#Cc1cnc2c(n1)C(=O)C=C(C1=CC=C(Cl)S1(=O)=O)C2=O,,2.64
train,5259,RXEDZZMDDLKLES-UHFFFAOYSA,Oc1cc(N2c3ccccc3N(c3ccc(O)[nH]3)c3ccccc32)c[nH]1,,0.18
train,1447,JNYYOMSNDMYATP-UHFFFAOYSA-N,N#Cc1nc2c(nc1C#N)C(=O)C(c1ccc(C(F)(F)F)s1)=CC2=O,,2.49
train,3757,ZDOMITSGTSAIFA-UHFFFAOYSA-N,Cc1ccc(C2=C(c3ccc(C)[nH]3)C(=O)c3c(C#N)ccnc3C2=O)[nH]1,,0.69
train,617,FBDPXPTVJNQUAD-UHFFFAOYSA-N,O=C1C(c2cnc(F)[nH]2)=C(c2cnc(F)[nH]2)C(=O)c2ncccc21,,1.51
train,5208,VYSQMFMHFKZTAR-XNTDXEJSSA,CO/N=C/N1c2ccccc2Nc2ccccc21,,0.5
train,1263,IRVFQRJAUKKNDO-IPKBDRFQSA-N,N#Cc1cc2c(nc1C#N)C(=O)C=C(C=NC(F)(F)F)C2=O,,3.58
train,3130,VBUNXKKYFANRST-UHFFFAOYSA-N,O=C1C=C(c2cc(Cl)c[nH]2)C(=O)c2nccnc21,,1.63
train,4949,XHBGMOUYDPMOMP-FMQUCBEESA-N,Fc1cnc(-c2ccc(N=Nc3ccc(-c4ncc(F)s4)s3)s2)s1,,1.11
train,859,GUFYYZPEINQWJO-UPHRSURJSA-N,N#Cc1cc2c(nc1C#N)C(=O)C=C(C=COC(F)(F)F)C2=O,,2.63
train,2757,RSJNZKAPYASOAR-UHFFFAOYSA-N,N#Cc1ccc2c(n1)C(=O)C(c1ccc(S)cc1)=C(c1ccc(S)cc1)C2=O,,1.54
train,2907,SJOXQNPWMJLECS-UHFFFAOYSA-N,N#Cc1cc2c(nc1C#N)C(=O)C=C(c1nc(C(F)(F)F)co1)C2=O,,2.96
train,3607,XWJAXLGNBXBYLA-UHFFFAOYSA-N,N#Cc1cnc2c(c1)C(=O)C(c1ncc(OC(F)(F)F)o1)=C(c1ncc(OC(F)(F)F)o1)C2=O,,2.17
train,4018,COXAKHPHWSUWIV-ISLYRVAYSA-N,O=S1(=O)C=CC=C1c1ccc(N=Nc2ccc(C3=CC=CS3(=O)=O)s2)s1,,1.26
train,4353,JXAQNEJXRUBTFL-VHXPQNKSSA-N,Cc1ccc(-c2ccc(N=Nc3ccc(-c4ccc(C)n4C=O)[nH]3)[nH]2)n1C=O,,-0.33
train,3618,XXPQCRQYRJNHEJ-DUXPYHPUSA-N,COc1ccnc2c1C(=O)C(C=CF)=CC2=O,,2.38
train,4320,JCZZGPRZEPAJTD-ISLYRVAYSA-N,O=[N+]([O-])c1coc(-c2ccc(N=Nc3ccc(-c4nc([N+](=O)[O-])co4)s3)s2)n1,,1.53
train,480,DFGFUBYLEUUDIK-UHFFFAOYSA-N,N#Cc1cc2c(nc1C#N)C(=O)C=C(c1cc(F)c[nH]1)C2=O,,1.66
train,185,AXODQUBXDVDVCJ-NSCUHMNNSA-N,CC=CC1=CC(=O)c2ncc(C#N)c(C#N)c2C1=O,,2.29
train,3158,VEMCOMKTFXJISK-UHFFFAOYSA-N,O=C1C=C(n2ccnn2)C(=O)c2nccnc21,,2.9
train,4721,RISCEDDTHRBLGC-UHFFFAOYSA-N,FC=CC1(F)N=N1,,2.66
train,2374,ONQIMODJDSQFSM-UHFFFAOYSA-N,CN(C)C1=CC=C(C2=CC(=O)c3nccnc3C2=O)C1,,0.57
train,2628,QPINTELFVUNNNK-UHFFFAOYSA-N,N#Cc1coc(C2=CC(=O)c3nc(C#N)c(C#N)nc3C2=O)n1,,3.02
train,71,AJMVZKLNYGWDQY-UHFFFAOYSA-N,N#Cc1cc2c(nc1C#N)C(=O)C=C(c1ccc(C(F)(F)F)cn1)C2=O,,2.99
train,2354,OLJXDOLYWBUZHJ-UHFFFAOYSA-N,Cc1coc(C2=CC(=O)c3ncc(C#N)cc3C2=O)n1,,2.19
train,1030,HQJDDISHZQGNAI-UHFFFAOYSA-N,N#Cc1ccnc2c1C(=O)C(c1nc([N+](=O)[O-])cs1)=C(c1nc([N+](=O)[O-])cs1)C2=O,,2.63
train,863,GVDCSIGNRMANFZ-UHFFFAOYSA-N,COc1cnc2c(n1)C(=O)C(c1ncc(C)s1)=CC2=O,,1.87
train,1771,LQMGGBFKEBUFEX-UHFFFAOYSA-N,N#Cc1cnc2c(n1)C(=O)C=C(n1ccnc1C#N)C2=O,,2.64
train,61,AIXCHMHPJLNRKS-UHFFFAOYSA-N,COc1ccnc2c1C(=O)C(c1ncc([N+](=O)[O-])s1)=CC2=O,,2.75
train,3816,ZLPULFUIJOQNEN-UHFFFAOYSA-N,N#Cc1ccnc2c1C(=O)C(c1nnc([N+](=O)[O-])nn1)=C(c1nnc([N+](=O)[O-])nn1)C2=O,,3.18
train,5,AAXCPWOMCZILJH-UHFFFAOYSA-N,N#Cc1nc2c(nc1C#N)C(=O)C(n1ccnc1)=CC2=O,,2.3
train,4011,CITGVGJXMKEMRK-OCEACIFDSA-N,N#Cc1ccc(-c2ccc(N=Nc3ccc(-c4ccc(C#N)s4)cc3)cc2)s1,,1.53
train,585,DWPOATSRUHVAJY-UHFFFAOYSA-N,N#Cc1cc2c(nc1C#N)C(=O)C=C(c1ccc([N+](=O)[O-])cn1)C2=O,,3.17
train,4305,IVKJRVAMLAMXDA-UHFFFAOYSA-N,N#Cc1cc(-c2ncc(Cl)cn2)c(C#N)c(-c2ncc(Cl)cn2)c1,,-0.65
train,5483,SJDFBFCTGGHPTQ-UHFFFAOYSA,O=c1oc2cc(-c3cccc(OC(F)(F)F)n3)ccc2c2cc3ccccc3c(C3=CS(=O)(=O)C([N+](=O)[O-])=C3)c12,,1.74
train,4953,XJFLSTJYJASTTK-UHFFFAOYSA-N,O=Cn1c(O)ccc1-c1ccc2c(c1)C(=O)c1cc(-c3ccc(O)n3C=O)ccc1C2=O,,1.21
train,5188,OGZHZGIZSYKYNB-UHFFFAOYSA,ON1c2ccccc2N(c2nncnn2)c2ccccc21,,1.15
train,4003,CDQRCGPZEGVLIE-UHFFFAOYSA-N,N#Cc1cc(-c2ncc(C(F)(F)F)o2)c(C#N)c(-c2ncc(C(F)(F)F)o2)c1,,-0.54
train,3096,UYCXSTKYENJTQR-UHFFFAOYSA-N,N#Cc1ccc2c(n1)C(=O)C(c1ccc(O)cn1)=C(c1ccc(O)cn1)C2=O,,1.77
train,698,FKTFRVQVCAFTPM-UHFFFAOYSA-N,Cn1c(OC(F)(F)F)ccc1C1=C(c2ccc(OC(F)(F)F)n2C)C(=O)c2c(C#N)ccnc2C1=O,,1.13
train,3399,WXFPHCBOIJKGSL-UHFFFAOYSA-N,CN(C)c1ccc(C2=C(c3ccc(N(C)C)cc3)C(=O)c3c(C#N)ccnc3C2=O)cc1,,0.79
train,4775,SOGJZNGOKNSNJN-UHFFFAOYSA-N,N#Cc1ccc(C2(C#N)N=N2)cc1,,2.82
train,2658,RHIVRCVCDMKKTC-UHFFFAOYSA-N,CC(O)=Nc1c[nH]c(C2=C(c3cc(N=C(C)O)c[nH]3)C(=O)c3c(C#N)cc(C#N)nc3C2=O)c1,,0.81
train,1082,HWDMORQQUVVJOZ-UHFFFAOYSA-N,O=C1C=C(c2ncc(C(F)(F)F)o2)C(=O)c2nccnc21,,2.87
train,4899,WINNKSRVVHQFSJ-FMQUCBEESA-N,Fc1ccc(-c2ccc(N=Nc3ccc(-c4ccc(F)o4)s3)s2)o1,,0.74
train,483,DIDUDTZMDBQWEH-UHFFFAOYSA-N,N#Cc1cnc2c(c1C#N)C(=O)C(c1ccc(S)cc1)=C(c1ccc(S)cc1)C2=O,,1.59
train,3598,XVQPESKWVDAPOB-UHFFFAOYSA-N,N#Cc1cc2c(nc1C#N)C(=O)C(n1ccnc1[N+](=O)[O-])=C(n1ccnc1[N+](=O)[O-])C2=O,,3.14
train,1348,JCMMEKGFMROSKQ-UHFFFAOYSA-N,N#Cc1ccc2c(n1)C(=O)C=C(c1cnc(C(F)(F)F)[nH]1)C2=O,,2.31
train,4031,CZZVLCYAKCFYJY-UHFFFAOYSA-N,CC=CC1(C)N=N1,,1.8
train,5098,DHVMXICINDPLOO-UHFFFAOYSA,Cc1cccc(N2c3ccccc3N(c3nnc(S)nn3)c3ccccc32)c1,,0.65
train,681,FIOQXVQJRWZQSD-UHFFFAOYSA-N,N#Cc1nc2c(nc1C#N)C(=O)C(c1nc(OC(F)(F)F)co1)=C(c1nc(OC(F)(F)F)co1)C2=O,,2.28
train,377,CIECYYXBIZNTIL-UHFFFAOYSA-N,O=C1C(c2ncc(Cl)s2)=CC(=O)c2ncccc21,,2.13
train,5148,XESOVGUJEUJGTR-YBFXNURJSA,O/N=C/n1c2ccccc2n(c2c1cccc2)[C]1C=CN=[C](=N1)O,,0.84
train,4379,KFQPAZXSJDMCQC-UHFFFAOYSA-N,N#Cc1cc(-c2nnc(O)nn2)c(C#N)c(-c2nnc(O)nn2)c1,,2.49
train,249,BRLFKVJNUBVJKK-UHFFFAOYSA-N,CC(O)=Nc1cnc(C2=CC(=O)c3nccc(C#N)c3C2=O)o1,,1.52
train,3007,UNKNNAUKAOYFDC-UHFFFAOYSA-N,N#Cc1cnc2c(n1)C(=O)C(C1=CC=CS1(=O)=O)=CC2=O,,2.77
train,1053,HTASOFBTXZHBQI-UHFFFAOYSA-N,COc1cnc2c(n1)C(=O)C=C(c1nc([N+](=O)[O-])cs1)C2=O,,2.68
train,4709,RCLIBYQOARPWFM-OCEACIFDSA-N,FC(F)(F)c1cnc(-c2ccc(N=Nc3ccc(-c4ncc(C(F)(F)F)o4)o3)o2)o1,,1.48
train,1778,LSANCVZZQFHSRY-UHFFFAOYSA-N,N#CC1=CC=C(C2=C(C3=CC=C(C#N)C3)C(=O)c3c(C#N)ccnc3C2=O)C1,,1.74
train,4671,QJDIQVSCGKMXPM-UQTXLMIWSA-N,FC=Cc1ccc(N=Nc2ccc(C=CF)s2)s1,,0.87
train,265,BTOTXQJBDJWBNB-UHFFFAOYSA-N,CN(C)c1c[nH]c(C2=C(c3cc(N(C)C)c[nH]3)C(=O)c3nc(C#N)c(C#N)nc3C2=O)c1,,0.27
train,2761,RTFHQQIYQXJGII-UHFFFAOYSA-N,COc1cnc2c(n1)C(=O)C(c1ncc(N=C(C)O)s1)=C(c1ncc(N=C(C)O)s1)C2=O,,1.18
train,5219,AFOHIYYUPYARKJ-UHFFFAOYSA,Cc1cc(N2c3ccccc3N(c3ccc(C)[nH]3)c3ccccc32)c[nH]1,,0.17
train,2386,OQAGULYJJQTYAO-UHFFFAOYSA-N,N#Cc1coc(C2=C(c3nc(C#N)co3)C(=O)c3ncccc3C2=O)n1,,2.71
train,262,BTILPBSGVRLLMC-UHFFFAOYSA-N,N#Cc1cnc2c(c1)C(=O)C(c1ccc(OC(F)(F)F)n1C=O)=C(c1ccc(OC(F)(F)F)n1C=O)C2=O,,1.7
train,1249,IPOVPOBLRQMULC-UHFFFAOYSA-N,N#Cc1nc2c(nc1C#N)C(=O)C(C1=CC=C(O)C1)=C(C1=CC=C(O)C1)C2=O,,0.6
train,4526,MZCVGFHRLMKZGY-UHFFFAOYSA-N,Oc1cc2c3cc(O)c4cccc5c(O)cc(c6cc(O)c7cccc1c7c26)c3c45,,0.35
train,2877,SGJAHMCZCZRDNN-UHFFFAOYSA-N,N#Cc1cnc2c(c1C#N)C(=O)C(c1ccc(S)o1)=CC2=O,,1.53
train,521,DOKJVMXGJNPGAS-UHFFFAOYSA-N,COc1cnc2c(n1)C(=O)C=C(c1ncc([N+](=O)[O-])cn1)C2=O,,2.83
train,2013,MUGOLQQPJKWUMS-UHFFFAOYSA-N,N#Cc1nc2c(nc1C#N)C(=O)C(c1ncc(Cl)cn1)=C(c1ncc(Cl)cn1)C2=O,,2.91
train,4518,MWDFQPDJWWCJFC-MNSGOHHFSA-N,ON=Cc1ccc(N=Nc2ccc(C=NO)cc2)cc1,,1.78
train,4879,VUCKCLICIVTJTQ-OCEACIFDSA-N,FC(F)(F)Oc1coc(-c2ccc(N=Nc3ccc(-c4nc(OC(F)(F)F)co4)o3)o2)n1,,1.28
train,4366,KANJJQPVBDKKFU-VHXPQNKSSA-N,O=[N+]([O-])c1cnc(-c2ccc(N=Nc3ccc(-c4ncc([N+](=O)[O-])cn4)[nH]3)[nH]2)nc1,,1.16
train,4860,VHTLNAXNOJENOQ-UHFFFAOYSA-N,FC#Cc1ccc2ccc3c4ccc5ccc(C#CF)c6ccc(c7ccc1c2c37)c4c56,,0.73
train,3953,BBXCFOJWLJKRRG-VHXPQNKSSA-N,Clc1cnc(-c2ccc(N=Nc3ccc(-c4ncc(Cl)cn4)s3)s2)nc1,,1.17
train,2809,RYYQRNYPGPKMAX-UHFFFAOYSA-N,O=C1C=C(c2cc(O)c[nH]2)C(=O)c2nccnc21,,1.31
train,966,HHCWLHLJOITKQX-UHFFFAOYSA-N,Cc1csc(C2=C(c3nc(C)cs3)C(=O)c3ncc(C#N)cc3C2=O)n1,,1.69
train,4033,DAZBDUQMBCYKIG-UHFFFAOYSA-N,N#Cc1cc(-c2ccc([N+](=O)[O-])o2)c(C#N)c(-c2ccc([N+](=O)[O-])o2)c1,,-0.32
train,749,GETFKEDTYGJLBQ-UHFFFAOYSA-N,COc1cnc2c(c1)C(=O)C(c1ccc(OC(F)(F)F)n1C=O)=CC2=O,,1.8
train,2415,OTEQOBWVQPOSRN-UHFFFAOYSA-N,COc1nc2c(nc1OC)C(=O)C(c1nnc([N+](=O)[O-])nn1)=CC2=O,,2.48
train,908,GZUOCVJDAHQNSA-UHFFFAOYSA-N,N#Cc1ccc(C2=CC(=O)c3nccc(C#N)c3C2=O)cc1,,2.75
train,188,AXVOKGJCSXKPTJ-UHFFFAOYSA-N,N#Cc1ccnc2c1C(=O)C(c1ccc(S)cn1)=C(c1ccc(S)cn1)C2=O,,1.76
train,4733,RQTAFCVNGSTPDB-UHFFFAOYSA-N,Oc1cnc(C2(O)N=N2)o1,,1.84
train,5166,DQBTUNANYNLZNH-ZDLGFXPLSA,O/N=C\N1c2ccccc2N(c2cnco2)c2ccccc21,,0.58
train,1442,JNDXDZASCFSIPS-UHFFFAOYSA-N,CC1=CC=C(C2=C(C3=CC=C(C)S3(=O)=O)C(=O)c3ncccc3C2=O)S1(=O)=O,,2.05
train,3588,XUCCRCMGWCYJEZ-UHFFFAOYSA-N,COc1nccn1C1=C(n2ccnc2OC)C(=O)c2c(C#N)cc(C#N)nc2C1=O,,1.67
train,4971,XSQVQHKAFDHQHE-QPLCGJKRSA-N,Fc1ccc(-c2ccc(N=Nc3ccc(-c4ccc(F)cn4)[nH]3)[nH]2)nc1,,0.65
train,5286,GOGNNPLRXWURKW-UHFFFAOYSA,CC1(C)c2cc(-c3ccc(-c4cnc(S)nc4)cc3)ccc2N(c2ccccc2)c2ccc(-c3ccc(-c4c[nH]c(S)c4)cc3)cc21,,0.64
train,3710,YYFHKXHXIFONFQ-UHFFFAOYSA-N,N#Cc1ccc2c(n1)C(=O)C(c1cnc(C(F)(F)F)[nH]1)=C(c1cnc(C(F)(F)F)[nH]1)C2=O,,1.85
train,1793,LTPYXHPYZDKZSS-UHFFFAOYSA-N,N#Cc1cc2c(nc1C#N)C(=O)C=C(c1cc(C(F)(F)F)c[nH]1)C2=O,,2.03
train,4415,KXXMEJSOPZIZAD-OCEACIFDSA-N,c1ccc(-c2ccc(N=Nc3ccc(-c4ccccc4)cc3)cc2)cc1,,1.57
train,4667,QFMKQKSDUFYTCI-UHFFFAOYSA-N,Clc1csc(C2(Cl)N=N2)n1,,2.34
train,2681,RKPVHWIMDGTIQB-UHFFFAOYSA-N,N#Cc1cc(C#N)c2c(n1)C(=O)C=C(c1ncc([N+](=O)[O-])o1)C2=O,,3.22
train,1693,KRTLOTAEFHZYPE-UHFFFAOYSA-N,O=Cn1c(S)ccc1C1=C(c2ccc(S)n2C=O)C(=O)c2ncccc2C1=O,,1.14
train,5280,BBRZEYHQFPRBOF-UHFFFAOYSA,CC1(C)c2cc(-c3ccc(-c4cc[nH]c4)cc3)ccc2N(c2ccccc2)c2ccc(-c3ccc(-c4cc[nH]c4)cc3)cc21,,0.53
train,5255,PSTUEIBHYIJZFK-QXMHVHEDSA,C=CON1c2ccccc2N(/C=C\O)c2ccccc21,,0.34
train,2532,PGIWSEFPMVPMMD-UHFFFAOYSA-N,Cn1c(O)ccc1C1=CC(=O)c2ncc(C#N)cc2C1=O,,1.09
train,5058,ZHCFGIDVOIUSCF-UHFFFAOYSA-N,O=C1c2ccc(-c3ncc(O)o3)cc2C(=O)c2cc(-c3ncc(O)o3)ccc21,,1.67
train,3451,XDJJRLVUNFUZFT-UHFFFAOYSA-N,COc1nccn1C1=C(n2ccnc2OC)C(=O)c2nc(C#N)cnc2C1=O,,1.61
train,1774,LRQDLDHJUDYEJC-UHFFFAOYSA-N,COc1ccc2c(n1)C(=O)C=C(c1ccc(S)n1C)C2=O,,1.14
train,2134,NIQFVCVOZAKFCJ-UHFFFAOYSA-N,N#Cc1cnc2c(c1)C(=O)C(c1ccc([N+](=O)[O-])cn1)=C(c1ccc([N+](=O)[O-])cn1)C2=O,,2.98
train,2358,OLVGNVOGHZMQJV-UHFFFAOYSA-N,N#Cc1cnc2c(n1)C(=O)C(c1ccc(O)cn1)=C(c1ccc(O)cn1)C2=O,,1.85
train,2031,MWOFFBRSZZQFHK-UHFFFAOYSA-N,COc1cnc2c(n1)C(=O)C=C(c1nncnn1)C2=O,,2.39
train,1247,IPMDEYSDINNBAO-UHFFFAOYSA-N,N#Cc1cnc2c(n1)C(=O)C=C(n1cc(C(F)(F)F)nn1)C2=O,,3.35
train,469,DALIPFOKLOXZKR-UHFFFAOYSA-N,COc1ccc(C2=C(c3ccc(OC)n3C=O)C(=O)c3nc(C#N)c(C#N)nc3C2=O)n1C=O,,1.13
train,21,ACZPAVNMVOUKEN-UHFFFAOYSA-N,N#Cc1nc(C2=CC(=O)c3nccc(C#N)c3C2=O)c[nH]1,,2.39
train,3294,WLUNRKWWNTVRFE-UHFFFAOYSA-N,N#Cc1ccc2c(n1)C(=O)C(C1=CC=C(F)S1(=O)=O)=C(C1=CC=C(F)S1(=O)=O)C2=O,,2.39
train,5016,YNFSQDSLRDGBJY-UHFFFAOYSA-N,COc1cnc(-c2ccc3c(c2)C(=O)c2cc(-c4ncc(OC)cn4)ccc2C3=O)nc1,,2.08
train,3019,UPMQGEJDNUNUAC-UHFFFAOYSA-N,COc1ccnc2c1C(=O)C(c1ncc(C#N)s1)=CC2=O,,2.54
train,1878,MDESHMMTMXNYCT-UHFFFAOYSA-N,N#Cc1cnc2c(c1C#N)C(=O)C(c1nnc(O)nn1)=CC2=O,,2.49
train,415,CNPJIUBPPNDNJG-UHFFFAOYSA-N,N#Cc1nc2c(nc1C#N)C(=O)C(n1ccnn1)=CC2=O,,3.02
train,5112,JRJUNNIQIKKUPK-UHFFFAOYSA,FC(F)(F)Oc1ccc(N2c3ccccc3N(c3ccoc3OC(F)(F)F)c3ccccc32)[nH]1,,0.45
train,2784,RWBQKDLRKAKSTO-UHFFFAOYSA-N,COc1ccc(C2=C(c3ccc(OC)cn3)C(=O)c3c(C#N)cc(C#N)nc3C2=O)nc1,,1.72
train,1868,MCBLHIHZPYPGRC-UHFFFAOYSA-N,COc1ccnc2c1C(=O)C(C1=CC=C(N=C(C)O)C1)=CC2=O,,0.85
train,2411,OSOCSFQDWINXBZ-UHFFFAOYSA-N,COc1cnc2c(c1)C(=O)C(c1ccc(C#N)cn1)=CC2=O,,2.45
train,653,FEUWHTSIIXIRGN-UHFFFAOYSA-N,COc1nc2c(nc1OC)C(=O)C(c1cc(C#N)c[nH]1)=C(c1cc(C#N)c[nH]1)C2=O,,1.45
train,5273,YADZCRZAPPBWIM-UHFFFAOYSA,Fc1ccc(N2c3ccccc3N(c3cccc(F)n3)c3ccccc32)cn1,,0.41
train,4045,DFPUGULMUYDYKV-WYSJLEGWSA-N,FC(F)(F)C=Cc1ccc(N=Nc2ccc(C=CC(F)(F)F)s2)s1,,1.17
train,5352,LNEFDYHUJLVCBJ-UHFFFAOYSA,CC1(C)c2cc(-c3ccc(C4=CS(=O)(=O)C([N+](=O)[O-])=C4)cc3)ccc2N(c2ccc(-c3cc([N+](=O)[O-])[nH]n3)cc2)c2ccc(-c3ccc(-c4cc([N+](=O)[O-])n(C=O)c4)cc3)cc21,,0.81
train,215,BARVQJAGSFAOGP-UHFFFAOYSA-N,COc1ccc2c(n1)C(=O)C=C(C1=CC=C(Cl)S1(=O)=O)C2=O,,2.38
train,3615,XXFQLYYOJXIAQW-UHFFFAOYSA-N,COc1ccc2c(n1)C(=O)C=C(c1nc(Cl)cs1)C2=O,,2.08
train,1215,ILRHTAIQYNQCTO-UHFFFAOYSA-N,N#Cc1cnc2c(c1C#N)C(=O)C(n1cc(OC(F)(F)F)nn1)=CC2=O,,3.0
train,4774,SOFBEOXOLCTREZ-UHFFFAOYSA-N,Sc1ccc(C2(S)N=N2)cc1,,1.64
train,761,GGNPRDAZJYNOLN-UHFFFAOYSA-N,O=C1C(c2nncnn2)=C(c2nncnn2)C(=O)c2ncccc21,,2.48
train,4979,XYILIWWEBSEPOJ-QURGRASLSA-N,Cn1c(O)ccc1-c1ccc(N=Nc2ccc(-c3ccc(O)n3C)[nH]2)[nH]1,,-0.06
train,2243,NXLKTQFXINHNHN-UHFFFAOYSA-N,Cc1nccn1C1=CC(=O)c2nc(C#N)c(C#N)nc2C1=O,,1.92
train,1957,MNQPVKNQCYRNKR-UHFFFAOYSA-N,Cc1ncc(C2=C(c3cnc(C)[nH]3)C(=O)c3ncc(C#N)cc3C2=O)[nH]1,,1.26
train,3881,ZSMAZVFDBYMJTP-UHFFFAOYSA-N,CN(C)c1ccc(C2=C(c3ccc(N(C)C)n3C)C(=O)c3ncc(C#N)cc3C2=O)n1C,,0.16
train,3481,XGYJUSYYAMZZJD-UHFFFAOYSA-N,N#Cc1cnc2c(c1)C(=O)C(c1ncc(O)cn1)=CC2=O,,2.53
train,5344,GNNPFCYIARKCCL-LMIIZHGVSA,CC1(C)c2cc(-c3ccc(/C=N\C#N)cc3)ccc2N(c2ccc(-c3coc(C#N)c3)cc2)c2ccc(-c3ccc(-c4cc([N+](=O)[O-])n(C=O)c4)cc3)cc21,,0.87
train,5028,YSWTWWVHTOBCMH-FMQUCBEESA-N,O=S1(=O)C(Cl)=CC=C1c1ccc(N=Nc2ccc(C3=CC=C(Cl)S3(=O)=O)s2)s1,,1.3
train,114,AOFITYKJMFOJFO-UHFFFAOYSA-N,CN(C)C1=CC=C(C2=C(C3=CC=C(N(C)C)C3)C(=O)c3c(ncc(C#N)c3C#N)C2=O)C1,,-0.17
train,2271,OBDFEPTYZXYJKZ-OUQXQEBOSA-N,N#Cc1cc(C#N)c2c(n1)C(=O)C(C=NO)=C(C=NO)C2=O,,2.08
train,1681,KQNOVFDGGUJSEZ-OWOJBTEDSA-N,N#Cc1nc2c(nc1C#N)C(=O)C(C=COC(F)(F)F)=CC2=O,,2.63
train,1243,IOWKBLMRDJWMSX-UHFFFAOYSA-N,N#Cc1ccc2c(n1)C(=O)C(c1ccc[nH]1)=C(c1ccc[nH]1)C2=O,,0.94
train,3458,XEIBELVMDDGACH-UHFFFAOYSA-N,CN(C)c1ccc(C2=C(c3ccc(N(C)C)s3)C(=O)c3c(C#N)ccnc3C2=O)s1,,0.35
train,4596,OJFZBXYBKDZVCB-UHFFFAOYSA-N,Fc1cc2c3cc(F)c4cccc5c(F)cc(c6cc(F)c7cccc1c7c26)c3c45,,0.91
train,1555,KBBCETRBSZAJFP-UHFFFAOYSA-N,COc1cnc2c(c1)C(=O)C(c1ncc(OC(F)(F)F)cn1)=CC2=O,,2.48
train,970,HIKFTDYVILTEIN-UHFFFAOYSA-N,N#Cc1cc(C#N)c2c(n1)C(=O)C=C(c1ncc(O)cn1)C2=O,,2.61
train,971,HIQYCXIBUJUIPK-UHFFFAOYSA-N,O=C1C=C(c2nc(Cl)co2)C(=O)c2nccnc21,,2.31
train,42,AGEYLTYMDBKGCH-UHFFFAOYSA-N,COc1nc2c(nc1OC)C(=O)C(c1cnc([N+](=O)[O-])[nH]1)=CC2=O,,2.36
train,4847,VAJVCZWQJMCWIP-UHFFFAOYSA-N,O=C1c2ccc(-c3ccccc3)cc2C(=O)c2cc(-c3ccccc3)ccc21,,2.01
train,4374,KDMLHGDHICZGAW-UHFFFAOYSA-N,Fc1ccc(C2(F)N=N2)cc1,,2.37
train,3577,XSIBVAKYCONWKF-RZNTYIFUSA-N,COc1ccnc2c1C(=O)C(C=NC#N)=CC2=O,,2.93
train,2581,QKUWKFYJZHATIG-UHFFFAOYSA-N,N#Cc1cnc2c(n1)C(=O)C=C([n+]1cc(=O)[n-][nH]1)C2=O,,2.35
train,3060,UUXCXQSUVHNXOD-UHFFFAOYSA-N,COc1nc2c(nc1OC)C(=O)C(c1nnc(OC(F)(F)F)nn1)=CC2=O,,2.41
train,4203,HELGZBGENGGFCK-JBWWEBJPSA-N,N#Cc1cc(C=N)c(C#N)c(C=N)c1,,2.93
train,3449,XDINGRIMEVGQMQ-UHFFFAOYSA-N,N#Cc1nc2c(nc1C#N)C(=O)C(c1nc(F)cs1)=CC2=O,,2.47
train,2300,OEYLBMWZIWEEOC-UHFFFAOYSA-N,N#CC1=CC=C(C2=CC(=O)c3ncc(C#N)nc3C2=O)S1(=O)=O,,3.05
train,3681,YUHLGUJENKXXNA-IHWYPQMZSA-N,COc1cnc2c(c1)C(=O)C(C=COC(F)(F)F)=CC2=O,,2.36
train,2826,SAVVRPQQJAQYCN-UHFFFAOYSA-N,COc1ccnc2c1C(=O)C(c1ccc(F)cn1)=CC2=O,,2.47
train,3773,ZFMQXEQYLSUVDE-UHFFFAOYSA-N,COc1csc(C2=C(c3nc(OC)cs3)C(=O)c3c(ncc(C#N)c3C#N)C2=O)n1,,1.44
train,2967,UJVZPWBOQMABSI-UHFFFAOYSA-N,COc1ccc2c(n1)C(=O)C=C(c1ccc(C#N)o1)C2=O,,2.24
train,1708,LIJJCJRXJRFRQV-UHFFFAOYSA-N,COc1cnc2c(c1)C(=O)C(c1cc(F)c[nH]1)=CC2=O,,1.53
train,1573,KCROOHVZMHVUGI-UHFFFAOYSA-N,O=C1C(C2=CC=C(Cl)C2)=C(C2=CC=C(Cl)C2)C(=O)c2nccnc21,,1.14
train,3063,UVBFCONBZPXOJI-UHFFFAOYSA-N,N#Cc1cnc2c(n1)C(=O)C=C(c1ccc(F)cn1)C2=O,,2.66
train,2717,RNPKTJNBIDTHDM-UHFFFAOYSA-N,N#Cc1cnc2c(c1)C(=O)C(C1=CC=C(C(F)(F)F)C1)=C(C1=CC=C(C(F)(F)F)C1)C2=O,,1.66
train,3854,ZQLQELFFQQQWMJ-UHFFFAOYSA-N,N#Cc1cc2c(nc1C#N)C(=O)C(c1ccc(S)cc1)=C(c1ccc(S)cc1)C2=O,,1.54
train,3940,AWKDEEXFAVIGAF-ISLYRVAYSA-N,C=Cc1ccc(N=Nc2ccc(C=C)cc2)cc1,,1.59
train,559,DTLKAALKEGBNAZ-UHFFFAOYSA-N,N#Cc1ccnc2c1C(=O)C(c1ncccn1)=C(c1ncccn1)C2=O,,2.62
train,4248,HYDBAKXPGAMNAV-UHFFFAOYSA-N,Cc1ccc(-c2cc(C#N)cc(-c3ccc(C)[nH]3)c2C#N)[nH]1,,-1.31
train,4308,IWVXIWKJGKSKOI-UHFFFAOYSA-N,Fc1c[nH]c(C2(F)N=N2)c1,,1.72
train,4814,UHYXXSLHTPBSCE-UHFFFAOYSA-N,N#Cc1cc(-c2ncc(OC(F)(F)F)o2)c(C#N)c(-c2ncc(OC(F)(F)F)o2)c1,,2.23
train,4381,KGNDRWXZJVZDAK-UHFFFAOYSA-N,O=C1c2ccc(-c3cnc(F)[nH]3)cc2C(=O)c2cc(-c3cnc(F)[nH]3)ccc21,,1.7
train,4563,NWTVUGLGZMCHKI-UHFFFAOYSA-N,FC1=CC=C(C2(F)N=N2)C1,,1.62
train,782,GJXXLWWXTYLHGW-UHFFFAOYSA-N,CC(O)=NC1=CC=C(C2=CC(=O)c3nccc(C#N)c3C2=O)C1,,0.99
train,1638,KJSQKXBAXLQKDK-UHFFFAOYSA-N,Cc1ccc(C2=CC(=O)c3ncc(C#N)nc3C2=O)n1C,,1.33
train,619,FBHVYDKLTKVPHP-UHFFFAOYSA-N,N#Cc1cc(C#N)c2c(n1)C(=O)C=C(C#CCl)C2=O,,3.48
train,3387,WWDKTKAGWRJBSV-UHFFFAOYSA-N,N#Cc1cc2c(nc1C#N)C(=O)C(n1ccnn1)=C(n1ccnn1)C2=O,,2.8
train,728,GCBDPNIVEKXTOH-UHFFFAOYSA-N,N#Cc1nnc(C2=C(c3nnc(C#N)nn3)C(=O)c3nccnc3C2=O)nn1,,2.97
train,3367,WTSOUKNGKUBSDY-OWOJBTEDSA-N,N#CC=CC1=CC(=O)c2ncc(C#N)nc2C1=O,,3.1
train,3747,ZCPBTQKMJFGPRE-UHFFFAOYSA-N,Cn1c(O)ccc1C1=CC(=O)c2nccc(C#N)c2C1=O,,1.1
train,2207,NRXCNQZAGKIYQL-UHFFFAOYSA-N,Cc1coc(C2=C(c3nc(C)co3)C(=O)c3nc(C#N)c(C#N)nc3C2=O)n1,,1.98
train,1123,IAUSQYCUDCKYCK-UHFFFAOYSA-N,Cc1ccc(C2=CC(=O)c3nc(C#N)ccc3C2=O)cc1,,2.1
train,1423,JLJVHMKJJNXISB-UHFFFAOYSA-N,N#Cc1cnc2c(c1C#N)C(=O)C(C1=CC=C(C(F)(F)F)C1)=C(C1=CC=C(C(F)(F)F)C1)C2=O,,1.76
train,5511,YPVIAJGUZCVDNN-UHFFFAOYSA,COc1cc(-c2c3ccccc3cc3c2c(=O)oc2cc(-c4cnc([N+](=O)[O-])o4)ccc23)cn1C=O,,1.23
train,173,AVXIEWCGNUHFJZ-UHFFFAOYSA-N,N#Cc1cc(C#N)c2c(n1)C(=O)C=C(c1ccc(Cl)n1C=O)C2=O,,1.93
train,2569,QJKCYVOSZVOTCB-UHFFFAOYSA-N,N#Cc1ccc2c(n1)C(=O)C(n1ccnc1Cl)=C(n1ccnc1Cl)C2=O,,2.1
train,2281,OCMVYNKVQVWXDL-UHFFFAOYSA-N,N#Cc1cnc2c(c1C#N)C(=O)C(n1cc(F)nn1)=CC2=O,,3.0
train,1258,IQXXYXLJTLTYJP-UHFFFAOYSA-N,COc1ccc(C2=C(c3ccc(OC)cn3)C(=O)c3ncc(C#N)cc3C2=O)nc1,,1.7
train,1382,JHHNDVQSEKEQBN-UHFFFAOYSA-N,N#Cc1nc2c(nc1C#N)C(=O)C(c1nc([N+](=O)[O-])co1)=C(c1nc([N+](=O)[O-])co1)C2=O,,3.03
train,938,HDEDJQRAYFMFGZ-UHFFFAOYSA-N,N#Cc1nc2c(nc1C#N)C(=O)C(c1ccc(F)o1)=CC2=O,,2.07
train,2118,NHBZWDAIAAZLQF-UHFFFAOYSA-N,Cc1nccn1C1=CC(=O)c2nc(C#N)cc(C#N)c2C1=O,,1.93
train,1386,JHQYGWNONJTEMJ-UHFFFAOYSA-N,N#CC1=CC=C(C2=C(C3=CC=C(C#N)C3)C(=O)c3c(C#N)cc(C#N)nc3C2=O)C1,,1.74
train,4715,REEBEMXGMMAFNK-BLOCHSASSA-N,FC(F)(F)OC=Cc1ccc(N=Nc2ccc(C=COC(F)(F)F)cc2)cc1,,1.52
train,4451,LOROPOOJTNUHGV-UHFFFAOYSA-N,FC(F)(F)C1=CC=C(C2(C(F)(F)F)N=N2)C1,,2.17
train,3636,XZGZHDJFQXKIQY-UPHRSURJSA-N,N#CC=CC1=CC(=O)c2nccnc2C1=O,,2.95
train,5486,SVZXQSPVEMAKDU-UHFFFAOYSA,Cc1c2ccccc2cc2c1c(=O)oc1cc(-c3cnc(F)o3)ccc12,,1.39
train,4803,UBKTWTNJIRIVSY-FMQUCBEESA-N,Cc1ccc(-c2ccc(N=Nc3ccc(-c4ccc(C)o4)o3)o2)o1,,0.5
train,4763,SFRQOIMIYKFGGN-NXVVXOECSA-N,Oc1nnc(-c2ccc(N=Nc3ccc(-c4nnc(O)nn4)[nH]3)[nH]2)nn1,,0.51
train,750,GEWMPGAMDMYPLK-UHFFFAOYSA-N,N#Cc1ccnc2c1C(=O)C(c1ccc(C(F)(F)F)n1C=O)=CC2=O,,2.33
train,4040,DCYPZDKOUBCVCN-UHFFFAOYSA-N,N#Cc1cc(C2=CC=C(Cl)C2)c(C#N)c(C2=CC=C(Cl)C2)c1,,-1.08
train,2987,ULWCXNYANXOIIC-UHFFFAOYSA-N,N#Cc1cnc2c(c1C#N)C(=O)C(c1ncc(C(F)(F)F)s1)=CC2=O,,2.76
train,271,BUPKBQKENWWBPA-UHFFFAOYSA-N,N#Cc1ccnc2c1C(=O)C(c1ncc(Cl)s1)=C(c1ncc(Cl)s1)C2=O,,1.86
train,2075,NBZWZOLIBPTECM-UHFFFAOYSA-N,CN(C)c1ccc(C2=CC(=O)c3nc(C#N)cc(C#N)c3C2=O)n1C=O,,1.01
train,317,BZFSKIWTYRMENH-UHFFFAOYSA-N,Cc1nccn1C1=C(n2ccnc2C)C(=O)c2ncc(C#N)cc2C1=O,,1.94
train,1732,LLGQHMXIPSMWQT-UHFFFAOYSA-N,N#Cc1ccnc2c1C(=O)C(c1nncnn1)=C(c1nncnn1)C2=O,,2.54
train,2128,NIFGJUYNPUFKMC-WCSRMQSCSA-N,N#Cc1cc(C#N)c2c(n1)C(=O)C=C(C=NO)C2=O,,2.56
train,4447,LLSGTKNVFKTJJX-FOCLMDBBSA-N,CC#Cc1ccc(N=Nc2ccc(C#CC)s2)s1,,1.09
train,3963,BGXSTWHBPDARFO-UHFFFAOYSA-N,O=C1c2ccc(-c3nc(Cl)co3)cc2C(=O)c2cc(-c3nc(Cl)co3)ccc21,,2.35
train,4497,MMMXYFWMAFIHQB-UHFFFAOYSA-N,N#Cc1cc(C2=CC=C(O)C2)c(C#N)c(C2=CC=C(O)C2)c1,,-1.36
train,3993,BXQWWDMFNKCAFN-UHFFFAOYSA-N,N#Cc1cc(-c2ncc(C(F)(F)F)s2)c(C#N)c(-c2ncc(C(F)(F)F)s2)c1,,2.48
train,4885,VYJZPPKECZDVCO-UHFFFAOYSA-N,Sc1cnc(C2(S)N=N2)nc1,,2.06
train,1928,MJGWIBRNTRFLPU-UHFFFAOYSA-N,COc1cnc2c(n1)C(=O)C(c1cc(C(F)(F)F)c[nH]1)=C(c1cc(C(F)(F)F)c[nH]1)C2=O,,1.42
train,1317,IXHOZXADNGTWKZ-UHFFFAOYSA-N,COc1cnc2c(c1)C(=O)C(c1ccc(F)[nH]1)=CC2=O,,1.39
train,2985,ULTGJTPSYZXIIM-UHFFFAOYSA-N,O=C1C(c2ccc(OC(F)(F)F)cc2)=C(c2ccc(OC(F)(F)F)cc2)C(=O)c2nccnc21,,2.13
train,4672,QJKVVTSMHSFFIO-FLWNBWAVSA-N,FC(F)(F)Oc1cnc(-c2ccc(N=Nc3ccc(-c4ncc(OC(F)(F)F)cn4)s3)s2)nc1,,1.23
train,5353,LPOUOXGWYDQTPV-UHFFFAOYSA,CC1(C)c2cc(-c3ccc(-c4coc(F)c4)cc3)ccc2N(c2ccc(-c3coc(C#N)c3)cc2)c2ccc(-c3ccc(-c4coc(C#N)c4)cc3)cc21,,0.72
train,5342,FNADFLCEEHGVTJ-UHFFFAOYSA,CC1=CC(c2ccc(N3c4ccc(-c5ccc(-c6coc(C)c6)cc5)cc4C(C)(C)c4cc(-c5ccc(-c6csc(C)c6)cc5)ccc43)cc2)=CS1(=O)=O,,0.68
train,4944,XEHTXGWIUJETJE-UHFFFAOYSA-N,N#Cc1cc(C2=CC=CS2(=O)=O)c(C#N)c(C2=CC=CS2(=O)=O)c1,,-0.14
train,618,FBGAXROEJDEOHR-UHFFFAOYSA-N,Cc1ccc(C2=C(c3ccc(C)cc3)C(=O)c3nc(C#N)c(C#N)cc3C2=O)cc1,,1.85
train,275,BUZPDHDIYZGOFV-UHFFFAOYSA-N,CC(O)=Nc1ncc(C2=C(c3cnc(N=C(C)O)[nH]3)C(=O)c3nc(C#N)ccc3C2=O)[nH]1,,1.07
train,5317,UUYWAPYXTQCUBS-UHFFFAOYSA,CO[C]1=N[CH]C(=CN=1)c1ccc(cc1)c1ccc2c(c1)C(C)(C)c1c(N2c2ccc(cc2)c2cc[nH]c2)ccc(c1)c1ccc(cc1)c1c[nH]c(c1)OC(F)(F)F,,0.65
train,1634,KJIMZJFWLKSHNW-UHFFFAOYSA-N,N#Cc1csc(C2=CC(=O)c3nc(C#N)cc(C#N)c3C2=O)n1,,2.8
train,3182,VXMYPLCSGDOBEW-UHFFFAOYSA-N,N#Cc1ccc2c(n1)C(=O)C(c1ccc([N+](=O)[O-])s1)=C(c1ccc([N+](=O)[O-])s1)C2=O,,2.33
train,1465,JQYDKTDPKDAWGC-UHFFFAOYSA-N,Cc1ccc(C2=CC(=O)c3nccc(C#N)c3C2=O)n1C,,1.26
train,2060,MZWWSWYRSMJLOT-UHFFFAOYSA-N,Cc1ccc(C2=C(c3ccc(C)cc3)C(=O)c3ncc(C#N)cc3C2=O)cc1,,1.7
train,98,ANFMWMSVTTYOHN-UHFFFAOYSA-N,COc1c[nH]c(C2=C(c3cc(OC)c[nH]3)C(=O)c3c(ncc(C#N)c3C#N)C2=O)c1,,0.67
train,3620,XXTYPLJUJVBMOG-UHFFFAOYSA-N,CN(C)c1cn(C2=C(n3cc(N(C)C)nn3)C(=O)c3nccnc3C2=O)nn1,,1.1
train,4038,DCLWZIFAWXLQTP-UHFFFAOYSA-N,Clc1ccc(C2(Cl)N=N2)o1,,1.9
train,4783,SWOHDZXFUIXZDU-UHFFFAOYSA-N,O=[N+]([O-])C1=CC=C(C2([N+](=O)[O-])N=N2)S1(=O)=O,,3.45
train,3817,ZLVZWLFPPMNRFJ-UHFFFAOYSA-N,N#Cc1ccc(C2=CC(=O)c3nc(C#N)c(C#N)cc3C2=O)cc1,,2.8
train,3272,WIYMDKYKBVSZBE-UHFFFAOYSA-N,N#Cc1cnc2c(n1)C(=O)C(c1ncc(C#N)s1)=C(c1ncc(C#N)s1)C2=O,,2.47
train,1952,MNAYUUVXWRCCCJ-UHFFFAOYSA-N,CN(C)c1cnc(C2=C(c3ncc(N(C)C)cn3)C(=O)c3nc(C#N)ccc3C2=O)nc1,,1.31
train,2381,OPGGQHPYAMNQHK-UHFFFAOYSA-N,O=C1C(c2nc(C(F)(F)F)co2)=C(c2nc(C(F)(F)F)co2)C(=O)c2ncccc21,,2.65
train,3171,VWXRVJFWARHDDX-UHFFFAOYSA-N,N#Cc1coc(C2=CC(=O)c3nc(C#N)cc(C#N)c3C2=O)n1,,2.88
train,5141,UJTUPVAZPCCCKP-VAWYXSNFSA,C=CON1c2ccccc2N(/C=C/F)c2ccccc21,,0.43
train,1071,HVBKAOXQJUHLHA-UHFFFAOYSA-N,O=C1C(c2cc(OC(F)(F)F)c[nH]2)=CC(=O)c2ncccc21,,1.61
train,2061,NACAWXQFDLTKSH-UHFFFAOYSA-N,CC(O)=Nc1c[nH]c(C2=C(c3cc(N=C(C)O)c[nH]3)C(=O)c3nc(C#N)cnc3C2=O)c1,,0.83
train,1424,JLKAVLMFLWALCK-UHFFFAOYSA-N,COc1nccn1C1=CC(=O)c2nc(C#N)cnc2C1=O,,1.61
train,1792,LTOSKBXWKNKAJJ-UHFFFAOYSA-N,COc1ccnc2c1C(=O)C(c1nc(C)co1)=CC2=O,,2.05
train,1131,IBVXQBXOYAJXJO-NGHMKCDTSA-N,N#CN=CC1=C(C=NC#N)C(=O)c2nc(C#N)c(C#N)nc2C1=O,,3.2
train,3493,XIIUGSDGLCSCCT-UHFFFAOYSA-N,N#Cc1nc2c(nc1C#N)C(=O)C(n1ccc3ccccc31)=CC2=O,,1.56
train,5260,SIVHSNMKZPRJLP-UHFFFAOYSA,Clc1ncc(N2c3ccccc3N(c3ccnc(Cl)n3)c3ccccc32)cn1,,0.71
train,2434,OVPPSFKUCIDIOI-HSFFGMMNSA-N,N#Cc1cnc2c(n1)C(=O)C(C=CF)=C(C=CF)C2=O,,2.27
train,933,HCWQTPQFKAWYAH-UHFFFAOYSA-N,COc1ccnc2c1C(=O)C(c1ncc(Cl)o1)=CC2=O,,2.2
train,3924,ANEZBUYLPICMKQ-UHFFFAOYSA-N,N#Cc1cc(-c2ccc(O)cc2)c(C#N)c(-c2ccc(O)cc2)c1,,1.78
train,244,BQYPUEYWQSBVJR-ONEGZZNKSA-N,CN(C)C=CC1=CC(=O)c2nc(C#N)c(C#N)cc2C1=O,,1.18
train,3653,YQZDQSSCSSNVJI-UHFFFAOYSA-N,N#CC#CC1=CC(=O)c2ncc(C#N)cc2C1=O,,3.52
train,2794,RWZLXFGQXYGRJH-DENHBWNVSA-N,N#Cc1cnc2c(c1C#N)C(=O)C(C=NC(F)(F)F)=CC2=O,,3.81
train,5438,JABSKBQENJSWTN-UHFFFAOYSA,O=Cn1ccc(-c2c3ccccc3cc3c2c(=O)oc2cc(-c4cccc(O)n4)ccc23)c1,,1.45
train,718,FNASJLSYKCGLNQ-UHFFFAOYSA-N,COc1ccc(C2=C(c3ccc(OC)n3C)C(=O)c3c(C#N)ccnc3C2=O)n1C,,0.51
train,3705,YXOJDALGOAHCEI-UHFFFAOYSA-N,N#Cc1cnc2c(c1)C(=O)C(n1cc(C#N)c3ccccc31)=C(n1cc(C#N)c3ccccc31)C2=O,,1.99
train,645,FDRSTHFIMKVGLD-UHFFFAOYSA-N,COc1cnc(C2=C(c3ncc(OC)cn3)C(=O)c3nc(C#N)cnc3C2=O)nc1,,2.26
train,1148,IDKSJPNBXODWII-UHFFFAOYSA-N,N#Cc1ccc2c(n1)C(=O)C(C1=CC=CC1)=C(C1=CC=CC1)C2=O,,1.13
train,1004,HMOGYDNKRAJYPI-UHFFFAOYSA-N,N#Cc1cc(C#N)c2c(n1)C(=O)C=C(n1cc([N+](=O)[O-])nn1)C2=O,,3.62
train,2133,NIPBTBSKYIWVKS-UHFFFAOYSA-N,COc1ccc(C2=C(c3ccc(OC)[nH]3)C(=O)c3nc(C#N)cnc3C2=O)[nH]1,,0.59
train,327,CBNHJOGDYKATBP-UHFFFAOYSA-N,N#Cc1cnc2c(c1C#N)C(=O)C(C#CS)=CC2=O,,2.34
train,1985,MQTJBLJQLGHNRM-UHFFFAOYSA-N,COc1cnc2c(c1)C(=O)C(c1ccc(C)o1)=CC2=O,,1.54
train,3573,XRTOOIGWIGRJDE-UHFFFAOYSA-N,N#Cc1cnc2c(c1)C(=O)C(n1cc(S)nn1)=C(n1cc(S)nn1)C2=O,,2.01
train,1341,JBQBOLQMKLIVBT-UHFFFAOYSA-N,CN(C)c1cn(C2=CC(=O)c3nc(C#N)cc(C#N)c3C2=O)nn1,,1.22
train,254,BSHZFOWROYTMCY-UHFFFAOYSA-N,N#Cc1ccc2c(n1)C(=O)C=C(c1ncc(C#N)o1)C2=O,,2.83
train,2482,PALQFNKMJTWEGC-UHFFFAOYSA-N,CN(C)c1ncc(C2=C(c3cnc(N(C)C)[nH]3)C(=O)c3nc(C#N)ccc3C2=O)[nH]1,,0.39
train,1177,IHCVHJASKQUBHT-UHFFFAOYSA-N,N#Cc1nc2c(nc1C#N)C(=O)C(c1ncc(Cl)cn1)=CC2=O,,2.8
train,3964,BHBANTRZRBDFHW-UHFFFAOYSA-N,O=C1c2ccc(-c3ncccn3)cc2C(=O)c2cc(-c3ncccn3)ccc21,,3.22
train,83,ALESHOOGILKRCD-UHFFFAOYSA-N,N#Cc1cnc2c(c1C#N)C(=O)C(c1ccc([N+](=O)[O-])o1)=CC2=O,,2.79
train,3001,UNCICGZMRXFPQZ-OWOJBTEDSA-N,N#Cc1cnc2c(n1)C(=O)C(C=CCl)=CC2=O,,2.61
train,2716,RNLXOKWOXFUZQN-UHFFFAOYSA-N,CC(O)=NC#CC1=CC(=O)c2ncc(C#N)cc2C1=O,,1.94
train,2697,RLVNVNIZRMULBN-UHFFFAOYSA-N,CC(O)=Nc1ccc(C2=C(c3ccc(N=C(C)O)cn3)C(=O)c3nc(C#N)cnc3C2=O)nc1,,1.69
train,1484,JSYUIHUHLGTZRS-UHFFFAOYSA-N,N#Cc1ccc2c(n1)C(=O)C(c1cnc(Cl)[nH]1)=C(c1cnc(Cl)[nH]1)C2=O,,1.59
train,3539,XMNZCYAEEQIHRQ-UHFFFAOYSA-N,COc1ccc2c(n1)C(=O)C=C(c1cc(Cl)c[nH]1)C2=O,,1.53
train,1510,JVWVOFLDWKNRNW-UHFFFAOYSA-N,CC(O)=Nc1nnc(C2=C(c3nnc(N=C(C)O)nn3)C(=O)c3c(C#N)ccnc3C2=O)nn1,,2.02
train,1134,ICBFXWXJNCZUSK-UHFFFAOYSA-N,C#CC1=CC(=O)c2ncc(C#N)c(C#N)c2C1=O,,3.27
train,2253,NYVVHKLMYNEDRF-UHFFFAOYSA-N,COc1ccc2c(n1)C(=O)C=C(C1=CC=C(C)C1)C2=O,,1.33
train,2766,RUEGJEKWUJDXBL-UHFFFAOYSA-N,CN(C)c1cnc(C2=CC(=O)c3ncccc3C2=O)nc1,,1.45
train,474,DCPRHLZOAHKZRZ-UHFFFAOYSA-N,COc1cnc2c(c1)C(=O)C(c1ncc(C(F)(F)F)cn1)=CC2=O,,2.54
train,3910,AFXOODAXTQESGF-VHXPQNKSSA-N,Cn1c(S)ccc1-c1ccc(N=Nc2ccc(-c3ccc(S)n3C)cc2)cc1,,0.79
train,717,FMZONGGQKRLNCV-UHFFFAOYSA-N,N#Cc1cnc2c(n1)C(=O)C=C(c1ncc(C(F)(F)F)s1)C2=O,,2.77
train,2068,NBANFOVQPYWXNQ-UHFFFAOYSA-N,N#Cc1cc2c(nc1C#N)C(=O)C=C(C#CCl)C2=O,,3.46
train,1154,IDSOHNCVWJIYSF-UHFFFAOYSA-N,CC(O)=Nc1ccc(C2=C(c3ccc(N=C(C)O)cn3)C(=O)c3ncc(C#N)cc3C2=O)nc1,,1.58
train,4363,JZDBLSYECNRXRI-UHFFFAOYSA-N,O=[N+]([O-])C#Cc1ccc2ccc3c4ccc5ccc(C#C[N+](=O)[O-])c6ccc(c7ccc1c2c37)c4c56,,1.16
train,4329,JHZHVDOOTJQIDG-UHFFFAOYSA-N,O=C1c2ccc(-c3nnc(C(F)(F)F)nn3)cc2C(=O)c2cc(-c3nnc(C(F)(F)F)nn3)ccc21,,2.64
train,5174,IVLOZCNICGKRQN-UHFFFAOYSA,COc1ncc(N2c3ccccc3N(c3coc(Cl)n3)c3ccccc32)o1,,0.55
train,4193,GXLPSLWMEHRPAU-FMQUCBEESA-N,Clc1coc(-c2ccc(N=Nc3ccc(-c4nc(Cl)co4)s3)s2)n1,,1.29
train,2827,SAZHCHCTOSNNIT-UHFFFAOYSA-N,O=C1C(c2cc(O)c[nH]2)=C(c2cc(O)c[nH]2)C(=O)c2nccnc21,,0.74
train,2440,OWGOZHUTXUKICW-UHFFFAOYSA-N,N#Cc1cc2c(nc1C#N)C(=O)C(c1cnc[nH]1)=C(c1cnc[nH]1)C2=O,,1.58
train,2519,PFBVXTRQAADFHH-UHFFFAOYSA-N,CC(O)=Nc1coc(C2=CC(=O)c3nc(C#N)c(C#N)nc3C2=O)n1,,1.76
train,4643,PPFFBKPJNFHSAG-FLWNBWAVSA-N,FC(F)(F)c1ccc(-c2ccc(N=Nc3ccc(-c4ccc(C(F)(F)F)cn4)o3)o2)nc1,,1.18
train,1289,IUTYIXAJCOXGDJ-UHFFFAOYSA-N,N#Cc1ccnc2c1C(=O)C(c1ncc(O)s1)=CC2=O,,1.78
train,2627,QPIJFVYSMOGZRR-UHFFFAOYSA-N,O=C1C(c2nc([N+](=O)[O-])co2)=CC(=O)c2ncccc21,,2.99
train,3980,BNPZTATZVAUXTB-ISLYRVAYSA-N,c1nnc(-c2ccc(N=Nc3ccc(-c4nncnn4)o3)o2)nn1,,1.74
train,336,CDARTHFAZISHPZ-UHFFFAOYSA-N,N#Cc1nc2c(nc1C#N)C(=O)C(C1=CC=C(Cl)C1)=CC2=O,,1.75
train,3633,XZDDZQPFJGNVOC-HYXAFXHYSA-N,O=C1C(C=CS)=CC(=O)c2ncccc21,,1.94
train,1337,JBGSALFSRNIZPN-UHFFFAOYSA-N,N#Cc1ccnc2c1C(=O)C(c1nc(F)cs1)=C(c1nc(F)cs1)C2=O,,1.99
train,466,CZFHMJFWRXKFER-UHFFFAOYSA-N,COc1cnc2c(n1)C(=O)C(c1ncc(N=C(C)O)cn1)=C(c1ncc(N=C(C)O)cn1)C2=O,,2.0
train,2813,RZILVIUZONCTMA-UHFFFAOYSA-N,CC(O)=Nc1ccc(C2=CC(=O)c3nc(C#N)c(C#N)cc3C2=O)o1,,1.43
train,2208,NRZLSKHRROPWBK-UHFFFAOYSA-N,N#Cc1ccnc2c1C(=O)C(n1cc(O)c3ccccc31)=CC2=O,,1.18
train,1182,IIBXBDKGQMPYCX-UHFFFAOYSA-N,N#Cc1nc2c(nc1C#N)C(=O)C(C1=CC=C(S)S1(=O)=O)=C(C1=CC=C(S)S1(=O)=O)C2=O,,1.85
train,1006,HNHAHPLMXKLESG-UHFFFAOYSA-N,Cc1cnc(C2=CC(=O)c3nccnc3C2=O)s1,,2.02
train,26,AEBHIQYQCRVPQV-UHFFFAOYSA-N,COc1cnc(C2=C(c3ncc(OC)s3)C(=O)c3c(C#N)cc(C#N)nc3C2=O)s1,,1.47
train,773,GIKKHNOOSRRLTN-UHFFFAOYSA-N,Cc1cn(C2=CC(=O)c3nc(C#N)cnc3C2=O)c2ccccc12,,1.36
train,3372,WUOGQVHANYGYNG-UHFFFAOYSA-N,CN(C)c1cn(C2=C(n3cc(N(C)C)nn3)C(=O)c3ncc(C#N)cc3C2=O)nn1,,1.12
train,1156,IEBMTEBRCIFVSE-UHFFFAOYSA-N,CN(C)c1ccc(C2=CC(=O)c3ncc(C#N)cc3C2=O)n1C=O,,0.92
train,1327,IZRLQAAYLMDQBK-UHFFFAOYSA-N,N#Cc1cc(C#N)c2c(n1)C(=O)C(c1ncc(C(F)(F)F)cn1)=C(c1ncc(C(F)(F)F)cn1)C2=O,,3.03
train,835,GRRZBBYRXDGOLX-UHFFFAOYSA-N,Cn1c(C2=C(c3ccc([N+](=O)[O-])n3C)C(=O)c3nc(C#N)ccc3C2=O)ccc1[N+](=O)[O-],,2.15
train,3120,VASFHGRZLFCQKL-UHFFFAOYSA-N,CC(O)=Nc1ccc(C2=C(c3ccc(N=C(C)O)[nH]3)C(=O)c3c(ncc(C#N)c3C#N)C2=O)[nH]1,,0.72
train,4048,DHJUYONPCPGTHS-ZCXUNETKSA-N,O=[N+]([O-])c1ccc(-c2ccc(N=Nc3ccc(-c4ccc([N+](=O)[O-])o4)s3)s2)o1,,1.13
train,2639,QVWPSTRBKXERLP-UHFFFAOYSA-N,N#Cc1cnc2c(n1)C(=O)C=C(c1ncc(Cl)s1)C2=O,,2.24
train,1237,IODHOEOSDAVFAV-UHFFFAOYSA-N,N#Cc1cc(C#N)c2c(n1)C(=O)C(c1ccc(OC(F)(F)F)cc1)=C(c1ccc(OC(F)(F)F)cc1)C2=O,,2.16
train,4784,SWONZPBSUCVEGX-DQSJHHFOSA-N,FC(F)(F)Oc1cnc(-c2ccc(N=Nc3ccc(-c4ncc(OC(F)(F)F)s4)[nH]3)[nH]2)s1,,0.79
train,1375,JGRNGJXBZSELOR-UHFFFAOYSA-N,Cc1ccc(C2=CC(=O)c3ncc(C#N)cc3C2=O)[nH]1,,1.32
train,2785,RWDMOCPRGBRQIB-UHFFFAOYSA-N,N#Cc1ccnc2c1C(=O)C(n1ccnc1C#N)=CC2=O,,2.63
train,2696,RLMROTYAVOXXBU-UHFFFAOYSA-N,N#Cc1ccc2c(n1)C(=O)C(c1ccc(C#N)o1)=C(c1ccc(C#N)o1)C2=O,,2.04
train,2657,RHIPXZLWVKLFAG-UHFFFAOYSA-N,Cn1c(C2=CC(=O)c3nc(C#N)cc(C#N)c3C2=O)ccc1C(F)(F)F,,2.07
train,1765,LQDNLRJEXAYLCB-UHFFFAOYSA-N,COc1cnc2c(n1)C(=O)C=C(c1ncc(N=C(C)O)o1)C2=O,,1.54
train,571,DUOBISVNXLFRHX-UHFFFAOYSA-N,CC1=CC=C(C2=CC(=O)c3nccnc3C2=O)C1,,1.23
train,3116,VAIGTVVSRCGMFC-UHFFFAOYSA-N,COc1nc2c(nc1OC)C(=O)C(c1nnc(F)nn1)=CC2=O,,2.4
train,5275,YPUWCANREGHEHN-UHFFFAOYSA,Oc1nc(N2c3ccccc3N(c3cnc(O)o3)c3ccccc32)co1,,0.52
train,4845,UYVMSUAKFQZQHD-VHXPQNKSSA-N,Cc1cnc(-c2ccc(N=Nc3ccc(-c4ncc(C)cn4)s3)s2)nc1,,1.04
train,2718,RNXFKEYHSCHDEI-UHFFFAOYSA-N,COc1ccc(C2=CC(=O)c3nccc(C#N)c3C2=O)cc1,,1.77
train,4738,RSSGFHPXFQXABE-UHFFFAOYSA-N,COc1c[nH]c(-c2ccc3c(c2)C(=O)c2cc(-c4cc(OC)c[nH]4)ccc2C3=O)c1,,1.21
train,4467,LXVWZPZIYGADII-VHXPQNKSSA-N,Clc1csc(-c2ccc(N=Nc3ccc(-c4nc(Cl)cs4)cc3)cc2)n1,,1.41
train,3919,AKWQYOVDKSJCTF-DPKLHXOTSA-N,SN=Cc1ccc(N=Nc2ccc(C=NS)cc2)cc1,,1.33
train,4174,GQHIYRAVQDOILO-UHFFFAOYSA-N,N#Cc1cc(-c2ccc([N+](=O)[O-])[nH]2)c(C#N)c(-c2ccc([N+](=O)[O-])[nH]2)c1,,-0.4
train,2346,OKNMDSISELNIKO-UHFFFAOYSA-N,Cc1ccc(C2=CC(=O)c3nccnc3C2=O)s1,,1.69
train,274,BUYKMUUYGDCOPX-UHFFFAOYSA-N,N#Cc1ccnc2c1C(=O)C(n1cc(C(F)(F)F)nn1)=CC2=O,,3.41
train,4968,XQGXFJJBYKALIK-UHFFFAOYSA-N,Fc1coc(C2(F)N=N2)n1,,2.62
train,3806,ZJYQRRJACQPTQW-UHFFFAOYSA-N,N#Cc1cnc2c(n1)C(=O)C=C(c1ccc[nH]1)C2=O,,1.59
train,282,BVWMEPQMACXLQF-UHFFFAOYSA-N,N#Cc1cnc2c(c1)C(=O)C(c1ncc([N+](=O)[O-])o1)=C(c1ncc([N+](=O)[O-])o1)C2=O,,3.14
train,4097,FIGWLDVQDYKAQQ-UHFFFAOYSA-N,FC(F)(F)c1c[nH]c(C2(C(F)(F)F)N=N2)c1,,2.09
train,4849,VCXKXBKOHCHWIO-OCEACIFDSA-N,Clc1ncc(-c2ccc(N=Nc3ccc(-c4cnc(Cl)[nH]4)cc3)cc2)[nH]1,,1.28
train,1664,KNRUUDULAXCAHZ-JVLMNHKTSA-N,COc1cnc2c(n1)C(=O)C(C=COC(F)(F)F)=C(C=COC(F)(F)F)C2=O,,2.01
train,2205,NROQUZPVZKVCLK-UHFFFAOYSA-N,O=C1C(c2nnc(O)nn2)=CC(=O)c2ncccc21,,2.36
train,1795,LTUMTALWBVUTHA-UHFFFAOYSA-N,CN(C)c1ccc(C2=C(c3ccc(N(C)C)[nH]3)C(=O)c3c(C#N)cc(C#N)nc3C2=O)[nH]1,,-0.09
train,3248,WFUJXCPRSAVSRT-UHFFFAOYSA-N,COc1cnc2c(c1)C(=O)C(C#CC(F)(F)F)=CC2=O,,2.55
train,2971,UKEYZHPUKOFGQG-UHFFFAOYSA-N,COc1ccc2c(n1)C(=O)C=C(c1ccc(OC(F)(F)F)o1)C2=O,,1.8
train,1135,ICECLVZJNIMLNE-UHFFFAOYSA-N,CC(O)=Nc1coc(C2=CC(=O)c3ncc(C#N)nc3C2=O)n1,,1.84
train,709,FMJGBFHWEOQCJE-UHFFFAOYSA-N,COc1cnc2c(n1)C(=O)C=C(c1ncc(C#N)o1)C2=O,,2.73
train,1550,KAKHQMYSUWRPHK-UHFFFAOYSA-N,N#Cc1nc2c(nc1C#N)C(=O)C(c1cc(OC(F)(F)F)c[nH]1)=CC2=O,,1.76
train,3307,WMYGQSFIFVTZCN-UHFFFAOYSA-N,N#Cc1nc2c(nc1C#N)C(=O)C(c1cc(S)c[nH]1)=C(c1cc(S)c[nH]1)C2=O,,0.96
train,3858,ZQTNWGKWQAKFND-UHFFFAOYSA-N,Cc1ccc(C2=CC(=O)c3ncc(C#N)c(C#N)c3C2=O)n1C,,1.3
train,3741,ZBVMGHRPEUIHEW-UHFFFAOYSA-N,Cc1nnc(C2=CC(=O)c3ncc(C#N)c(C#N)c3C2=O)nn1,,2.29
train,3433,XBSMIJVTJCXGSM-UHFFFAOYSA-N,COc1nc2c(nc1OC)C(=O)C(c1ccc([N+](=O)[O-])s1)=C(c1ccc([N+](=O)[O-])s1)C2=O,,2.27
train,1901,MGCMEWLXURUMKQ-UHFFFAOYSA-N,COc1cnc2c(c1)C(=O)C(c1ncc(F)cn1)=CC2=O,,2.44
train,2344,OKMLVDDOLGTXMS-TZFCGSKZSA-N,N#Cc1cnc2c(n1)C(=O)C(C=CCl)=C(C=CCl)C2=O,,2.21
train,5118,MXFGCRUOVHEIBL-JMIUGGIZSA,Cl/N=C\N1c2ccccc2N(c2cnc(Cl)o2)c2ccccc21,,0.81
train,5311,RUJVBPLSXRLWKG-UHFFFAOYSA,CC1(C)c2cc(ccc2N(c2c1cc(cc2)c1ccc(cc1)c1cccnc1)c1ccc(cc1)C1=CN=[C](=N[CH]1)OC(F)(F)F)c1ccc(cc1)C1=NN=[C](=N[N]1)OC(F)(F)F,,0.82
train,4053,DMIBVWGGWBJDKC-UHFFFAOYSA-N,O=C1c2ccc(-c3ccc(O)s3)cc2C(=O)c2cc(-c3ccc(O)s3)ccc21,,1.35
train,3974,BJARRLODZKZMHZ-VHXPQNKSSA-N,O=[N+]([O-])c1ncc(-c2ccc(N=Nc3ccc(-c4cnc([N+](=O)[O-])[nH]4)cc3)cc2)[nH]1,,1.47
train,1804,LUWQWMUIPWGHAU-UHFFFAOYSA-N,Cc1c[nH]c(C2=CC(=O)c3nc(C#N)cnc3C2=O)c1,,1.5
train,2517,PEVYPUXZUMRYSN-UHFFFAOYSA-N,COc1cn(C2=C(n3cc(OC)c4ccccc43)C(=O)c3ncccc3C2=O)c2ccccc12,,1.07
train,2052,MZIRVDLXEUKVRV-UHFFFAOYSA-N,N#CC1=CC=C(C2=C(C3=CC=C(C#N)C3)C(=O)c3ncc(C#N)cc3C2=O)C1,,1.75
train,3366,WTOYREGHRQUZPJ-UHFFFAOYSA-N,N#Cc1cc2c(nc1C#N)C(=O)C(c1nc(S)cs1)=C(c1nc(S)cs1)C2=O,,1.59
train,2670,RIWNHGYLFOZQAX-UHFFFAOYSA-N,N#Cc1cnc2c(n1)C(=O)C=C(c1ccc(OC(F)(F)F)s1)C2=O,,2.02
train,4189,GVVDRAQKLSEOPK-FMQUCBEESA-N,O=Cn1c(-c2ccc(N=Nc3ccc(-c4ccc([N+](=O)[O-])n4C=O)o3)o2)ccc1[N+](=O)[O-],,1.29
train,4698,QXXCIXLCGUQNJY-DQRAZIAOSA-N,Clc1ncc(-c2ccc(N=Nc3ccc(-c4cnc(Cl)[nH]4)s3)s2)[nH]1,,0.75
train,3496,XIOCMUIONUNCPE-UHFFFAOYSA-N,COc1ccc2c(n1)C(=O)C=C(c1ccc(C)cc1)C2=O,,2.08
train,2832,SBGJIQAYRDNVMB-UHFFFAOYSA-N,Cc1cn(C2=CC(=O)c3nc(C#N)cc(C#N)c3C2=O)c2ccccc12,,1.36
train,1450,JOJMBEHBOJQKBM-UHFFFAOYSA-N,O=C1C(c2ncc(Cl)cn2)=C(c2ncc(Cl)cn2)C(=O)c2nccnc21,,2.75
train,565,DUAWPNLZNGCWRN-UHFFFAOYSA-N,N#Cc1ccnc2c1C(=O)C(c1ncc(Cl)s1)=CC2=O,,2.2
train,4999,YGSOAHYBMOOYFP-ISLYRVAYSA-N,O=[N+]([O-])c1csc(-c2ccc(N=Nc3ccc(-c4nc([N+](=O)[O-])cs4)o3)o2)n1,,1.37
train,1190,IKDNEJPUNCXDFJ-UHFFFAOYSA-N,N#Cc1nc2c(nc1C#N)C(=O)C(c1ncc(S)s1)=C(c1ncc(S)s1)C2=O,,1.41
train,4293,IPQIOZJYRAIRCL-VHXPQNKSSA-N,N#Cc1cnc(-c2ccc(N=Nc3ccc(-c4ncc(C#N)o4)[nH]3)[nH]2)o1,,0.5
train,1829,LXKJWOTZDXTIDQ-UHFFFAOYSA-N,CC(O)=Nc1ccc(C2=C(c3ccc(N=C(C)O)o3)C(=O)c3nccnc3C2=O)o1,,0.79
train,781,GJUOLLBSVJFWGB-YXNCQKNLSA-N,CN=CC1=C(C=NC)C(=O)c2c(ncc(C#N)c2C#N)C1=O,,1.89
train,1535,JYPMOCFJBRGCCM-UHFFFAOYSA-N,COc1cnc(C2=C(c3ncc(OC)o3)C(=O)c3c(ncc(C#N)c3C#N)C2=O)o1,,1.34
train,1373,JGPGASBZHWKLPB-UHFFFAOYSA-N,N#Cc1nc2c(nc1C#N)C(=O)C(c1ccc(Cl)[nH]1)=CC2=O,,1.64
train,3186,VYGAONHRDDKQJD-UHFFFAOYSA-N,N#Cc1cc(C#N)c2c(n1)C(=O)C(c1ncco1)=C(c1ncco1)C2=O,,2.21
train,2857,SDMHUVIKMAZGCE-UHFFFAOYSA-N,N#Cc1cnc2c(n1)C(=O)C(n1ccc3ccccc31)=C(n1ccc3ccccc31)C2=O,,1.32
train,325,CBEIAUIMJMKJQM-UHFFFAOYSA-N,O=C1C(c2nnc(S)nn2)=C(c2nnc(S)nn2)C(=O)c2nccnc21,,2.37
train,1629,KIVAWMCHLPTRQE-UHFFFAOYSA-N,N#Cc1cc(C#N)c2c(n1)C(=O)C=C(c1ncc([N+](=O)[O-])s1)C2=O,,3.05
train,5408,CQVROWGRBGMFPR-UHFFFAOYSA,C=NSc1ccc2c(c1)oc(=O)c1c(-c3nnc(C#N)nn3)c3ccccc3cc12,,1.45
train,3046,USCGREFYJGSXIN-UHFFFAOYSA-N,COc1ncc(C2=C(c3cnc(OC)[nH]3)C(=O)c3nc(OC)c(OC)nc3C2=O)[nH]1,,0.72
train,5120,NOIIZLIDUNVRTP-UHFFFAOYSA,Cc1cc(N2c3ccccc3N(c3cccc(Cl)c3)c3ccccc32)c[nH]1,,0.05
train,3448,XDDCXRLLZUVRFS-UPHRSURJSA-N,N#CC=CC1=CC(=O)c2nc(C#N)c(C#N)cc2C1=O,,3.22
train,1332,JAKUZIOQZMHQJS-UHFFFAOYSA-N,N#Cc1cnc2c(c1)C(=O)C(c1ccc(Cl)cc1)=C(c1ccc(Cl)cc1)C2=O,,2.05
train,1339,JBPJMWKDTAJHIA-UHFFFAOYSA-N,Cc1cn(C2=C(n3cc(C)nn3)C(=O)c3ncc(C#N)cc3C2=O)nn1,,2.41
train,4076,DWPPXPFPPXHZNP-FMQUCBEESA-N,O=Cn1c(S)ccc1-c1ccc(N=Nc2ccc(-c3ccc(S)n3C=O)o2)o1,,0.5
train,4943,XECPDTPOJORBRT-UHFFFAOYSA-N,COc1ccc(-c2cc(C#N)cc(-c3ccc(OC)s3)c2C#N)s1,,-1.17
train,3010,UOOJHVRMEFBVOU-HAVNEIBRSA-N,COc1cnc2c(c1)C(=O)C(C=NC(F)(F)F)=CC2=O,,2.63
train,89,AMDJDRQUBZEGAB-UHFFFAOYSA-N,N#Cc1cnc2c(c1)C(=O)C(c1cccs1)=C(c1cccs1)C2=O,,1.58
train,2414,OTCKJHMSTDUIFX-CIIODKQPSA-N,COC=CC1=C(C=COC)C(=O)c2nc(C#N)cnc2C1=O,,1.34
train,1571,KCQGUMASJIQBBX-UHFFFAOYSA-N,N#Cc1cnc2c(c1)C(=O)C(c1ccc(F)s1)=C(c1ccc(F)s1)C2=O,,1.56
train,4746,RWHUXQJJEVRPRA-UHFFFAOYSA-N,O=Cn1c(S)ccc1C1(S)N=N1,,1.34
train,1405,JJRIZDRQIPPNNV-UHFFFAOYSA-N,COc1ccc2c(n1)C(=O)C=C(c1ccccc1)C2=O,,2.24
train,3804,ZJOOATFURBDGEB-UHFFFAOYSA-N,CN(C)c1c[nH]c(C2=C(c3cc(N(C)C)c[nH]3)C(=O)c3nc(C#N)ccc3C2=O)c1,,0.27
train,3865,ZRJFIIZPSSDSBV-UHFFFAOYSA-N,COc1cnc2c(c1)C(=O)C(C1=CC=C(C#N)C1)=CC2=O,,1.98
train,4323,JESYQEFQSAIDRL-VHXPQNKSSA-N,N#Cc1cnc(-c2ccc(N=Nc3ccc(-c4ncc(C#N)s4)[nH]3)[nH]2)s1,,0.41
train,3782,ZGRNSHRSZZCEMR-UHFFFAOYSA-N,COc1cnc2c(c1)C(=O)C(c1ccc(C(F)(F)F)n1C)=CC2=O,,1.9
train,4340,JQTYPAGRIIJCCU-UHFFFAOYSA-N,O=C1c2ccc(C3=CC=C(S)C3)cc2C(=O)c2cc(C3=CC=C(S)C3)ccc21,,1.07
train,2687,RKVMCAQAZITLKZ-UHFFFAOYSA-N,Cc1cn(C2=CC(=O)c3nc(C#N)c(C#N)nc3C2=O)nn1,,2.6
train,4663,PZOMTUSIDMWLSK-UHFFFAOYSA-N,N#Cc1cc(-c2nc(F)cs2)c(C#N)c(-c2nc(F)cs2)c1,,-0.66
train,3466,XFEONAZTODRUJS-UHFFFAOYSA-N,COc1ccc(C2=C(c3ccc(OC)n3C)C(=O)c3nc(C#N)c(C#N)nc3C2=O)n1C,,0.63
train,2624,QPGJAOMVRMAKSN-UPHRSURJSA-N,N#CC=CC1=CC(=O)c2ncc(C#N)c(C#N)c2C1=O,,3.21
train,778,GJIRNIHEHJYLKR-UHFFFAOYSA-N,N#Cc1cnc2c(c1)C(=O)C(c1ccc(S)cc1)=C(c1ccc(S)cc1)C2=O,,1.54
train,4657,PWEMZVNUCQIDDW-VHXPQNKSSA-N,N#Cc1ccc(-c2ccc(N=Nc3ccc(-c4ccc(C#N)n4C=O)s3)s2)n1C=O,,1.05
train,2050,MZHPHEMGPHJLBD-UHFFFAOYSA-N,Cc1ccc(C2=CC(=O)c3nc(C#N)ccc3C2=O)o1,,1.66
train,3678,YTZFBHHLLZPSGK-UHFFFAOYSA-N,Cn1c(O)ccc1C1=C(c2ccc(O)n2C)C(=O)c2nc(C#N)cnc2C1=O,,0.57
train,3054,UTXJQYXZRACLKL-UHFFFAOYSA-N,COc1cnc2c(c1)C(=O)C(C#CCl)=CC2=O,,2.42
train,409,CMZGDYNQDLJOJS-UHFFFAOYSA-N,COc1cnc2c(n1)C(=O)C=C(c1ncc(C)o1)C2=O,,2.0
train,3137,VCFDWUNZEOKEEZ-UHFFFAOYSA-N,CC(O)=Nc1ncc(C2=C(c3cnc(N=C(C)O)[nH]3)C(=O)c3nc(C#N)c(C#N)cc3C2=O)[nH]1,,0.83
train,1754,LOAWPYJYXZFOSN-UHFFFAOYSA-N,N#Cc1nc2c(nc1C#N)C(=O)C(c1ncc([N+](=O)[O-])cn1)=C(c1ncc([N+](=O)[O-])cn1)C2=O,,3.16
train,650,FESLXTJBIMHNCH-UHFFFAOYSA-N,CN(C)c1nnc(C2=C(c3nnc(N(C)C)nn3)C(=O)c3nc(C#N)c(C#N)cc3C2=O)nn1,,1.88
train,411,CNFCYQRJBPHKNL-UHFFFAOYSA-N,COc1ccc(C2=CC(=O)c3nccnc3C2=O)nc1,,1.98
train,1303,IVTLFKKCZXXRHZ-UHFFFAOYSA-N,N#Cc1ccnc2c1C(=O)C(c1ccc(C(F)(F)F)s1)=CC2=O,,2.38
train,1787,LSQNFWBHTTXLGX-UHFFFAOYSA-N,N#Cc1cc2c(nc1C#N)C(=O)C(c1cc(F)c[nH]1)=C(c1cc(F)c[nH]1)C2=O,,1.2
train,5189,OHKUWBUYOWDFJP-UHFFFAOYSA,C#CON1c2ccccc2N(C(F)(F)F)c2ccccc21,,1.21
train,2966,UJTPAGLOIMHOGH-UHFFFAOYSA-N,N#Cc1ccc2c(n1)C(=O)C(c1ncc(O)cn1)=C(c1ncc(O)cn1)C2=O,,2.4
train,4112,FOQHCNMSSJDDTD-UHFFFAOYSA-N,N#Cc1cc(C#CO)c(C#N)c(C#CO)c1,,2.09
train,1165,IFDWRZFYCDFABX-UHFFFAOYSA-N,Cc1c[nH]c(C2=CC(=O)c3nc(C#N)ccc3C2=O)c1,,1.44
train,90,AMGSQRBTYUVMJT-UHFFFAOYSA-N,Cc1ccc(C2=C(c3ccc(C)s3)C(=O)c3ncccc3C2=O)s1,,1.28
train,1975,MPTXELSGRNXEDD-UHFFFAOYSA-N,CC(O)=Nc1ccc(C2=CC(=O)c3nccc(C#N)c3C2=O)nc1,,1.8
train,31,AEUJAKNTILPWHV-UHFFFAOYSA-N,COc1ccc2c(n1)C(=O)C=C(c1cnc(F)[nH]1)C2=O,,1.85
train,3629,XYRMERQSCKPZEO-UHFFFAOYSA-N,N#Cc1cnc2c(n1)C(=O)C(c1ccc(S)cn1)=C(c1ccc(S)cn1)C2=O,,1.77
train,5308,PZGFQSCUTNXOOM-UHFFFAOYSA,Oc1ccc([nH]1)c1ccc(cc1)N1c2ccc(cc2C(c2c1ccc(c2)c1ccc(cc1)c1cc[nH]c1)(C)C)c1ccc(cc1)C1=NN=[C](=N[N]1)OC(F)(F)F,,0.64
train,4533,NCDMQYQHPCGCCS-UHFFFAOYSA-N,c1csc(C2N=N2)c1,,1.73
train,4963,XOWBFOLEPIDIHX-UHFFFAOYSA-N,Cc1ccc(-c2ccc3c(c2)C(=O)c2cc(-c4ccc(C)n4C=O)ccc2C3=O)n1C=O,,1.42
train,4407,KTOKHRZFCPOKGT-UHFFFAOYSA-N,Fc1nnc(C2(F)N=N2)nn1,,3.05
train,5341,FFVRQNDHLOABKC-UHFFFAOYSA,Cc1ccc(-c2ccc3c(c2)C(C)(C)c2cc(-c4ccc(F)cc4)ccc2N3c2ccc(C(F)(F)F)cc2)cc1,,0.75
train,4828,UOLWBYCRPRFVKR-ISLYRVAYSA-N,SC#Cc1ccc(N=Nc2ccc(C#CS)cc2)cc1,,1.3
train,4975,XWINHINTUGRJJI-UHFFFAOYSA-N,Cc1cnc(-c2cc(C#N)cc(-c3ncc(C)o3)c2C#N)o1,,-0.96
train,2640,QWFVYYWJKLBMLC-UHFFFAOYSA-N,N#Cc1cnc2c(c1C#N)C(=O)C(c1ncc(Cl)s1)=C(c1ncc(Cl)s1)C2=O,,1.91
train,4897,WHSJFSWUVLXVTP-UHFFFAOYSA-N,FC(F)(F)OC=CC1(OC(F)(F)F)N=N1,,2.58
train,136,AQLPHAVJTIZXLQ-UHFFFAOYSA-N,COc1cnc2c(c1)C(=O)C(c1ncc(OC(F)(F)F)s1)=CC2=O,,2.12
train,5440,JEWLKWRLQHVUED-UHFFFAOYSA,O=c1oc2cc(-c3cccc(S)c3)ccc2c2cc3ccccc3c(-c3ccc(OC(F)(F)F)o3)c12,,1.5
train,103,ANOQDCSITIOSDY-UHFFFAOYSA-N,COc1ccc2c(n1)C(=O)C=C(c1ccc(Cl)o1)C2=O,,1.76
train,4541,NGEYNIDQBALANX-OCEACIFDSA-N,FC(F)(F)Oc1ccc(-c2ccc(N=Nc3ccc(-c4ccc(OC(F)(F)F)s4)s3)s2)s1,,0.86
train,916,HAQIMPATVYAJOX-UHFFFAOYSA-N,N#Cc1ccc2c(n1)C(=O)C=C(c1nnc(OC(F)(F)F)nn1)C2=O,,2.71
train,1061,HUESOJOKVUZGTA-UHFFFAOYSA-N,N#Cc1cnc2c(n1)C(=O)C(c1cc(O)c[nH]1)=C(c1cc(O)c[nH]1)C2=O,,0.83
train,2405,ORVKHOBFAJVIEO-UHFFFAOYSA-N,N#Cc1ccc(C2=C(c3ccc(C#N)n3C=O)C(=O)c3nccnc3C2=O)n1C=O,,2.23
train,3605,XWDKFCJPTHHPCH-UHFFFAOYSA-N,N#Cc1cnc(C2=CC(=O)c3nccc(C#N)c3C2=O)s1,,2.68
train,1547,JZWOHHYNOTZMNZ-UHFFFAOYSA-N,CC(O)=Nc1ccc(C2=C(c3ccc(N=C(C)O)cc3)C(=O)c3nc(C#N)cnc3C2=O)cc1,,1.49
train,3359,WSZISYQHIDJJGO-UHFFFAOYSA-N,N#Cc1coc(C2=CC(=O)c3nc(C#N)c(C#N)cc3C2=O)n1,,2.92
train,2284,OCZRZFRLLBURCX-UHFFFAOYSA-N,N#Cc1cc(C#N)c2c(n1)C(=O)C(C1=CC=C(Cl)C1)=C(C1=CC=C(Cl)C1)C2=O,,1.21
train,2796,RXHQHSQRDNMFCM-UHFFFAOYSA-N,COc1ccc(C2=CC(=O)c3ncc(C#N)nc3C2=O)[nH]1,,1.19
train,5201,SNQBSRPEIPXQPY-UHFFFAOYSA,C=NCN1c2ccccc2N(c2cnc(Cl)nc2)c2ccccc21,,1.04
train,4855,VFZRSEVIRWTEIO-FLWNBWAVSA-N,FC(F)(F)Oc1ccc(-c2ccc(N=Nc3ccc(-c4ccc(OC(F)(F)F)cn4)s3)s2)nc1,,1.05
train,1650,KLVUJPPJFONWBX-UHFFFAOYSA-N,COc1ccc(C2=CC(=O)c3nccnc3C2=O)s1,,1.47
train,2899,SIVRFSZJCNVBSC-UHFFFAOYSA-N,O=C1C(c2nnc(OC(F)(F)F)nn2)=CC(=O)c2ncccc21,,2.61
train,22,ADEVWSHVRHUQHM-UHFFFAOYSA-N,CC1=CC=C(C2=CC(=O)c3nccc(C#N)c3C2=O)C1,,1.29
train,3079,UWIFZGDZVWCULX-UHFFFAOYSA-N,N#Cc1cnc2c(n1)C(=O)C(c1ncc(O)cn1)=CC2=O,,2.54
train,3479,XGTAHSYGBDDDDK-UHFFFAOYSA-N,N#Cc1ccc2c(n1)C(=O)C=C(c1ccc(Cl)cc1)C2=O,,2.33
train,797,GMSRLLRRZWSBKR-UHFFFAOYSA-N,N#Cc1cnc2c(n1)C(=O)C(C1=CC=C(OC(F)(F)F)C1)=C(C1=CC=C(OC(F)(F)F)C1)C2=O,,1.13
train,4527,MZMKKUGPMQLOMG-FLWNBWAVSA-N,FC(F)(F)c1cnc(-c2ccc(N=Nc3ccc(-c4ncc(C(F)(F)F)s4)cc3)cc2)s1,,1.51
train,5078,ZSDOCOXSBBIHBE-WCWDXBQESA-N,Cn1cccc1-c1ccc(N=Nc2ccc(-c3cccn3C)cc2)cc1,,0.94
train,445,CTRDSLWKUGLYAY-UHFFFAOYSA-N,COc1cnc2c(n1)C(=O)C=C(c1ccc(Cl)o1)C2=O,,1.81
train,1162,IEXWPOCIFMLPBS-UPHRSURJSA-N,N#CC=CC1=CC(=O)c2nc(C#N)cnc2C1=O,,3.16
train,3908,AFVMCDTWPLMQCF-HSFFGMMNSA-N,N#CC=Cc1ccc2c(c1)C(=O)c1cc(C=CC#N)ccc1C2=O,,2.55
train,2150,NKVAUWUEICEPSA-UHFFFAOYSA-N,N#Cc1ccnc2c1C(=O)C(n1cc(S)nn1)=CC2=O,,2.14
train,1977,MQAQOPDDIGNELL-UHFFFAOYSA-N,CC(O)=NC1=CC=C(C2=CC(=O)c3nc(C#N)cnc3C2=O)C1,,0.98
train,4237,HUYVLLDGZAKITM-FMQUCBEESA-N,O=S1(=O)C(F)=CC=C1c1ccc(N=Nc2ccc(C3=CC=C(F)S3(=O)=O)s2)s1,,1.28
train,1449,JOIGQYDJLRMOSI-UHFFFAOYSA-N,N#Cc1cnc2c(c1)C(=O)C(n1cc(Cl)c3ccccc31)=C(n1cc(Cl)c3ccccc31)C2=O,,1.36
train,4104,FLRPEPFPWMZKJY-UHFFFAOYSA-N,Oc1cnc(C2(O)N=N2)nc1,,2.24
train,4016,CNTZVJORLKGWJZ-UHFFFAOYSA-N,N#Cc1ncc(C2(C#N)N=N2)[nH]1,,2.58
train,95,AMUUVSGAEWBSTC-GLIMQPGKSA-N,COc1nc2c(nc1OC)C(=O)C(C=CC#N)=C(C=CC#N)C2=O,,2.36
train,5364,QJFRCBNDBUCZDG-HSRNTDFQSA,CC1=CC(c2ccc(N3c4ccc(-c5ccc(/C=N\C#N)cc5)cc4C(C)(C)c4cc(-c5ccc(-c6cc(C)[nH]n6)cc5)ccc43)cc2)=CS1(=O)=O,,0.86
train,1744,LMNJGTZCUQRKDX-ARJAWSKDSA-N,N#Cc1ccc2c(n1)C(=O)C=C(C=COC(F)(F)F)C2=O,,2.55
train,4070,DTJBCVXBRQXSPJ-QJUDHZBZSA-N,CON=Cc1ccc2c(c1)C(=O)c1cc(C=NOC)ccc1C2=O,,2.14
train,305,BYMKLUIBOZOGMS-UHFFFAOYSA-N,N#Cc1ccnc2c1C(=O)C(c1ccc(F)cc1)=CC2=O,,2.37
train,2912,SKEBXAVIVQGGHS-UHFFFAOYSA-N,COc1cnc2c(c1)C(=O)C(c1nnc(O)nn1)=CC2=O,,2.4
train,3291,WLKQGHLAFXHKDS-UHFFFAOYSA-N,N#Cc1cc2c(nc1C#N)C(=O)C=C(c1cc(OC(F)(F)F)c[nH]1)C2=O,,1.71
train,1208,IKZKPKRXSSVPKA-UHFFFAOYSA-N,O=C1C(c2ccc([N+](=O)[O-])cn2)=CC(=O)c2ncccc21,,3.0
train,2185,NONRKJLKKHMQFR-UHFFFAOYSA-N,COc1nc2c(nc1OC)C(=O)C(c1nc([N+](=O)[O-])co1)=CC2=O,,2.44
train,1160,IEVRVBGDLUKNLQ-UHFFFAOYSA-N,COc1ccnc2c1C(=O)C(c1ncc(OC(F)(F)F)s1)=CC2=O,,2.16
train,2329,OJFSGRLVLXRNHK-UHFFFAOYSA-N,CN(C)c1cnc(C2=CC(=O)c3ncccc3C2=O)s1,,0.97
train,4506,MSRWQLFVIGKNSX-UHFFFAOYSA-N,Sc1ncc(C2(S)N=N2)[nH]1,,1.46
train,4249,HZNVMDNUFYWAFJ-FMQUCBEESA-N,Fc1nnc(-c2ccc(N=Nc3ccc(-c4nnc(F)nn4)cc3)cc2)nn1,,1.97
train,4169,GORPVCDQCLQTHL-DPKLHXOTSA-N,N=Cc1ccc(N=Nc2ccc(C=N)cc2)cc1,,1.57
train,4288,IOHSENADRIONCF-UHFFFAOYSA-N,COc1ccc(-c2ccc3c(c2)C(=O)c2cc(-c4ccc(OC)s4)ccc2C3=O)s1,,1.26
train,3109,UZPLEPBQSFWOKM-UHFFFAOYSA-N,N#Cc1cnc2c(n1)C(=O)C(c1ccc(Cl)[nH]1)=C(c1ccc(Cl)[nH]1)C2=O,,1.05
train,3385,WWAOOBAZDCNQOF-UHFFFAOYSA-N,N#Cc1ccnc2c1C(=O)C(c1ccc(C(F)(F)F)cc1)=C(c1ccc(C(F)(F)F)cc1)C2=O,,2.52
train,1780,LSGRLHQKWICHJB-UHFFFAOYSA-N,N#Cc1ccnc2c1C(=O)C(c1cc([N+](=O)[O-])c[nH]1)=CC2=O,,2.15
train,2674,RJPUVNWRUNVWJQ-UHFFFAOYSA-N,COc1ccc2c(n1)C(=O)C=C(c1ncc(Cl)s1)C2=O,,2.08
train,1470,JRYOTNQUGRAEHO-UHFFFAOYSA-N,CN(C)c1nccn1C1=CC(=O)c2nccnc2C1=O,,0.96
train,4577,OBWLDFQPPSNMJS-OCEACIFDSA-N,FC(F)(F)Oc1ccc(-c2ccc(N=Nc3ccc(-c4ccc(OC(F)(F)F)s4)o3)o2)s1,,0.74
train,1875,MCWPDLPJYBZRFB-UHFFFAOYSA-N,N#Cc1cnc2c(n1)C(=O)C(c1ccc(F)n1C=O)=C(c1ccc(F)n1C=O)C2=O,,1.48
train,3815,ZLGFVJJRNMFBDD-UHFFFAOYSA-N,Cc1ccc(C2=C(c3ccc(C)cn3)C(=O)c3nc(C#N)cnc3C2=O)nc1,,2.05
train,4627,PANPSQAOXIJIMP-UHFFFAOYSA-N,O=C1c2ccc(-c3nc(F)co3)cc2C(=O)c2cc(-c3nc(F)co3)ccc21,,2.15
train,2688,RKVOYLNGJLOAQR-UHFFFAOYSA-N,COc1cnc2c(n1)C(=O)C=C(c1nccs1)C2=O,,2.21
train,857,GUFUITHLJVOYHN-UHFFFAOYSA-N,CN(C)c1csc(C2=CC(=O)c3nc(C#N)c(C#N)cc3C2=O)n1,,1.01
train,3756,ZDOIBNZLHGCLJB-UHFFFAOYSA-N,N#Cc1cnc2c(c1C#N)C(=O)C(c1ccc(Cl)s1)=CC2=O,,2.0
train,1800,LUEMJUPRCNMDFE-UHFFFAOYSA-N,N#Cc1cnc2c(c1)C(=O)C(C#C[N+](=O)[O-])=C(C#C[N+](=O)[O-])C2=O,,3.4
train,1313,IWXSTZOGNACUPV-UHFFFAOYSA-N,N#Cc1cnc2c(n1)C(=O)C(c1nc(Cl)co1)=C(c1nc(Cl)co1)C2=O,,2.26
train,5499,WLNFLGTUXYTNAK-UHFFFAOYSA,Cc1ccc(-c2c3ccccc3cc3c2c(=O)oc2cc(S)ccc23)o1,,1.23
train,4489,MIIAYZFCAJVJNG-OCEACIFDSA-N,FC(F)(F)Oc1ccc(-c2ccc(N=Nc3ccc(-c4ccc(OC(F)(F)F)o4)o3)o2)o1,,0.81
train,1880,MDMIFGZIUINBIJ-UHFFFAOYSA-N,N#Cc1cc2c(nc1C#N)C(=O)C=C(c1ccc(S)n1C=O)C2=O,,1.64
train,4295,IQJQNCVMTQSAEI-UHFFFAOYSA-N,N#Cc1cc(-c2cnc(Cl)[nH]2)c(C#N)c(-c2cnc(Cl)[nH]2)c1,,-0.88
train,2558,PQNVGSOIADTDJV-UHFFFAOYSA-N,N#Cc1cc2c(nc1C#N)C(=O)C=C(c1ccc(C(F)(F)F)cc1)C2=O,,2.82
train,4623,OXUHTKDSGIJJDH-UHFFFAOYSA-N,N#Cc1cc(-c2ccc(F)s2)c(C#N)c(-c2ccc(F)s2)c1,,-0.98
train,4908,WQCJHDAKUJEHEI-VHXPQNKSSA-N,Sc1ncc(-c2ccc(N=Nc3ccc(-c4cnc(S)[nH]4)cc3)cc2)[nH]1,,0.94
train,2019,MUWCCVNSEOFSSL-UHFFFAOYSA-N,N#Cc1ccnc2c1C(=O)C(c1cc(Cl)c[nH]1)=CC2=O,,1.63
train,5305,OXZQMMIQOREXHT-UHFFFAOYSA,CC1(C)c2cc(-c3ccc(OC(F)(F)F)cc3)ccc2N(c2ccc(OC(F)(F)F)cc2)c2ccc(-c3ccc(OC(F)(F)F)cc3)cc21,,0.85
train,957,HGAOLUTYHKQTDJ-UHFFFAOYSA-N,CC(O)=Nc1csc(C2=CC(=O)c3nc(C#N)cc(C#N)c3C2=O)n1,,1.62
train,2190,NPFMFILJHUPZMO-UHFFFAOYSA-N,N#Cc1cnc2c(c1C#N)C(=O)C(c1ccc([N+](=O)[O-])n1C=O)=CC2=O,,2.69
train,4061,DOYKZRSTVHQBTJ-UHFFFAOYSA-N,COc1ccc(-c2cc(C#N)cc(-c3ccc(OC)cc3)c2C#N)cc1,,1.69
train,3723,YZJGGOGBUGBBLZ-LNKIKWGQSA-N,N#Cc1nc2c(nc1C#N)C(=O)C(C=NS)=CC2=O,,2.44
train,5285,GOACLLBMEUUEDS-UHFFFAOYSA,CC1(C)c2cc(-c3ccc(-c4ccccc4)cc3)ccc2N(c2ccc(-c3ccccc3)cc2)c2ccc(-c3ccc(-c4ccccc4)cc3)cc21,,0.68
train,1719,LJVDVKNAZUDPOP-WPXFVRNCSA-N,N#Cc1ccc2c(n1)C(=O)C(C=NO)=C(C=NO)C2=O,,2.71
train,591,DXTHZOXXRIDRTF-UHFFFAOYSA-N,N#Cc1ccnc2c1C(=O)C(c1ccc(O)cn1)=CC2=O,,2.15
train,5422,GQNAOJWTNOSXJO-UHFFFAOYSA,N#Cc1cccc(-c2ccc3c(c2)oc(=O)c2c(-c4csc(S)c4)c4ccccc4cc23)n1,,1.41
train,887,GXBOVMAFULDXJR-UHFFFAOYSA-N,C#CC1=CC(=O)c2nc(C#N)ccc2C1=O,,3.15
train,4341,JRCLSXPISYNIOZ-DQRAZIAOSA-N,Sc1cnc(-c2ccc(N=Nc3ccc(-c4ncc(S)o4)cc3)cc2)o1,,1.29
train,1842,LZBHIZJFTBWNBP-UHFFFAOYSA-N,CN(C)c1c[nH]c(C2=CC(=O)c3nc(C#N)cc(C#N)c3C2=O)c1,,0.72
train,2758,RSTFWOJXVNBKNP-UHFFFAOYSA-N,N#Cc1cnc2c(n1)C(=O)C(c1ccc(O)[nH]1)=CC2=O,,1.18
train,5441,JGUMXKCJLKWHRY-UHFFFAOYSA,COc1nc(-c2c3ccccc3cc3c2c(=O)oc2cc(CO)ccc23)cs1,,1.45
train,509,DNNKBXFGQLVPHD-UHFFFAOYSA-N,N#Cc1ccc2c(n1)C(=O)C=C(c1cc(F)c[nH]1)C2=O,,1.64
train,4669,QHSOOYGDUFCIRX-OCEACIFDSA-N,FC(F)(F)c1ccc(-c2ccc(N=Nc3ccc(-c4ccc(C(F)(F)F)s4)o3)o2)s1,,0.97
train,828,GQUQJYOWIWIEMR-UHFFFAOYSA-N,COc1nc2c(nc1OC)C(=O)C(c1nnc(N=C(C)O)nn1)=CC2=O,,1.95
train,5133,SESVDCWNTFEAMJ-UHFFFAOYSA,N#Cc1nc(N2c3ccccc3N(c3ccncn3)c3ccccc32)cs1,,0.58
train,2528,PFXTZQOIUWAKGR-UHFFFAOYSA-N,N#Cc1cnc2c(n1)C(=O)C(n1cc(C(F)(F)F)nn1)=CC2=O,,3.39
train,3821,ZMIAXYXGMIFNDF-UHFFFAOYSA-N,Cn1c(F)ccc1C1=C(c2ccc(F)n2C)C(=O)c2nc(C#N)cnc2C1=O,,1.1
train,1512,JWEXJVGNOAJKFU-UHFFFAOYSA-N,O=C1C(c2cnc[nH]2)=CC(=O)c2ncccc21,,1.88
train,1049,HSTJOOCJOCAZEF-UHFFFAOYSA-N,N#Cc1cnc2c(c1)C(=O)C(c1ncco1)=C(c1ncco1)C2=O,,2.21
train,1751,LNTNDHOAXYEOBF-UHFFFAOYSA-N,N#Cc1cc(C#N)c2c(n1)C(=O)C(c1cc(O)c[nH]1)=C(c1cc(O)c[nH]1)C2=O,,0.84
train,2412,OSOQTFCFROPJPX-UHFFFAOYSA-N,N#Cc1ccnc2c1C(=O)C(c1nnc(O)nn1)=CC2=O,,2.45
train,4796,TYSAMMJUPXREMB-UHFFFAOYSA-N,COC1=CC=C(c2ccc3c(c2)C(=O)c2cc(C4=CC=C(OC)C4)ccc2C3=O)C1,,0.71
train,302,BYENIHGRKWLKKM-UHFFFAOYSA-N,CN(C)c1ccc(C2=CC(=O)c3ncc(C#N)nc3C2=O)s1,,1.0
train,5539,PBWUMLRESJFXEM-UHFFFAOYSA,Clc1ccc(N2c3ccccc3Sc3ccccc32)[nH]1,,0.7
train,4714,RDRGFNYXWJFASY-WCWDXBQESA-N,Clc1ccc(-c2ccc(N=Nc3ccc(-c4ccc(Cl)cc4)o3)o2)cc1,,0.86
train,838,GRXWKUUWBPQTQG-UHFFFAOYSA-N,Cc1cnc(C2=CC(=O)c3ncccc3C2=O)o1,,2.03
train,186,AXVHNAXAEBNICB-UHFFFAOYSA-N,N#Cc1cnc2c(n1)C(=O)C=C(C1=CC=C(Cl)C1)C2=O,,1.77
train,5187,OCFGCGMHYBLONR-UHFFFAOYSA,C=CSN1c2ccccc2N(c2ccc(O)cc2)c2ccccc21,,0.35
train,1421,JLGZKLDDVFCRQQ-ONEGZZNKSA-N,COC=CC1=CC(=O)c2ncc(OC)cc2C1=O,,1.78
train,1524,JXGCEULOOYSHGJ-UHFFFAOYSA-N,N#Cc1ccc2c(n1)C(=O)C=C(c1cccs1)C2=O,,1.97
train,3413,WYZQICWOFNKSEX-UHFFFAOYSA-N,N#Cc1nc2c(nc1C#N)C(=O)C(c1ccc(O)cn1)=C(c1ccc(O)cn1)C2=O,,1.89
train,3884,ZSYBDESATPYNIX-UHFFFAOYSA-N,N#Cc1cnc2c(c1)C(=O)C(c1cccn1C=O)=CC2=O,,1.93
train,334,CCUUGONWKXPNOH-UHFFFAOYSA-N,COc1cnc2c(c1)C(=O)C(c1ncc(O)cn1)=CC2=O,,2.38
train,1043,HSEKUGWRKLASGB-UHFFFAOYSA-N,COc1ccc(C2=C(c3ccc(OC)cc3)C(=O)c3nccnc3C2=O)cc1,,1.44
train,388,CJHXGBLFUZRFSR-UHFFFAOYSA-N,O=C1C=C(c2ccc([N+](=O)[O-])cn2)C(=O)c2nccnc21,,3.0
train,2746,RRFJCFKYEQWZOD-UHFFFAOYSA-N,N#Cc1cnc2c(c1C#N)C(=O)C(c1nnc(S)nn1)=C(c1nnc(S)nn1)C2=O,,2.5
train,3039,UROXJWQTVNLFED-UHFFFAOYSA-N,N#Cc1cc2c(nc1C#N)C(=O)C(c1ncc([N+](=O)[O-])o1)=C(c1ncc([N+](=O)[O-])o1)C2=O,,3.18
train,4105,FLYDYOBHEKLJCG-FMQUCBEESA-N,CC#Cc1ccc(N=Nc2ccc(C#CC)cc2)cc1,,1.6
train,4728,RNGIHWTUKBPIRR-OCEACIFDSA-N,Oc1ccc(-c2ccc(N=Nc3ccc(-c4ccc(O)cc4)cc3)cc2)cc1,,1.22
train,4185,GUAZFJWBAQFCFA-MVJHLKBCSA-N,FC(F)(F)Oc1c[nH]c(-c2ccc(N=Nc3ccc(-c4cc(OC(F)(F)F)c[nH]4)cc3)cc2)c1,,1.0
train,2676,RJSOSGPFYVKOQW-UHFFFAOYSA-N,COc1cnc(C2=CC(=O)c3nc(C#N)c(C#N)cc3C2=O)nc1,,2.4
train,1764,LPWZMHKDOIDCTF-UHFFFAOYSA-N,COc1nc2c(nc1OC)C(=O)C(c1ccc(C(F)(F)F)o1)=CC2=O,,2.25
train,4274,IHVKFDMDQIUKRT-UHFFFAOYSA-N,N#CC1=CC=C(c2cc(C#N)cc(C3=CC=C(C#N)C3)c2C#N)C1,,-0.69
train,5158,BXNXZRFHJZUEKE-UHFFFAOYSA,C#COCN1c2ccccc2N(c2coc(OC(F)(F)F)n2)c2ccccc21,,0.6
train,4144,GBDNHOJKOIHPMC-UHFFFAOYSA-N,O=C1c2ccc(-c3cc([N+](=O)[O-])c[nH]3)cc2C(=O)c2cc(-c3cc([N+](=O)[O-])c[nH]3)ccc21,,1.84
train,4060,DOUDWFHYHKDFGA-UHFFFAOYSA-N,N#Cc1cc(-c2ccc(O)[nH]2)c(C#N)c(-c2ccc(O)[nH]2)c1,,-1.36
train,3962,BFXHBNJIWVYUCK-FLWNBWAVSA-N,FC(F)(F)Oc1ccc(-c2ccc(N=Nc3ccc(-c4ccc(OC(F)(F)F)cc4)s3)s2)cc1,,0.89
train,1745,LMXJYOORIYGCSC-UHFFFAOYSA-N,N#Cc1cc2c(nc1C#N)C(=O)C(c1ncc([N+](=O)[O-])cn1)=C(c1ncc([N+](=O)[O-])cn1)C2=O,,3.11
train,3152,VDWFOWPKBKGEOR-UHFFFAOYSA-N,COc1cnc2c(n1)C(=O)C=C(c1ccc(OC(F)(F)F)s1)C2=O,,1.87
train,4324,JEYOKIDLPPCNTF-UHFFFAOYSA-N,Fc1ncc(C2(F)N=N2)[nH]1,,2.14
train,1523,JXFKRKNPKRLJPE-UHFFFAOYSA-N,COc1cnc2c(c1)C(=O)C(c1cccn1C=O)=CC2=O,,1.89
train,880,GWJBDLLQKDRZNR-UHFFFAOYSA-N,COc1ccc2c(n1)C(=O)C=C(c1ccc([N+](=O)[O-])n1C)C2=O,,2.2
train,3569,XRBWLSOPFNCLMX-UPHRSURJSA-N,N#Cc1cnc2c(n1)C(=O)C(C=COC(F)(F)F)=CC2=O,,2.63
train,5150,XPTGWYJIDAPUPZ-UHFFFAOYSA,N#Cc1csc(N2c3ccccc3N(c3ccsc3C(F)(F)F)c3ccccc32)n1,,0.66
train,2797,RXPBZZMDSYIHRE-UHFFFAOYSA-N,COc1ccc2c(n1)C(=O)C=C(c1ccc(C(F)(F)F)cc1)C2=O,,2.49
train,1457,JPSOMSWIUSJSAA-UHFFFAOYSA-N,CC(O)=Nc1ccc(C2=CC(=O)c3ncc(C#N)cc3C2=O)n1C=O,,1.32
train,3617,XXJPLSNBMGOZHJ-UHFFFAOYSA-N,N#Cc1c[nH]c(C2=CC(=O)c3nc(C#N)cnc3C2=O)c1,,2.04
train,1794,LTTYFYKSNFODAK-UHFFFAOYSA-N,CN(C)c1c[nH]c(C2=C(c3cc(N(C)C)c[nH]3)C(=O)c3c(C#N)cc(C#N)nc3C2=O)c1,,0.27
train,566,DUGDJGRIFWEVCG-UHFFFAOYSA-N,N#Cc1ccc2c(n1)C(=O)C(n1cc(Cl)c3ccccc31)=C(n1cc(Cl)c3ccccc31)C2=O,,1.56
train,5046,ZBCUWYGPFYFBOD-UHFFFAOYSA-N,N#Cc1cc(-c2nc(C(F)(F)F)co2)c(C#N)c(-c2nc(C(F)(F)F)co2)c1,,-0.58
train,1188,IJSWKEHIOOEJMF-UHFFFAOYSA-N,COc1cnc2c(c1)C(=O)C(C#CN=C(C)O)=CC2=O,,2.05
train,4226,HQKAQFXKDDDRRA-UHFFFAOYSA-N,Cc1cnc(C2(C)N=N2)s1,,1.84
train,5386,ZHUWNDBCSRJJJG-UHFFFAOYSA,Cc1cc(-c2ccc(-c3ccc4c(c3)C(C)(C)c3cc(-c5ccc(-c6cnc(Cl)o6)cc5)ccc3N4c3ccc(-c4cc(C#N)[nH]n4)cc3)cc2)cn1C=O,,0.69
train,5276,YXUKCFVBJCIIMJ-UHFFFAOYSA,FC(F)(F)c1cc(N2c3ccccc3N(c3ccoc3C(F)(F)F)c3ccccc32)co1,,0.47
train,909,GZYRUKSFYRTLAI-UHFFFAOYSA-N,COc1ccc(C2=C(c3ccc(OC)[nH]3)C(=O)c3c(C#N)cc(C#N)nc3C2=O)[nH]1,,0.51
train,2345,OKNIGUOJSUBWMJ-UHFFFAOYSA-N,O=C1C(c2ccc(OC(F)(F)F)s2)=CC(=O)c2ncccc21,,2.01
train,1051,HSWZROSQEKNZNB-UHFFFAOYSA-N,N#Cc1cc2c(nc1C#N)C(=O)C(c1nc(C(F)(F)F)cs1)=C(c1nc(C(F)(F)F)cs1)C2=O,,2.37
train,899,GYDGOQUVYZXRPL-UHFFFAOYSA-N,N#Cc1cnc2c(c1)C(=O)C(c1cc(OC(F)(F)F)c[nH]1)=CC2=O,,1.73
train,5134,SFRVYMFRQWMNRP-ACCUITESSA,CO/C=C/N1c2ccccc2N(c2ccoc2S)c2ccccc21,,0.25
train,5512,YUQCEFVFECUTJZ-UHFFFAOYSA,O=c1oc2cc(-c3ccc(OC(F)(F)F)[nH]3)ccc2c2cc3ccccc3c(C3=CS(=O)(=O)C(OC(F)(F)F)=C3)c12,,1.1
train,4092,FFIFBLGISSNFML-ISLYRVAYSA-N,Oc1nnc(-c2ccc(N=Nc3ccc(-c4nnc(O)nn4)cc3)cc2)nn1,,1.83
train,3895,AAVCLCWJGYZTDA-DQRAZIAOSA-N,Sc1ccc(-c2ccc(N=Nc3ccc(-c4ccc(S)cn4)s3)s2)nc1,,0.86
train,5397,AHEBBHZXVGYOIV-UHFFFAOYSA,O=c1oc2cc(-c3cccc(S)n3)ccc2c2cc3ccccc3c(-c3cc[nH]n3)c12,,1.45
train,5329,BVOXXBUZZOWXHF-UHFFFAOYSA,COc1ccc(-c2ccc(-c3ccc4c(c3)C(C)(C)c3cc(-c5ccc(-c6ccc(OC)o6)cc5)ccc3N4c3ccc(-c4ccc(OC)o4)cc3)cc2)o1,,0.55
train,4221,HNDZSZIWHLZPFS-UHFFFAOYSA-N,N#Cc1cc(-c2ccc(OC(F)(F)F)s2)c(C#N)c(-c2ccc(OC(F)(F)F)s2)c1,,-1.0
train,3405,WXYRMFNUNVXKOA-UHFFFAOYSA-N,N#Cc1cnc2c(c1)C(=O)C(C#CCl)=CC2=O,,3.41
train,592,DYDLYZRPVCMQBJ-UHFFFAOYSA-N,N#Cc1cnc2c(n1)C(=O)C(c1ccccn1)=C(c1ccccn1)C2=O,,2.36
train,2357,OLUBWNIDLHVPBO-UHFFFAOYSA-N,N#Cc1coc(C2=C(c3nc(C#N)co3)C(=O)c3c(C#N)ccnc3C2=O)n1,,2.78
train,2279,OCECTWNRXOESNY-UHFFFAOYSA-N,N#Cc1cnc2c(c1C#N)C(=O)C(c1cnc(C(F)(F)F)[nH]1)=CC2=O,,2.36
train,4658,PWQDOXXFWMIDOV-UHFFFAOYSA-N,N#Cc1cc(-c2ncc(Cl)s2)c(C#N)c(-c2ncc(Cl)s2)c1,,-0.79
train,713,FMNUBJZUIPOVAW-UHFFFAOYSA-N,COc1cn(C2=CC(=O)c3nc(C#N)c(C#N)nc3C2=O)c2ccccc12,,1.24
train,667,FGYOZVUTJNDGGY-UHFFFAOYSA-N,N#Cc1cnc2c(c1C#N)C(=O)C(c1ccc[nH]1)=C(c1ccc[nH]1)C2=O,,1.04
train,892,GXOHUEZHCOTJNA-UHFFFAOYSA-N,COc1nc2c(nc1OC)C(=O)C(c1ncc(OC(F)(F)F)o1)=CC2=O,,2.17
train,2182,NOEZGHXFIRJZRB-UHFFFAOYSA-N,O=C1C(c2ncc(S)o2)=C(c2ncc(S)o2)C(=O)c2ncccc21,,1.57
train,4024,CPZQZSGJUBMNHH-UHFFFAOYSA-N,N#Cc1cc(-c2cccs2)c(C#N)c(-c2cccs2)c1,,1.89
train,2056,MZPFCEZWPJDHQA-UHFFFAOYSA-N,CN(C)c1ncc(C2=CC(=O)c3ncc(C#N)c(C#N)c3C2=O)[nH]1,,1.07
train,4343,JSUHZLWWIINXDU-UHFFFAOYSA-N,O=C1c2ccc(C3=CC=C([N+](=O)[O-])C3)cc2C(=O)c2cc(C3=CC=C([N+](=O)[O-])C3)ccc21,,1.85
train,3793,ZIGXICIZBRTCQV-UHFFFAOYSA-N,COc1cnc(C2=CC(=O)c3nc(C#N)c(C#N)nc3C2=O)o1,,1.72
train,4201,HCBHMKNNZIRFPS-UHFFFAOYSA-N,N#Cc1cc(-c2ncc(C(F)(F)F)cn2)c(C#N)c(-c2ncc(C(F)(F)F)cn2)c1,,2.92
train,4590,OGNWBRQHYDYTLA-OCEACIFDSA-N,FC(F)(F)Oc1cnc(-c2ccc(N=Nc3ccc(-c4ncc(OC(F)(F)F)o4)s3)s2)o1,,1.31
train,692,FJXCNZLTVDIAMI-UHFFFAOYSA-N,Cn1c(C2=C(c3ccc(C(F)(F)F)n3C)C(=O)c3nc(C#N)c(C#N)cc3C2=O)ccc1C(F)(F)F,,1.76
train,999,HMDGWPJVKMYDCT-UHFFFAOYSA-N,N#Cc1cnc(C2=CC(=O)c3ncccc3C2=O)o1,,2.7
train,3207,WAQHAQBUIUPHBD-UHFFFAOYSA-N,COc1cnc2c(n1)C(=O)C(c1ccc(F)cn1)=C(c1ccc(F)cn1)C2=O,,2.28
train,4335,JOLFDAPIXAOLBO-UHFFFAOYSA-N,FC(F)(F)c1ccc(C2(C(F)(F)F)N=N2)o1,,2.54
train,2065,NALDRLGPBYHLGW-UHFFFAOYSA-N,N#Cc1cnc(C2=C(c3ncc(C#N)o3)C(=O)c3ncccc3C2=O)o1,,2.71
train,3459,XELXGWKKMMPWPQ-UHFFFAOYSA-N,N#Cc1ccc2c(n1)C(=O)C=C(c1nc(O)co1)C2=O,,2.02
train,4219,HMGFWPOXOGPALO-FMQUCBEESA-N,Cc1coc(-c2ccc(N=Nc3ccc(-c4nc(C)co4)o3)o2)n1,,1.07
train,2824,SAOISYLYXYGXCI-UHFFFAOYSA-N,N#Cc1cnc(C2=CC(=O)c3nc(C#N)c(C#N)nc3C2=O)o1,,2.98
train,2222,NUDKTKICRVCMTJ-UHFFFAOYSA-N,CN(C)c1nnc(C2=CC(=O)c3ncccc3C2=O)nn1,,1.83
train,3785,ZGXRWWHWRQBOTD-UHFFFAOYSA-N,CN(C)c1ccc(C2=CC(=O)c3nc(C#N)c(C#N)nc3C2=O)n1C,,0.78
train,1195,IKKKJUXJCIMQEA-UUASQNMZSA-N,COc1ccnc2c1C(=O)C(C=NN=C(C)O)=CC2=O,,1.81
train,4555,NRBURGVTCFDSMW-UHFFFAOYSA-N,c1coc(C2N=N2)n1,,2.27
train,5510,YPVDZKHCNDIGDW-UHFFFAOYSA,COc1sccc1-c1ccc2c(c1)oc(=O)c1c(-c3c[nH]c([N+](=O)[O-])c3)c3ccccc3cc12,,1.08
train,5457,MBTZZEQWIQOJMA-UHFFFAOYSA,C=COc1ccc2c(c1)oc(=O)c1c(-c3c[nH]c(OC(F)(F)F)c3)c3ccccc3cc12,,1.25
train,3488,XHZZPKXJFYDDMR-SOFYXZRVSA-N,CN(C)N=CC1=CC(=O)c2nc(C#N)c(C#N)nc2C1=O,,1.47
train,3124,VBDBRNNPPAAEJX-UHFFFAOYSA-N,N#Cc1ccc2c(n1)C(=O)C(c1ccc(OC(F)(F)F)[nH]1)=C(c1ccc(OC(F)(F)F)[nH]1)C2=O,,1.0
train,2049,MZDFLBDDZBTROC-UHFFFAOYSA-N,CC(O)=Nc1cnc(C2=CC(=O)c3nccnc3C2=O)o1,,1.55
train,500,DMOSZDBEJILZQY-UHFFFAOYSA-N,COc1cnc2c(n1)C(=O)C=C(n1cc([N+](=O)[O-])c3ccccc31)C2=O,,2.07
train,3867,ZRKUGIFACXUOKT-UHFFFAOYSA-N,COc1cnc2c(c1)C(=O)C(c1nncnn1)=CC2=O,,2.29
train,3194,VZEJNZRXHYQRQH-ONEGZZNKSA-N,CN(C)C=CC1=CC(=O)c2ncc(C#N)nc2C1=O,,1.21
train,3915,AIMQZQFEGVNVMF-VHXPQNKSSA-N,Sc1c[nH]c(-c2ccc(N=Nc3ccc(-c4cc(S)c[nH]4)cc3)cc2)c1,,0.86
train,4461,LUYGXORZJGFQST-UHFFFAOYSA-N,N#Cc1cc(C2=CC=C(F)C2)c(C#N)c(C2=CC=C(F)C2)c1,,-1.07
train,5103,GREQIGSEAICLSC-UHFFFAOYSA,C#CN1c2ccccc2N(CO)c2ccccc21,,0.55
train,3519,XLOCSCMUTPCZTP-UHFFFAOYSA-N,N#Cc1cnc2c(c1)C(=O)C(c1ncc(F)s1)=C(c1ncc(F)s1)C2=O,,1.87
train,4504,MRTMGFXVDLZQOE-OCEACIFDSA-N,FC(F)(F)c1coc(-c2ccc(N=Nc3ccc(-c4nc(C(F)(F)F)co4)s3)s2)n1,,1.45
train,4600,OKSVETFNPDSZGL-FMQUCBEESA-N,Fc1ccc(-c2ccc(N=Nc3ccc(-c4ccc(F)o4)o3)o2)o1,,0.66
train,4727,RMSOSBDUDVEPNP-UHFFFAOYSA-N,Cn1c(F)ccc1C1(F)N=N1,,1.53
train,2365,OMROHHMPJBVVRE-UHFFFAOYSA-N,N#Cc1nc2c(nc1C#N)C(=O)C(C#CF)=CC2=O,,3.34
train,2963,UJPOVUPLNNRBIR-UHFFFAOYSA-N,N#Cc1cnc2c(n1)C(=O)C(c1nnc(S)nn1)=CC2=O,,2.33
train,4134,FWJLOMIHEOSDLE-BYYHNAKLSA-N,Fc1cnc(-c2ccc(N=Nc3ccc(-c4ncc(F)cn4)cc3)cc2)nc1,,1.68
train,5265,WJYVQABYQOHJBQ-MHWRWJLKSA,C=NON1c2ccccc2N(/C=N/O)c2ccccc21,,0.68
train,2772,RUQQWZGSGSIYQF-UHFFFAOYSA-N,N#Cc1ccc2c(n1)C(=O)C=C(C1=CC=CS1(=O)=O)C2=O,,2.62
train,961,HGHXKSYHOWHCHZ-UHFFFAOYSA-N,N#Cc1cc2c(nc1C#N)C(=O)C(c1ccc(S)n1C=O)=C(c1ccc(S)n1C=O)C2=O,,1.25
train,3875,ZSCXPNPHACUQCO-UHFFFAOYSA-N,O=C1C(n2ccc3ccccc32)=C(n2ccc3ccccc32)C(=O)c2nccnc21,,1.48
train,1562,KBSUFHONJNTNRX-UHFFFAOYSA-N,COc1nc2c(nc1OC)C(=O)C(c1ncc(O)s1)=C(c1ncc(O)s1)C2=O,,1.22
train,4059,DOKRBLLIFIJKEE-UHFFFAOYSA-N,Oc1nnc(C2(O)N=N2)nn1,,2.81
train,1149,IDLGOWMJCQEOFW-UHFFFAOYSA-N,N#Cc1cnc2c(c1C#N)C(=O)C(C#CF)=C(C#CF)C2=O,,2.88
train,5310,QTHZRZZKCWVIFV-UHFFFAOYSA,CO[C]1=N[N]C(=NN=1)c1ccc(cc1)N1c2ccc(cc2C(c2c1ccc(c2)c1ccc(cc1)c1ccc[nH]1)(C)C)c1ccc(cc1)c1cncnc1,,0.67
train,4126,FTSYUBCKTHHITG-UHFFFAOYSA-N,CC#Cc1cc(C#N)cc(C#CC)c1C#N,,2.33
train,4827,UNINBBOUVKIBHT-UHFFFAOYSA-N,Cc1cnc(-c2cc(C#N)cc(-c3ncc(C)s3)c2C#N)s1,,-1.0
train,143,ARLBTHCPVNDQHW-UHFFFAOYSA-N,CC(O)=Nc1nnc(C2=CC(=O)c3nccnc3C2=O)nn1,,2.02
train,1334,JAULDNQREDCUDX-UHFFFAOYSA-N,COc1cnc2c(n1)C(=O)C(C#CCl)=C(C#CCl)C2=O,,2.32
train,4071,DTRVHNIXHIOQED-PVVPRHBSSA-N,SC=Cc1ccc(N=Nc2ccc(C=CS)cc2)cc1,,0.94
train,3925,ANZMAKQNEXXESU-UHFFFAOYSA-N,N#Cc1cc(-c2ccc(C(F)(F)F)cc2)c(C#N)c(-c2ccc(C(F)(F)F)cc2)c1,,-0.91
train,746,GEKXQFUAAKFPDN-CIIODKQPSA-N,N#Cc1ccc2c(n1)C(=O)C(C=C[N+](=O)[O-])=C(C=C[N+](=O)[O-])C2=O,,2.55
train,4052,DLENVYASMXCDEG-UHFFFAOYSA-N,O=C1c2ccc(-c3ncc(C(F)(F)F)s3)cc2C(=O)c2cc(-c3ncc(C(F)(F)F)s3)ccc21,,2.47
train,5179,KWUSBBOYTCBJLX-NTEUORMPSA,O=[N+]([O-])/N=C/N1c2ccccc2N(O)c2ccccc21,,1.2
train,3843,ZPJVYNXEPGHAMN-UHFFFAOYSA-N,N#Cc1ccc(C2=C(c3ccc(C#N)cn3)C(=O)c3ncc(C#N)cc3C2=O)nc1,,2.01
train,2460,OYMGEOGNZFEQCA-UHFFFAOYSA-N,CC(O)=Nc1cn(C2=CC(=O)c3nc(C#N)cnc3C2=O)c2ccccc12,,1.12
train,3111,UZYSZOZONSQICK-TZFCGSKZSA-N,N#Cc1cc(C#N)c2c(n1)C(=O)C(C=CC(F)(F)F)=C(C=CC(F)(F)F)C2=O,,2.93
train,3857,ZQSMPSAFFLFRCQ-UPHRSURJSA-N,N#Cc1cc2c(nc1C#N)C(=O)C=C(C=CC(F)(F)F)C2=O,,3.3
train,4513,MVBAVADLRAQYLB-FMQUCBEESA-N,Fc1cnc(-c2ccc(N=Nc3ccc(-c4ncc(F)s4)o3)o2)s1,,1.06
train,1834,LYAYQPWYHIDQQO-UHFFFAOYSA-N,N#Cc1nc2c(nc1C#N)C(=O)C(C1=CC=C(C(F)(F)F)S1(=O)=O)=C(C1=CC=C(C(F)(F)F)S1(=O)=O)C2=O,,3.1
train,1936,MKJMNMTUVHSXFD-VHUAAIQRSA-N,CN=CC1=C(C=NC)C(=O)c2nc(OC)cnc2C1=O,,1.64
train,4096,FIEWUSOXTJIAHQ-QURGRASLSA-N,N#Cc1csc(-c2ccc(N=Nc3ccc(-c4nc(C#N)cs4)o3)o2)n1,,1.38
train,3389,WWGUNFRTJRNTGS-UHFFFAOYSA-N,COc1ccc2c(n1)C(=O)C=C(c1ccc(Cl)cn1)C2=O,,2.41
train,3198,VZRXEIFOQMVRKV-UHFFFAOYSA-N,COc1nc2c(nc1OC)C(=O)C(c1nnc(OC(F)(F)F)nn1)=C(c1nnc(OC(F)(F)F)nn1)C2=O,,2.53
train,4078,DXOZHDBZUVHEKT-FMQUCBEESA-N,Cc1csc(-c2ccc(N=Nc3ccc(-c4nc(C)cs4)o3)o2)n1,,0.95
train,3844,ZPJZWAIGZXGPCU-UHFFFAOYSA-N,O=C1C(c2ccc([N+](=O)[O-])s2)=C(c2ccc([N+](=O)[O-])s2)C(=O)c2ncccc21,,2.37
train,3035,UREYFHJOYOEWEZ-UHFFFAOYSA-N,CN(C)c1nccn1C1=CC(=O)c2ncc(C#N)c(C#N)c2C1=O,,1.02
train,3264,WIDLOMZMCVMUOB-UHFFFAOYSA-N,O=C1C(c2cccs2)=C(c2cccs2)C(=O)c2nccnc21,,1.57
train,3647,YPYAYCGDWCVEEQ-UHFFFAOYSA-N,CC(O)=Nc1cn(C2=CC(=O)c3nccc(C#N)c3C2=O)nn1,,2.08
train,1986,MQTRMNCBLUIWRF-UHFFFAOYSA-N,N#Cc1cnc2c(c1C#N)C(=O)C(c1ccc(O)cn1)=CC2=O,,2.2
train,1299,IVQXZGVONRCFKE-UHFFFAOYSA-N,COc1ccc2c(n1)C(=O)C=C(c1ccco1)C2=O,,1.83
train,2955,UIXFDPAHYSVXBS-UHFFFAOYSA-N,COc1ccc(C2=CC(=O)c3nc(C#N)c(C#N)nc3C2=O)[nH]1,,1.27
train,1733,LLHCNVYNXJOCGL-UHFFFAOYSA-N,O=C1C(c2ccc(OC(F)(F)F)o2)=C(c2ccc(OC(F)(F)F)o2)C(=O)c2ncccc21,,1.31
train,1988,MRSQWWOUGIRIRR-UHFFFAOYSA-N,COc1ccnc2c1C(=O)C(C1=CC=C(Cl)C1)=CC2=O,,1.5
train,918,HAUIURXGTGZDIC-UHFFFAOYSA-N,COc1c[nH]c(C2=C(c3cc(OC)c[nH]3)C(=O)c3c(C#N)ccnc3C2=O)c1,,0.68
train,815,GPFFZGLCOIAEIA-UHFFFAOYSA-N,COc1cnc2c(n1)C(=O)C=C(C1=CC=C(C(F)(F)F)C1)C2=O,,2.07
train,5017,YNFXXMKLTIRKJU-VHXPQNKSSA-N,Cn1c(C#N)ccc1-c1ccc(N=Nc2ccc(-c3ccc(C#N)n3C)s2)s1,,0.89
train,1630,KIVKKKDLBDILJY-UHFFFAOYSA-N,N#Cc1cc2c(nc1C#N)C(=O)C=C(c1nnc(Cl)nn1)C2=O,,2.62
train,4360,JYSCQQRNTHDPBR-UHFFFAOYSA-N,CC1(C)N=N1,,2.44
train,5431,IGTQGGPDQUBJIX-UHFFFAOYSA,O=c1oc2cc(-c3ccoc3OC(F)(F)F)ccc2c2cc3ccccc3c(-c3csc(Cl)c3)c12,,1.45
train,2830,SBDOKJPTMIVJEB-UHFFFAOYSA-N,O=C1C(c2ccc([N+](=O)[O-])cc2)=C(c2ccc([N+](=O)[O-])cc2)C(=O)c2ncccc21,,2.62
train,2264,OAFOBIXIBJTPIL-UHFFFAOYSA-N,Cc1csc(C2=CC(=O)c3ncc(C#N)cc3C2=O)n1,,2.11
train,4550,NOSWHONGURFIAL-UHFFFAOYSA-N,Cn1c(OC(F)(F)F)ccc1-c1cc(C#N)cc(-c2ccc(OC(F)(F)F)n2C)c1C#N,,1.5
train,607,DZYTYRGNGSEXAU-UHFFFAOYSA-N,N#Cc1cc2c(nc1C#N)C(=O)C(c1nc(O)co1)=C(c1nc(O)co1)C2=O,,1.79
train,17,ACNMDAQCKUDGOH-UHFFFAOYSA-N,COc1cnc2c(n1)C(=O)C(c1ccc(O)cn1)=C(c1ccc(O)cn1)C2=O,,1.77
train,4399,KPIZXBSCQUXSLR-MWQXNLTMSA-N,FC(F)(F)ON=Cc1ccc(N=Nc2ccc(C=NOC(F)(F)F)o2)o1,,1.63
train,1280,ITUCGOVNDDOYTH-UHFFFAOYSA-N,Cc1ccc(C2=CC(=O)c3nc(C#N)cnc3C2=O)cc1,,2.18
train,4605,OMTYYSJPXLZROB-FMQUCBEESA-N,O=[N+]([O-])c1ccc(-c2ccc(N=Nc3ccc(-c4ccc([N+](=O)[O-])[nH]4)s3)s2)[nH]1,,1.17
train,1246,IOZXVZLHUPYFPY-UHFFFAOYSA-N,Cn1cccc1C1=CC(=O)c2nccc(C#N)c2C1=O,,1.54
train,250,BROPMNGTYXZLIH-TZFCGSKZSA-N,N#CC=CC1=C(C=CC#N)C(=O)c2c(ncc(C#N)c2C#N)C1=O,,2.97
train,531,DPYLYYUCDGPLGW-UHFFFAOYSA-N,CC(O)=Nc1ccc(C2=C(c3ccc(N=C(C)O)[nH]3)C(=O)c3c(C#N)ccnc3C2=O)[nH]1,,0.47
train,3208,WBDSTOOXXOVSQO-UHFFFAOYSA-N,N#Cc1cnc2c(c1C#N)C(=O)C(c1ccc(C(F)(F)F)o1)=CC2=O,,2.46
train,3761,ZEEIBMXPEHQPDW-UHFFFAOYSA-N,N#Cc1cc(C#N)c2c(n1)C(=O)C(c1ncc([N+](=O)[O-])o1)=C(c1ncc([N+](=O)[O-])o1)C2=O,,3.2
train,2372,ONMUTLPUFRWYPA-UHFFFAOYSA-N,COc1nc2c(nc1OC)C(=O)C(n1ccnc1O)=C(n1ccnc1O)C2=O,,1.56
train,1851,MANBNJXEOSIYBM-UHFFFAOYSA-N,CC(O)=Nc1cnc(C2=C(c3ncc(N=C(C)O)s3)C(=O)c3c(C#N)cc(C#N)nc3C2=O)s1,,1.37
train,1861,MBKXFWDMNDLCHD-UHFFFAOYSA-N,N#Cc1nc2c(nc1C#N)C(=O)C(n1ccnc1[N+](=O)[O-])=CC2=O,,2.99
train,416,CNXUXHPPQJADQC-UHFFFAOYSA-N,CN(C)c1nnc(C2=CC(=O)c3nc(C#N)ccc3C2=O)nn1,,1.87
train,380,CIPPRDMIYWOLRM-UHFFFAOYSA-N,Cc1cnc(C2=CC(=O)c3ncccc3C2=O)nc1,,2.43
train,646,FDUGCMROGZFSED-UHFFFAOYSA-N,N#Cc1cnc2c(n1)C(=O)C(c1ncc(O)o1)=C(c1ncc(O)o1)C2=O,,1.48
train,820,GPRVPWRYBMDDGN-XGICHPGQSA-N,O=C1C(C=NO)=CC(=O)c2ncccc21,,2.78
train,5505,XLNBYWVTUFYEBJ-UHFFFAOYSA,COc1ccc(-c2c3ccccc3cc3c2c(=O)oc2cc(-c4ccoc4C(F)(F)F)ccc23)[nH]1,,0.64
train,3981,BNSSNOFSMHQEMA-VHXPQNKSSA-N,COc1cnc(-c2ccc(N=Nc3ccc(-c4ncc(OC)cn4)o3)o2)nc1,,0.92
train,2529,PFYPLYRITLWLIL-UHFFFAOYSA-N,Cn1cccc1C1=CC(=O)c2nc(C#N)ccc2C1=O,,1.52
train,2848,SCRYSSNOHWFBGV-UHFFFAOYSA-N,COc1ccc(C2=CC(=O)c3nc(C#N)c(C#N)cc3C2=O)n1C,,1.11
train,4969,XQJQTSXSKRJHBX-FOCLMDBBSA-N,Fc1nnc(-c2ccc(N=Nc3ccc(-c4nnc(F)nn4)s3)s2)nn1,,1.74
train,4029,CWZAOYMNMSPDER-UHFFFAOYSA-N,O=C1c2ccc(-c3ncc(C(F)(F)F)cn3)cc2C(=O)c2cc(-c3ncc(C(F)(F)F)cn3)ccc21,,2.77
train,498,DMJABPCWCRTFBK-UHFFFAOYSA-N,N#Cc1cc2c(nc1C#N)C(=O)C(c1nccs1)=C(c1nccs1)C2=O,,1.96
train,5197,RJGCLRAYJFZJAF-UHFFFAOYSA,COc1ccc(N2c3ccccc3N(Cl)c3ccccc32)cc1,,1.92
train,1527,JXUUDLPLTXPBJG-UHFFFAOYSA-N,N#Cc1cnc2c(c1)C(=O)C(c1nc([N+](=O)[O-])cs1)=CC2=O,,2.89
train,5527,GFVSLJXVNAYUJE-UHFFFAOYSA,C=CCN1c2ccccc2Sc2ccccc21,,0.71
train,4632,PGFOJNGHQQEOPI-WCWDXBQESA-N,Fc1ccc(-c2ccc(N=Nc3ccc(-c4ccc(F)cc4)o3)o2)cc1,,0.89
train,2430,OVCYNBLZKMMFKP-UHFFFAOYSA-N,N#Cc1ccnc2c1C(=O)C(C1=CC=C(F)S1(=O)=O)=C(C1=CC=C(F)S1(=O)=O)C2=O,,2.41
train,1146,IDFMDEVFJLIJFI-UHFFFAOYSA-N,N#Cc1cnc2c(n1)C(=O)C=C(c1ccc(C(F)(F)F)[nH]1)C2=O,,1.93
train,4940,XDHFGYMRPTXMDN-VXRZQSTGSA-N,ClC=Cc1ccc(N=Nc2ccc(C=CCl)[nH]2)[nH]1,,0.59
train,879,GWIBIIYZJKOTBJ-NSCUHMNNSA-N,CC=CC1=CC(=O)c2nc(C#N)cc(C#N)c2C1=O,,2.39
train,3985,BQPNWYIZAOQKMY-UHFFFAOYSA-N,Cc1cnc(C2(C)N=N2)nc1,,2.35
train,1983,MQOHUJZNKYXGQD-UHFFFAOYSA-N,COc1cnc2c(n1)C(=O)C(n1cc(S)nn1)=C(n1cc(S)nn1)C2=O,,1.96
train,3587,XUBZMDDSXJRSFL-UHFFFAOYSA-N,CN(C)c1csc(C2=CC(=O)c3ncc(C#N)cc3C2=O)n1,,1.0
train,942,HDZQQJINHRMCEH-PTXOJBNSSA-N,N#Cc1cc(C#N)c2c(n1)C(=O)C=C(C=NC(F)(F)F)C2=O,,3.75
train,1494,JUQKHBZCPGKLRB-IOBHVTPZSA-N,O=C1C(C=CS)=C(C=CS)C(=O)c2nccnc21,,1.49
train,1568,KCDUXKVIWLLJQR-UHFFFAOYSA-N,N#Cc1ccc2c(n1)C(=O)C=C(c1ccc(O)o1)C2=O,,1.55
train,583,DWLLUWUPOOWITM-UHFFFAOYSA-N,N#Cc1ccc2c(n1)C(=O)C(c1ccc([N+](=O)[O-])cn1)=C(c1ccc([N+](=O)[O-])cn1)C2=O,,2.15
train,1458,JPZUTGJXUULXJA-UHFFFAOYSA-N,N#Cc1ccnc2c1C(=O)C(n1ccnc1S)=C(n1ccnc1S)C2=O,,1.86
train,3105,UYZGDCPGWBMHTR-UHFFFAOYSA-N,COc1nc2c(nc1OC)C(=O)C(c1ccc(C(F)(F)F)s1)=CC2=O,,2.17
train,4996,YFBHWMHWOVFIMH-UHFFFAOYSA-N,Sc1cc2c3cc(S)c4cccc5c(S)cc(c6cc(S)c7cccc1c7c26)c3c45,,0.59
train,5531,IKMVEAQXPBPSOL-UHFFFAOYSA,c1c[nH]c(N2c3ccccc3Sc3ccccc32)c1,,0.74
train,5439,JEHLHDCKGDNKAX-UHFFFAOYSA,Cc1occc1-c1ccc2c(c1)oc(=O)c1c(O)c3ccccc3cc12,,1.21
train,4297,IQRYOYKUAGWOGM-UHFFFAOYSA-N,ClC#Cc1ccc2ccc3c4ccc5ccc(C#CCl)c6ccc(c7ccc1c2c37)c4c56,,0.73
train,2002,MTLWMYVOHSAYME-UHFFFAOYSA-N,COc1ccnc2c1C(=O)C(c1ncc(Cl)cn1)=CC2=O,,2.48
train,2921,SLMJNUNEZHDEMJ-UHFFFAOYSA-N,COc1nc2c(nc1OC)C(=O)C(n1cc([N+](=O)[O-])nn1)=C(n1cc([N+](=O)[O-])nn1)C2=O,,2.67
train,1907,MGODCLIRMPWIJE-UHFFFAOYSA-N,N#Cc1cnc2c(c1)C(=O)C(c1cc(C(F)(F)F)c[nH]1)=C(c1cc(C(F)(F)F)c[nH]1)C2=O,,1.49
train,3555,XPLXRWRFCAWSJB-UHFFFAOYSA-N,CC(O)=Nc1cn(C2=C(n3cc(N=C(C)O)nn3)C(=O)c3c(ncc(C#N)c3C#N)C2=O)nn1,,2.11
train,3280,WKRHYVURWPHTFX-UHFFFAOYSA-N,N#Cc1cc(C#N)c2c(n1)C(=O)C=C(c1ccc(F)cn1)C2=O,,2.67
train,2954,UITCOHRMWWBMHT-UHFFFAOYSA-N,N#Cc1cnc2c(c1)C(=O)C(c1ccccc1)=C(c1ccccc1)C2=O,,2.03
train,4821,UKUWUJSFPMRTPY-UHFFFAOYSA-N,Cc1csc(C2(C)N=N2)n1,,1.84
train,1558,KBIQTKSJWSATNF-UHFFFAOYSA-N,N#Cc1cn(C2=CC(=O)c3nccnc3C2=O)nn1,,3.13
train,5446,KTVYFOUYRZKDBM-UHFFFAOYSA,C#COc1ccc2c(c1)oc(=O)c1c(-c3nnc(S)nn3)c3ccccc3cc12,,1.67
train,130,APQNMSFOMCCLCW-UHFFFAOYSA-N,CC(O)=Nc1ccc(C2=CC(=O)c3nc(C#N)c(C#N)nc3C2=O)n1C=O,,1.42
train,992,HLKURLYYQLCKMC-UHFFFAOYSA-N,N#Cc1cc(C#N)c2c(n1)C(=O)C=C(n1ccnc1C#N)C2=O,,2.65
train,365,CGZZIBXEZOGAQP-UHFFFAOYSA-N,O=C1C(c2nnc([N+](=O)[O-])nn2)=CC(=O)c2ncccc21,,2.89
train,1534,JYMCLLSQHNAYEW-UHFFFAOYSA-N,N#Cc1ccc2c(n1)C(=O)C(c1ncc(Cl)o1)=C(c1ncc(Cl)o1)C2=O,,2.08
train,4474,MAFPWILHIKMBTE-UHFFFAOYSA-N,O=C1c2ccc(-c3ccc(O)o3)cc2C(=O)c2cc(-c3ccc(O)o3)ccc21,,1.16
train,3626,XYFRALYSJFCZSG-GVEKJVNKSA-N,O=C1C(C=NC(F)(F)F)=C(C=NC(F)(F)F)C(=O)c2ncccc21,,3.25
train,4282,IKGNAOVIZIBAHI-FUJGBLOQSA-N,N#Cc1cc(C=NS)c(C#N)c(C=NS)c1,,2.19
train,3342,WPYMEMJTQAQGBS-UHFFFAOYSA-N,O=C1C(c2nnc(Cl)nn2)=C(c2nnc(Cl)nn2)C(=O)c2nccnc21,,2.71
train,3899,ADBHWIFYPVCEFF-DHTIVLMFSA-N,FC(F)(F)ON=Cc1ccc(N=Nc2ccc(C=NOC(F)(F)F)cc2)cc1,,1.95
train,1889,MFBMWCXGGKUEPD-UHFFFAOYSA-N,N#Cc1nc2c(nc1C#N)C(=O)C(c1ccc(F)cc1)=C(c1ccc(F)cc1)C2=O,,2.07
train,3904,AEKZZCLDHFTUPJ-FLWNBWAVSA-N,FC(F)(F)c1ccc(-c2ccc(N=Nc3ccc(-c4ccc(C(F)(F)F)cn4)s3)s2)nc1,,1.12
train,3211,WBLYLKRRZVPLTC-UHFFFAOYSA-N,N#Cc1cnc2c(c1)C(=O)C(c1ccc(O)cc1)=CC2=O,,1.89
train,4380,KGAOXUWMVUSMIW-UHFFFAOYSA-N,N#Cc1cc(-c2ccc(Cl)s2)c(C#N)c(-c2ccc(Cl)s2)c1,,1.89
train,3801,ZJKIJKLCQPQCBR-UHFFFAOYSA-N,COc1cnc2c(n1)C(=O)C(c1ncc(C(F)(F)F)o1)=CC2=O,,2.79
train,1725,LKRTXOOYXKYUCF-UHFFFAOYSA-N,N#Cc1ccnc2c1C(=O)C(c1nnc(OC(F)(F)F)nn1)=CC2=O,,2.68
train,2428,OVBLBLGGGWTZFE-UHFFFAOYSA-N,N#Cc1ccc2c(n1)C(=O)C=C(c1ncc(C(F)(F)F)s1)C2=O,,2.71
train,3145,VDIMHKJLJGRMEE-UHFFFAOYSA-N,N#Cc1nc2c(nc1C#N)C(=O)C(c1cnc(S)[nH]1)=C(c1cnc(S)[nH]1)C2=O,,1.42
train,2353,OLALHPBDHUHFNW-UHFFFAOYSA-N,CC1=CC=C(C2=CC(=O)c3ncc(C#N)cc3C2=O)C1,,1.37
train,3225,WDIJKDZLSFRJOX-UHFFFAOYSA-N,N#Cc1cnc2c(c1)C(=O)C(c1ncc(C#N)o1)=C(c1ncc(C#N)o1)C2=O,,2.77
train,4094,FGCAMFSWDLDFOV-UHFFFAOYSA-N,Sc1cnc(C2(S)N=N2)o1,,1.78
train,2764,RTYUBIRYRRQMGV-UHFFFAOYSA-N,N#Cc1cc2c(nc1C#N)C(=O)C(c1ncc(Cl)s1)=C(c1ncc(Cl)s1)C2=O,,1.92
train,4576,OAXDNQCQXCCNPD-FLWNBWAVSA-N,FC(F)(F)c1cnc(-c2ccc(N=Nc3ccc(-c4ncc(C(F)(F)F)cn4)s3)s2)nc1,,1.28
train,397,CKEVOIGJJQEBHC-ARJAWSKDSA-N,CN(C)C=CC1=CC(=O)c2ncc(C#N)cc2C1=O,,1.0
train,3777,ZGAITNKCMWRXEF-UHFFFAOYSA-N,O=C1C=C(c2ccc(S)[nH]2)C(=O)c2nccnc21,,1.13
train,3740,ZBUZACZAABRUMF-UHFFFAOYSA-N,Cc1csc(C2=C(c3nc(C)cs3)C(=O)c3c(ncc(C#N)c3C#N)C2=O)n1,,1.8
train,3167,VWKHDQOKPMYOSS-OUQXQEBOSA-N,N#Cc1cc2c(nc1C#N)C(=O)C(C=NS)=C(C=NS)C2=O,,2.01
train,3947,AZBSMPUUXDDOLI-UHFFFAOYSA-N,O=C1c2ccc(-c3ccco3)cc2C(=O)c2cc(-c3ccco3)ccc21,,1.74
train,1063,HUMNEHPYTQKIMD-UHFFFAOYSA-N,COc1ccnc2c1C(=O)C(c1ccc(C(F)(F)F)[nH]1)=CC2=O,,1.92
train,3199,VZTVTBTTYWXPTC-UHFFFAOYSA-N,COc1ccc2c(n1)C(=O)C=C(c1ccc(OC(F)(F)F)n1C=O)C2=O,,1.75
train,5395,ZNYZVWUTMPVMGY-UHFFFAOYSA,FC(F)(F)Oc1cccc(N2c3ccccc3Oc3ccccc32)n1,,0.82
train,1513,JWHCBNDSNAZGDG-UHFFFAOYSA-N,CC(O)=Nc1cn(C2=C(n3cc(N=C(C)O)nn3)C(=O)c3c(C#N)ccnc3C2=O)nn1,,1.77
train,1117,IAIHADVGKOFPPW-UHFFFAOYSA-N,N#Cc1cnc2c(n1)C(=O)C(c1ccc(S)cc1)=C(c1ccc(S)cc1)C2=O,,1.58
train,3851,ZQCGZPUYMCGMON-UHFFFAOYSA-N,CN(C)c1coc(C2=C(c3nc(N(C)C)co3)C(=O)c3c(C#N)ccnc3C2=O)n1,,0.88
train,5500,WRPDRTBYCBZVMR-UHFFFAOYSA,O=c1oc2cc(-c3cccc([N+](=O)[O-])c3)ccc2c2cc3ccccc3c(-c3ccc(F)o3)c12,,1.44
train,4886,VYQRCAORYHSGCR-DQSJHHFOSA-N,Cc1ccc(-c2ccc(N=Nc3ccc(-c4ccc(C)cc4)cc3)cc2)cc1,,1.15
train,3169,VWUMRFKPHICTOQ-UHFFFAOYSA-N,N#Cc1ccnc2c1C(=O)C(C1=CC=C(O)C1)=C(C1=CC=C(O)C1)C2=O,,0.57
train,5491,UHPNURLSIYWUIO-UHFFFAOYSA,C=CSc1ccc2c(c1)oc(=O)c1c(C#CC#N)c3ccccc3cc12,,1.54
train,2911,SKBZKHSEFZKCAY-UHFFFAOYSA-N,N#Cc1ccc(C2=CC(=O)c3ncccc3C2=O)o1,,2.32
train,3146,VDMCTJHTAYEUFX-UHFFFAOYSA-N,N#Cc1nc2c(nc1C#N)C(=O)C(n1ccnc1C#N)=CC2=O,,2.72
train,4009,CGJKLUNSCJFMND-UHFFFAOYSA-N,N#Cc1ccc(-c2cc(C#N)cc(-c3ccc(C#N)cc3)c2C#N)cc1,,-0.74
train,3365,WTNPLUQHLJYMNI-UHFFFAOYSA-N,Cn1c(C2=CC(=O)c3ncccc3C2=O)ccc1[N+](=O)[O-],,2.26
train,507,DNINRZIXEQQYCA-UHFFFAOYSA-N,N#Cc1ccc2c(n1)C(=O)C(c1ncc([N+](=O)[O-])cn1)=C(c1ncc([N+](=O)[O-])cn1)C2=O,,3.03
train,2960,UJNPTUFZJHEJFF-UHFFFAOYSA-N,COc1ccnc2c1C(=O)C(c1ccc(N=C(C)O)[nH]1)=CC2=O,,0.99
train,4858,VGUNWBFWEOALCC-UHFFFAOYSA-N,N#Cc1cc(C2=CC=C(OC(F)(F)F)S2(=O)=O)c(C#N)c(C2=CC=C(OC(F)(F)F)S2(=O)=O)c1,,2.54
train,2862,SEEJWRWWYFCGHQ-UHFFFAOYSA-N,CC#CC1=C(C#CC)C(=O)c2nccnc2C1=O,,2.18
train,5414,DYSMJOYVXCTLRE-UHFFFAOYSA,O=c1oc2cc(-c3cccc(S)c3)ccc2c2cc3ccccc3c(S)c12,,1.32
train,423,COXODPLQQLNNHY-UHFFFAOYSA-N,N#Cc1cc(C#N)c2c(n1)C(=O)C=C(c1ccc([N+](=O)[O-])[nH]1)C2=O,,2.31
train,1706,LIGLEZWMXBNJSE-UHFFFAOYSA-N,N#Cc1ccc2c(n1)C(=O)C=C(c1ccc(F)cc1)C2=O,,2.38
train,914,HAONPOQESUSHNL-UHFFFAOYSA-N,COc1ccc2c(n1)C(=O)C=C(c1ccc(OC)n1C)C2=O,,0.96
train,1266,ISBXFSODVGCALF-UHFFFAOYSA-N,N#Cc1cc2c(nc1C#N)C(=O)C(c1ncc(C(F)(F)F)o1)=C(c1ncc(C(F)(F)F)o1)C2=O,,2.87
train,955,HFTQRVUNUPMMDE-UHFFFAOYSA-N,CN(C)c1cnc(C2=C(c3ncc(N(C)C)s3)C(=O)c3c(ncc(C#N)c3C#N)C2=O)s1,,0.65
train,3256,WHDVLGWLUWNGHG-UHFFFAOYSA-N,O=C1C=C(c2cc(OC(F)(F)F)c[nH]2)C(=O)c2nccnc21,,1.64
train,1872,MCHPEKAGQGDRGK-UHFFFAOYSA-N,N#Cc1cnc2c(n1)C(=O)C(c1c[nH]c(C#N)n1)=CC2=O,,2.51
train,2122,NHMJKRVDVMPDOD-UHFFFAOYSA-N,N#Cc1nc2c(nc1C#N)C(=O)C(c1cc(S)c[nH]1)=CC2=O,,1.43
train,2455,OYCDJXDZQSEETR-UHFFFAOYSA-N,N#Cc1cnc2c(n1)C(=O)C(c1ccc(F)[nH]1)=CC2=O,,1.64
train,228,BPMFIXNZEBVRDC-UHFFFAOYSA-N,COc1ccnc2c1C(=O)C(c1nc(O)cs1)=CC2=O,,1.71
train,1467,JREMPIQDKPIOOA-UHFFFAOYSA-N,N#Cc1cnc2c(c1C#N)C(=O)C(c1ncc([N+](=O)[O-])o1)=CC2=O,,3.24
train,3331,WOVJLZUJYPKIBM-UHFFFAOYSA-N,O=C1C(C2=CC=C(Cl)C2)=C(C2=CC=C(Cl)C2)C(=O)c2ncccc21,,1.09
train,1545,JZTVVHZJGMLUNY-UHFFFAOYSA-N,CC(O)=Nc1ccc(C2=C(c3ccc(N=C(C)O)n3C)C(=O)c3nc(C#N)c(C#N)nc3C2=O)n1C,,0.67
train,1439,JMWDQKMBRXHKGS-UHFFFAOYSA-N,N#Cc1cnc2c(c1)C(=O)C(c1ccc(F)n1C=O)=CC2=O,,1.88
train,5213,XTIPHCGWVBNLSB-UHFFFAOYSA,N#Cc1[nH]nc(c1)n1c2ccccc2n(c2c1cccc2)[C]1C=CN=[C](=N1)OC(F)(F)F,,0.75
train,5246,KWVZDLPZYPRNIW-UHFFFAOYSA,FC(O[C]1=N[CH]C(=CN=1)n1c2ccccc2n(c2c1cccc2)[C]1C=CN=[C](=N1)OC(F)(F)F)(F)F,,0.68
train,1590,KEPHOBLWPKHCMU-UHFFFAOYSA-N,N#Cc1ccc2c(n1)C(=O)C(c1ccc([N+](=O)[O-])n1C=O)=C(c1ccc([N+](=O)[O-])n1C=O)C2=O,,2.5
train,5082,ZWLXMFKMAKBKLY-UHFFFAOYSA-N,c1coc(C2N=N2)c1,,1.71
train,1364,JEVYFVKDMUMRMO-UHFFFAOYSA-N,Cc1cnc(C2=CC(=O)c3nc(C#N)cc(C#N)c3C2=O)nc1,,2.54
train,2231,NWCFTAVCHDPBQL-UHFFFAOYSA-N,Cc1ccc(C2=C(c3ccc(C)[nH]3)C(=O)c3nccnc3C2=O)[nH]1,,0.66
train,2576,QKCYZIUVDCEMNM-UHFFFAOYSA-N,N#Cc1cnc2c(c1)C(=O)C(C#C[N+](=O)[O-])=CC2=O,,3.51
train,1316,IWZLLYJBCKCRCU-UHFFFAOYSA-N,N#Cc1cc2c(nc1C#N)C(=O)C(c1ccc(C#N)n1C=O)=C(c1ccc(C#N)n1C=O)C2=O,,2.28
train,574,DUVMVYCLSZYSNZ-UHFFFAOYSA-N,N#Cc1ccnc2c1C(=O)C(c1nccs1)=CC2=O,,2.25
train,1636,KJLADRBFSLGPLE-UHFFFAOYSA-N,Cc1cnc(C2=C(c3ncc(C)cn3)C(=O)c3nc(C#N)ccc3C2=O)nc1,,2.57
train,5124,OWJFOXJFSGEUED-UHFFFAOYSA,SN1c2ccccc2N(c2cscn2)c2ccccc21,,0.42
train,1996,MSSFWEPMSAZSGM-UHFFFAOYSA-N,COc1cnc2c(c1)C(=O)C(c1cc(Cl)c[nH]1)=CC2=O,,1.52
train,3477,XFYYWFRVVCXITM-UHFFFAOYSA-N,COc1nc2c(nc1OC)C(=O)C(c1nnc([N+](=O)[O-])nn1)=C(c1nnc([N+](=O)[O-])nn1)C2=O,,2.58
train,4693,QTFYIAXTAWUAGH-QJUDHZBZSA-N,CN=Cc1ccc2c(c1)C(=O)c1cc(C=NC)ccc1C2=O,,1.92
train,5225,DWXIMBXJXPZGLK-UHFFFAOYSA,c1ccc(N2c3ccccc3N(c3cccnc3)c3ccccc32)nc1,,0.18
train,4146,GCXLLKZOSJAYGV-WXUKJITCSA-N,OC=Cc1ccc2ccc3c4ccc5ccc(C=CO)c6ccc(c7ccc1c2c37)c4c56,,0.42
train,3147,VDMVDDXQCPAYST-UHFFFAOYSA-N,O=C1C=C(c2ncc(O)o2)C(=O)c2nccnc21,,1.86
train,3453,XDSQVEBIPILJBD-UHFFFAOYSA-N,N#Cc1ccc2c(n1)C(=O)C(c1ccc(Cl)s1)=C(c1ccc(Cl)s1)C2=O,,1.59
train,133,AQBBHIBJFGXARR-UHFFFAOYSA-N,COc1ccc(C2=C(c3ccc(OC)[nH]3)C(=O)c3nccnc3C2=O)[nH]1,,0.44
train,1454,JOYJQILLXSZHRZ-UHFFFAOYSA-N,N#Cc1cnc2c(c1C#N)C(=O)C(c1cc(S)c[nH]1)=C(c1cc(S)c[nH]1)C2=O,,0.97
train,2660,RHMPBWXMESUKHK-UHFFFAOYSA-N,CN(C)c1ccc(C2=CC(=O)c3nccc(C#N)c3C2=O)s1,,0.92
train,2422,OUIGJEFUBMNARD-UHFFFAOYSA-N,CN(C)c1c[nH]c(C2=CC(=O)c3nc(C#N)ccc3C2=O)c1,,0.67
train,620,FBIQGZUOJDBRSS-UHFFFAOYSA-N,CC(O)=Nc1cnc(C2=C(c3ncc(N=C(C)O)o3)C(=O)c3nccnc3C2=O)o1,,1.34
train,4243,HWPMBMJFRZYVMY-UHFFFAOYSA-N,O=C1c2ccc(-c3ccc(F)o3)cc2C(=O)c2cc(-c3ccc(F)o3)ccc21,,1.56
train,3067,UVIAUWZJMSGLJE-UHFFFAOYSA-N,COc1ccnc2c1C(=O)C(c1ccc(C(F)(F)F)n1C)=CC2=O,,1.92
train,1882,MDOMHEFSXGTTFF-UHFFFAOYSA-N,N#Cc1cc(C#N)c2c(n1)C(=O)C(C#CCl)=C(C#CCl)C2=O,,2.53
train,2691,RLDJKFXPXBXSJA-UHFFFAOYSA-N,CC(O)=NC1=CC=C(C2=CC(=O)c3nccnc3C2=O)S1(=O)=O,,1.71
train,2555,PIKNILHQBWKNRG-UHFFFAOYSA-N,N#Cc1cnc2c(c1)C(=O)C(c1ccc(O)o1)=CC2=O,,1.5
train,3543,XMXUUBFPGJQEKW-UHFFFAOYSA-N,COc1cnc2c(n1)C(=O)C(c1nnc(N(C)C)nn1)=C(c1nnc(N(C)C)nn1)C2=O,,1.89
train,4682,QNQPWNLHWFUZHO-DQRAZIAOSA-N,N#Cc1ccc(-c2ccc(N=Nc3ccc(-c4ccc(C#N)o4)s3)s2)o1,,0.99
train,192,AYCQNMPSTRHJSO-UHFFFAOYSA-N,Cc1ccc(C2=CC(=O)c3nc(C#N)c(C#N)nc3C2=O)cc1,,2.18
train,4734,RQVAFBJOSPCOLW-OXAZHYLESA-N,N#Cc1cc(C=NC(F)(F)F)c(C#N)c(C=NC(F)(F)F)c1,,3.53
train,680,FINQFRAWUHSYNS-UHFFFAOYSA-N,N#Cc1cc(C#N)c2c(n1)C(=O)C(n1cc(F)c3ccccc31)=C(n1cc(F)c3ccccc31)C2=O,,1.58
train,651,FEUITRBIBLBXTD-UHFFFAOYSA-N,N#Cc1cnc2c(c1)C(=O)C(c1ccc(C#N)[nH]1)=C(c1ccc(C#N)[nH]1)C2=O,,1.66
train,1830,LXOYVPWCXHVNNN-UHFFFAOYSA-N,CN(C)c1ncc(C2=CC(=O)c3nc(C#N)cnc3C2=O)[nH]1,,1.05
train,1586,KEHWGYVSLJTRQT-UHFFFAOYSA-N,N#Cc1ccnc2c1C(=O)C(c1ccccc1)=CC2=O,,2.4
train,3004,UNHMABPLEOHMKH-UZNMPDEFSA-N,CC=CC1=C(C=CC)C(=O)c2nc(C#N)c(C#N)cc2C1=O,,1.88
train,2204,NRLMZBXFYMMPPK-UHFFFAOYSA-N,N#Cc1cnc2c(n1)C(=O)C(n1cc(S)nn1)=CC2=O,,2.13
train,5444,KPLZAFXGECBJAT-UHFFFAOYSA,O=c1oc2cc(-c3ccoc3S)ccc2c2cc3ccccc3c(C3=CS(=O)(=O)C(S)=C3)c12,,1.26
train,3228,WDTJAZKJBSZSBX-UHFFFAOYSA-N,COc1cnc2c(n1)C(=O)C(c1nnc([N+](=O)[O-])nn1)=C(c1nnc([N+](=O)[O-])nn1)C2=O,,3.11
train,122,AOPMJTQJBICZHT-UHFFFAOYSA-N,Cn1c(C2=C(c3ccc(C(F)(F)F)n3C)C(=O)c3c(C#N)ccnc3C2=O)ccc1C(F)(F)F,,1.6
train,2488,PAXWZYIJPPNZOW-UHFFFAOYSA-N,O=C1C(c2ccc(S)cc2)=C(c2ccc(S)cc2)C(=O)c2ncccc21,,1.49
train,2909,SJVYORZXILCDPC-UHFFFAOYSA-N,N#CC#CC1=C(C#CC#N)C(=O)c2nc(C#N)c(C#N)nc2C1=O,,3.45
train,59,AISDIYMJMZJYQN-UHFFFAOYSA-N,CC(O)=Nc1ccc(C2=C(c3ccc(N=C(C)O)s3)C(=O)c3ncccc3C2=O)s1,,0.82
train,3516,XLKIVRRILLPUQV-UHFFFAOYSA-N,N#Cc1cnc2c(c1)C(=O)C(C1=CC=C(F)S1(=O)=O)=C(C1=CC=C(F)S1(=O)=O)C2=O,,2.37
train,5304,OTKNYBOSMCJKJZ-UHFFFAOYSA,CC1(C)c2cc(-c3ccc(-c4cncnc4)cc3)ccc2N(c2ccc(-c3cncnc3)cc2)c2ccc(-c3ccc(-c4cncnc4)cc3)cc21,,0.79
train,219,BBDGKCUCYXVRHL-UHFFFAOYSA-N,COc1ccc2c(n1)C(=O)C=C(C1=CC=C(O)S1(=O)=O)C2=O,,2.02
train,472,DCDPQGNEOSGPCE-UHFFFAOYSA-N,CC#CC1=CC(=O)c2ncc(C#N)cc2C1=O,,2.77
train,398,CKHPIQQGIXTHLO-UHFFFAOYSA-N,Cc1ccc(C2=CC(=O)c3nc(C#N)c(C#N)cc3C2=O)[nH]1,,1.39
train,5381,XYLYYEPHGJGKHZ-UHFFFAOYSA,CC1(C)c2cc(-c3ccc(-c4c[nH]c(OC(F)(F)F)c4)cc3)ccc2N(c2ccc(-c3c[nH]c(OC(F)(F)F)c3)cc2)c2ccc(-c3ccc(-c4c[nH]c(OC(F)(F)F)c4)cc3)cc21,,0.6
train,462,CXWVQKVDWGVBLG-UHFFFAOYSA-N,N#Cc1ccc2c(n1)C(=O)C=C(C#CO)C2=O,,2.51
train,4866,VKTUFMPSOUABKV-UHFFFAOYSA-N,N#Cc1cc(-c2ccc(O)n2C=O)c(C#N)c(-c2ccc(O)n2C=O)c1,,1.28
train,2769,RUGICAFYOQAJTD-UHFFFAOYSA-N,COc1nc2c(nc1OC)C(=O)C(c1nnc(C(F)(F)F)nn1)=CC2=O,,2.44
train,3462,XEXLKXGICKXPCR-UHFFFAOYSA-N,O=C1C=C(c2nc(Cl)cs2)C(=O)c2nccnc21,,2.32
train,2297,OEKITQBCMIPBPN-BIIKFXOESA-N,N#Cc1cnc2c(n1)C(=O)C=C(C=N)C2=O,,2.97
train,4124,FTLXUJCAONQVFV-FLWNBWAVSA-N,FC(F)(F)c1ccc(-c2ccc(N=Nc3ccc(-c4ccc(C(F)(F)F)cc4)s3)s2)cc1,,1.01
train,4966,XPVUVRIUPCAJTM-SFECMWDFSA-N,O=C1c2ccc(C=CF)cc2C(=O)c2cc(C=CF)ccc21,,2.07
train,360,CFZYXDGJDZXCTH-UHFFFAOYSA-N,N#Cc1cnc2c(c1C#N)C(=O)C(c1ncc(C(F)(F)F)o1)=CC2=O,,3.03
train,4900,WIVZPEAHEMKIFC-UHFFFAOYSA-N,O=S1(=O)C(OC(F)(F)F)=CC=C1C1(OC(F)(F)F)N=N1,,2.61
train,4989,YBXVIOSGZHURCJ-UHFFFAOYSA-N,N#Cc1cc(-c2ccc(S)[nH]2)c(C#N)c(-c2ccc(S)[nH]2)c1,,-1.29
train,3189,VYQKVHNQLDHDQG-UHFFFAOYSA-N,O=C1C(c2ccc(OC(F)(F)F)cn2)=CC(=O)c2ncccc21,,2.47
train,2750,RRLJYUWFUMRHPZ-UHFFFAOYSA-N,N#Cc1nc2c(nc1C#N)C(=O)C(c1ccc(F)s1)=CC2=O,,2.18
train,4108,FMSSCUHYZUPUMB-UHFFFAOYSA-N,N#Cc1cc(-c2cc(S)c[nH]2)c(C#N)c(-c2cc(S)c[nH]2)c1,,-1.23
train,937,HDBYABLUXHHCTM-UPHRSURJSA-N,O=C1C=C(C=CF)C(=O)c2nccnc21,,2.63
train,2874,SFMOYYBPUPAMHG-UHFFFAOYSA-N,N#Cc1cnc2c(n1)C(=O)C(c1nc(C(F)(F)F)cs1)=C(c1nc(C(F)(F)F)cs1)C2=O,,2.4
train,4691,QSYYUWWIFMAGBS-QURGRASLSA-N,O=[N+]([O-])c1ccc(-c2ccc(N=Nc3ccc(-c4ccc([N+](=O)[O-])o4)cc3)cc2)o1,,1.66
train,2583,QKVKRAGCGSHOFZ-UHFFFAOYSA-N,CC(O)=NC#CC1=C(C#CN=C(C)O)C(=O)c2nc(C#N)c(C#N)cc2C1=O,,1.72
train,1491,JUEVOKRZZIYGED-PJQLUOCWSA-N,COc1cnc2c(c1)C(=O)C(C=NN=C(C)O)=CC2=O,,1.9
train,3784,ZGWOVLGZYGACAM-UHFFFAOYSA-N,CN(C)c1coc(C2=CC(=O)c3nccnc3C2=O)n1,,1.02
train,4579,ODFHAZRMMQYUMA-UHFFFAOYSA-N,FC(F)(F)Oc1csc(C2(OC(F)(F)F)N=N2)n1,,2.39
train,197,AYSFPQQPPBYGMG-UHFFFAOYSA-N,Cc1coc(C2=C(c3nc(C)co3)C(=O)c3ncccc3C2=O)n1,,1.93
train,2241,NXCNOVPQCFJJLA-UHFFFAOYSA-N,O=Cn1c(C2=C(c3ccc(C(F)(F)F)n3C=O)C(=O)c3ncccc3C2=O)ccc1C(F)(F)F,,2.13
train,2620,QOYDSSUSHSSIFO-BBAUMNPJSA-N,CON=CC1=C(C=NOC)C(=O)c2nc(C#N)c(C#N)nc2C1=O,,1.98
train,4036,DBMGWQJSXUSJQU-UHFFFAOYSA-N,FC(F)(F)c1ccc(-c2ccc3c(c2)C2=Cc4c5ccc(-c6ccc(C(F)(F)F)[nH]6)cc5c5n4[B@@-]4(Cl)n6c(c7ccc(-c8ccc(C(F)(F)F)[nH]8)cc7c6=CC3=[N+]24)=C5)[nH]1,,0.73
train,4081,DZBGQSJTOWIAFG-VHXPQNKSSA-N,Sc1ccc(-c2ccc(N=Nc3ccc(-c4ccc(S)[nH]4)cc3)cc2)[nH]1,,0.76
train,3024,UQGIMDYCQKAXDB-XGICHPGQSA-N,COc1ccc2c(n1)C(=O)C=C(C=N)C2=O,,2.59
train,701,FLJXRBDRJNZVPV-UHFFFAOYSA-N,N#Cc1ccc2c(n1)C(=O)C=C(c1cnc(S)[nH]1)C2=O,,1.62
train,3014,UOVMNNXOMJBJSV-UHFFFAOYSA-N,COc1cnc2c(n1)C(=O)C(c1ccc(C(F)(F)F)cn1)=CC2=O,,2.73
train,2520,PFFVRGYCBWNSIB-UHFFFAOYSA-N,N#Cc1cc(C#N)c2c(n1)C(=O)C(c1cc(F)c[nH]1)=C(c1cc(F)c[nH]1)C2=O,,1.21
train,1577,KDHHZPVWFKYEOX-UHFFFAOYSA-N,CN(C)c1csc(C2=CC(=O)c3ncc(C#N)nc3C2=O)n1,,1.01
train,5115,MMQIIIYRPVTKBS-UHFFFAOYSA,Sc1csc(N2c3ccccc3Nc3ccccc32)n1,,0.43
train,1695,KSIXJIPBGAQUMK-UHFFFAOYSA-N,N#Cc1cnc2c(n1)C(=O)C=C(c1ncccn1)C2=O,,2.61
train,920,HAVXXDKNHMUULU-ZPUQHVIOSA-N,N#CC=CC1=C(C=CC#N)C(=O)c2nc(C#N)cnc2C1=O,,2.76
train,936,HDBUIFMWDBLJLB-UHFFFAOYSA-N,O=C1C(c2ccc(OC(F)(F)F)o2)=CC(=O)c2ncccc21,,1.9
train,5180,LBRVZHOXJYRTEG-UHFFFAOYSA,O=[N+]([O-])c1cccc(N2c3ccccc3N(c3ccc(Cl)cc3)c3ccccc32)n1,,0.25
train,3611,XWQBUSULDAPZLU-UHFFFAOYSA-N,N#Cc1ccc2c(n1)C(=O)C=C(c1ccc(O)[nH]1)C2=O,,1.21
train,1191,IKFRPDWPFDBYMH-UHFFFAOYSA-N,N#Cc1ccnc2c1C(=O)C(c1ccc([N+](=O)[O-])s1)=C(c1ccc([N+](=O)[O-])s1)C2=O,,2.43
train,2322,OIEBRHDJWDHIRX-HZDAAVBUSA-N,COc1cnc2c(n1)C(=O)C(C=CCl)=C(C=CCl)C2=O,,2.06
train,3121,VATDXBDQFISNOW-UHFFFAOYSA-N,CN(C)c1cn(C2=CC(=O)c3nccc(C#N)c3C2=O)c2ccccc12,,0.55
train,4809,UEKJARWOMMTSJQ-FMQUCBEESA-N,O=S1(=O)C(F)=CC=C1c1ccc(N=Nc2ccc(C3=CC=C(F)S3(=O)=O)o2)o1,,1.12
train,2873,SFLFTEUYEXIMKD-UHFFFAOYSA-N,N#Cc1cnc(C2=C(c3ncc(C#N)cn3)C(=O)c3c(C#N)ccnc3C2=O)nc1,,2.96
train,4500,MPSQKFNIENVJSP-UHFFFAOYSA-N,N#Cc1cnc(C2(C#N)N=N2)o1,,3.05
train,3824,ZMPPESLVKJTRKJ-UHFFFAOYSA-N,Cc1ccc(C2=C(c3ccc(C)n3C)C(=O)c3nc(C#N)ccc3C2=O)n1C,,0.81
train,4318,JBXVGXWYNLMFOU-UHFFFAOYSA-N,N#Cc1cc(-c2cnc(S)[nH]2)c(C#N)c(-c2cnc(S)[nH]2)c1,,-1.02
train,3706,YXRMOZSNMLWEIE-UHFFFAOYSA-N,CC#CC1=CC(=O)c2ncc(C#N)nc2C1=O,,2.84
train,5543,RNDBXBCODUZJAM-UHFFFAOYSA,C=CON1c2ccccc2Sc2ccccc21,,0.69
train,3697,YWPBNPANJWTYJS-UHFFFAOYSA-N,N#Cc1ccnc2c1C(=O)C(c1ccc(Cl)cc1)=C(c1ccc(Cl)cc1)C2=O,,2.08
train,2579,QKRSRYASELUMCH-UHFFFAOYSA-N,CN(C)c1ccc(C2=CC(=O)c3ncc(C#N)cc3C2=O)n1C,,0.66
train,2547,PHRKWIJKVHNJJK-UDHDPCBXSA-N,CC(O)=NN=CC1=C(C=NN=C(C)O)C(=O)c2c(C#N)ccnc2C1=O,,1.74
train,4708,RCHMEPZHRVVESE-ISLYRVAYSA-N,Sc1ccc(-c2ccc(N=Nc3ccc(-c4ccc(S)o4)s3)s2)o1,,0.61
train,1256,IQKNCAUTENNJMT-UHFFFAOYSA-N,CC(O)=NC1=CC=C(C2=C(C3=CC=C(N=C(C)O)S3(=O)=O)C(=O)c3c(ncc(C#N)c3C#N)C2=O)S1(=O)=O,,1.57
train,5428,HYBBNPOGQBIEGL-UHFFFAOYSA,Cc1ccc(-c2ccc3c(c2)oc(=O)c2c(C#C[N+](=O)[O-])c4ccccc4cc23)[nH]1,,0.9
train,2964,UJRCCVCSDOWLBH-UHFFFAOYSA-N,N#Cc1cnc2c(n1)C(=O)C(C#CCl)=C(C#CCl)C2=O,,2.52
train,2406,ORYMQCCYEJWTNL-UHFFFAOYSA-N,N#Cc1cnc2c(c1C#N)C(=O)C(n1ccnc1F)=CC2=O,,2.27
train,4614,OUJFUAVRMJIJDR-ISLYRVAYSA-N,Sc1nnc(-c2ccc(N=Nc3ccc(-c4nnc(S)nn4)cc3)cc2)nn1,,1.81
train,1720,LJXINSUKMGQTJO-UHFFFAOYSA-N,COc1ccc2c(n1)C(=O)C=C(C1=CC=C(OC(F)(F)F)S1(=O)=O)C2=O,,2.34
train,4559,NUBSNCUGDUAQKC-ASVUPDLFSA-N,CN=Cc1ccc(N=Nc2ccc(C=NC)[nH]2)[nH]1,,1.12
train,4646,PQWQTSGWGHIIEG-ONYWOVPASA-N,FN=Cc1ccc2ccc3c4ccc5ccc(C=NF)c6ccc(c7ccc1c2c37)c4c56,,0.97
train,2572,QJWRKFODOKFXGR-UHFFFAOYSA-N,COc1cnc(C2=CC(=O)c3nc(C#N)ccc3C2=O)s1,,1.7
train,5005,YIKZGUMSMXDYAY-SFECMWDFSA-N,O=C1c2ccc(C=CCl)cc2C(=O)c2cc(C=CCl)ccc21,,2.09
train,4064,DPESTFWRJUFVKI-QURGRASLSA-N,O=[N+]([O-])C1=CC=C(c2ccc(N=Nc3ccc(C4=CC=C([N+](=O)[O-])C4)[nH]3)[nH]2)C1,,0.83
train,4565,NXKXAFYQGYROAE-DQRAZIAOSA-N,Cn1c(F)ccc1-c1ccc(N=Nc2ccc(-c3ccc(F)n3C)s2)s1,,-0.29
train,2990,UMGQWAYHRVVOIQ-UHFFFAOYSA-N,N#Cc1ccc(C2=CC(=O)c3nc(C#N)c(C#N)nc3C2=O)[nH]1,,2.1
train,1045,HSJVRWHGCQJBNX-UHFFFAOYSA-N,COc1cnc2c(n1)C(=O)C=C(C1=CC=C(C#N)S1(=O)=O)C2=O,,2.75
train,4570,NYYWTRITLNTWRW-UHFFFAOYSA-N,N#Cc1cc(-c2ccc(C#N)o2)c(C#N)c(-c2ccc(C#N)o2)c1,,-0.71
train,124,APAPJCLRIQJVCA-UHFFFAOYSA-N,COc1cnc2c(c1)C(=O)C(c1cc(OC(F)(F)F)c[nH]1)=CC2=O,,1.66
train,4290,IOLLKCPURNBTGN-FOCLMDBBSA-N,COC#Cc1ccc(N=Nc2ccc(C#COC)s2)s1,,0.79
train,3441,XCDUDZIXHUHBTK-UHFFFAOYSA-N,Cc1cnc(C2=C(c3ncc(C)cn3)C(=O)c3c(ncc(C#N)c3C#N)C2=O)nc1,,2.64
train,1731,LLDKFJPOBNITBF-UHFFFAOYSA-N,O=C1C(c2ccc([N+](=O)[O-])cc2)=CC(=O)c2ncccc21,,2.83
train,3713,YYSQJXPQTGPPJS-UHFFFAOYSA-N,C=CC1=C(C=C)C(=O)c2c(C#N)ccnc2C1=O,,2.11
train,656,FFLJXENEBWLOJG-UHFFFAOYSA-N,Cc1ccc(C2=C(c3ccc(C)cc3)C(=O)c3ncccc3C2=O)cc1,,1.71
train,76,AJYUWVXSHVRGJI-UHFFFAOYSA-N,O=C1C(c2ncc(OC(F)(F)F)s2)=C(c2ncc(OC(F)(F)F)s2)C(=O)c2nccnc21,,1.98
train,1735,LLOKAVNGCICCRH-UHFFFAOYSA-N,N#Cc1cc(C#N)c2c(n1)C(=O)C=C(C1=CC=C(C(F)(F)F)C1)C2=O,,2.21
train,4806,UCMVMRBWSIQSAO-UHFFFAOYSA-N,N#Cc1cc(-c2ccc(Cl)[nH]2)c(C#N)c(-c2ccc(Cl)[nH]2)c1,,-1.12
train,2649,RGOMGSCHHLUJLO-UHFFFAOYSA-N,CN(C)c1ccc(C2=C(c3ccc(N(C)C)s3)C(=O)c3nccnc3C2=O)s1,,0.29
train,1011,HNVZHXWIJYLQGW-UHFFFAOYSA-N,N#Cc1cnc2c(c1C#N)C(=O)C=CC2=O,,3.74
train,861,GUODMBGFBZGNNR-UHFFFAOYSA-N,CC1=CC=C(C2=C(C3=CC=C(C)C3)C(=O)c3nc(C#N)cnc3C2=O)C1,,0.85
train,1929,MJLUHQAZFURVMV-UHFFFAOYSA-N,COc1cnc2c(c1)C(=O)C(c1ccc(C#N)cc1)=CC2=O,,2.45
train,2352,OKWHWGIYGNBSAV-UHFFFAOYSA-N,N#CC1=CC=C(C2=CC(=O)c3ncc(C#N)c(C#N)c3C2=O)C1,,2.16
train,2712,RMZRBYHMTSHNEL-UHFFFAOYSA-N,Cc1cnc(C2=C(c3ncc(C)cn3)C(=O)c3nc(C#N)c(C#N)cc3C2=O)nc1,,2.56
train,862,GVCGMRWVZWRYTA-UHFFFAOYSA-N,N#Cc1ccnc2c1C(=O)C(c1ncc(Cl)o1)=C(c1ncc(Cl)o1)C2=O,,2.09
train,5119,MZMVEDLBQGAQSA-UHFFFAOYSA,Sc1ccc(N2c3ccccc3N(c3ccsc3S)c3ccccc32)o1,,0.48
train,1136,ICEPSYPMDDDVNI-UHFFFAOYSA-N,N#Cc1ccnc2c1C(=O)C(c1ncc([N+](=O)[O-])cn1)=C(c1ncc([N+](=O)[O-])cn1)C2=O,,3.04
train,537,DQSCYXLTLTZBEZ-UHFFFAOYSA-N,CC(O)=NC1=CC=C(C2=CC(=O)c3ncc(C#N)c(C#N)c3C2=O)S1(=O)=O,,1.74
train,3358,WSNUODAINZNIEO-UHFFFAOYSA-N,Cn1c(OC(F)(F)F)ccc1C1=CC(=O)c2nc(C#N)ccc2C1=O,,1.53
train,1185,IIYUYCAQRITITD-UHFFFAOYSA-N,COc1ccnc2c1C(=O)C(c1ccc(Cl)n1C)=CC2=O,,1.4
train,3329,WOSVOWFUUOCJMH-UHFFFAOYSA-N,N#Cc1cnc2c(n1)C(=O)C(c1ccc(OC(F)(F)F)n1C=O)=CC2=O,,1.97
train,5445,KTRSEQODUFEGIK-UHFFFAOYSA,Cc1ccc2c(c1)oc(=O)c1c(C3=CS(=O)(=O)C=C3)c3ccccc3cc12,,1.59
train,4997,YFXOZWBVNXKPLD-UHFFFAOYSA-N,c1c[nH]c(C2N=N2)c1,,1.28
train,3141,VCLBDGVEYIPUDD-UHFFFAOYSA-N,Cc1ccc(C2=CC(=O)c3ncccc3C2=O)n1C=O,,1.65
train,3606,XWFCKRHPOVGETD-UHFFFAOYSA-N,COc1nc2c(nc1OC)C(=O)C(c1nc(N=C(C)O)co1)=CC2=O,,1.6
train,4630,PDMNEQPVEZPRSS-UHFFFAOYSA-N,N#Cc1cc(-c2nnc(F)nn2)c(C#N)c(-c2nnc(F)nn2)c1,,2.82
train,3236,WEKLBRYCXCDCRS-UHFFFAOYSA-N,N#Cc1cnc2c(c1C#N)C(=O)C(c1ncccn1)=CC2=O,,2.65
train,4532,NCCHNDROWKVNLR-HMXUXOOYSA-N,CC=Cc1ccc(N=Nc2ccc(C=CC)s2)s1,,0.77
train,2326,OITWWGRCGFGKRS-UHFFFAOYSA-N,N#Cc1ccnc2c1C(=O)C(C1=CC=C(Cl)C1)=CC2=O,,1.64
train,3232,WEBBOFCBIHSRGM-UHFFFAOYSA-N,CC(O)=NC1=CC=C(C2=C(C3=CC=C(N=C(C)O)S3(=O)=O)C(=O)c3nccnc3C2=O)S1(=O)=O,,1.52
train,1741,LMBLQQWEJPAWQE-UHFFFAOYSA-N,COc1ccnc2c1C(=O)C(c1ccc(C#N)o1)=CC2=O,,2.29
train,1387,JHQYKXHFAXXYQQ-WCSRMQSCSA-N,N#Cc1cc(C#N)c2c(n1)C(=O)C=C(C=NS)C2=O,,2.24
train,152,ATAQIBVGIVAXSX-UHFFFAOYSA-N,CC(O)=Nc1ccc(C2=CC(=O)c3nc(C#N)cc(C#N)c3C2=O)n1C=O,,1.31
train,1617,KHEDGXYLNXBLOM-UHFFFAOYSA-N,N#Cc1cnc2c(c1C#N)C(=O)C(c1ccc(C#N)n1C=O)=CC2=O,,2.43
train,714,FMRNTUBFYMKOBD-UHFFFAOYSA-N,N#Cc1ccnc2c1C(=O)C(c1ccc(Cl)[nH]1)=C(c1ccc(Cl)[nH]1)C2=O,,1.03
train,2217,NTEYHCRDFGCWHT-UHFFFAOYSA-N,N#Cc1cc2c(nc1C#N)C(=O)C(c1ccc(S)cn1)=C(c1ccc(S)cn1)C2=O,,1.83
train,3025,UQGQTOZQGHVXOQ-UHFFFAOYSA-N,COc1nc2c(nc1OC)C(=O)C(c1nnc(Cl)nn1)=C(c1nnc(Cl)nn1)C2=O,,2.49
train,5059,ZIKZPOSKJKJMBU-QURGRASLSA-N,Fc1cnc(-c2ccc(N=Nc3ccc(-c4ncc(F)o4)[nH]3)[nH]2)o1,,0.76
train,2656,RHHHYSZWKXXEMU-UHFFFAOYSA-N,N#Cc1cnc2c(n1)C(=O)C(C1=CC=C(F)C1)=C(C1=CC=C(F)C1)C2=O,,1.14
train,1338,JBNBLLSEAFMIAJ-UHFFFAOYSA-N,COc1nc2c(nc1OC)C(=O)C(c1nnc(S)nn1)=C(c1nnc(S)nn1)C2=O,,2.34
train,1997,MSWMRCJQWBYUPI-UHFFFAOYSA-N,COc1nc2c(nc1OC)C(=O)C(c1cnc[nH]1)=C(c1cnc[nH]1)C2=O,,1.45
train,3513,XKUBLPOXSIXPRU-UHFFFAOYSA-N,COc1ccc2c(n1)C(=O)C=C(c1ncc(OC)s1)C2=O,,1.61
train,2707,RMKVODXBVBTNMN-UHFFFAOYSA-N,N#Cc1ccc2c(n1)C(=O)C(n1ccnc1O)=C(n1ccnc1O)C2=O,,1.59
train,5429,IETKFSGGQKZVOX-MDZDMXLPSA,O=c1oc2cc(-c3ccc(F)[nH]3)ccc2c2cc3ccccc3c(/C=C/Cl)c12,,1.02
train,3475,XFTONQQLNHFBON-UHFFFAOYSA-N,N#Cc1ccc(C2=C(c3ccc(C#N)cc3)C(=O)c3nc(C#N)ccc3C2=O)cc1,,2.51
train,3102,UYVNHLMBBNNMPC-UHFFFAOYSA-N,COc1cnc2c(c1)C(=O)C(c1ccc(N(C)C)cn1)=CC2=O,,1.21
train,1058,HTVFADJQPNTGDC-UHFFFAOYSA-N,COc1cnc2c(n1)C(=O)C(c1nc(C#N)cs1)=CC2=O,,2.54
train,5350,JTHBWPVRRXZCAU-MRCUWXFGSA,Cc1cc(-c2ccc(N3c4ccc(-c5ccc(/C=C\C(F)(F)F)cc5)cc4C(C)(C)c4cc(-c5ccc(-c6cc(F)n(C=O)c6)cc5)ccc43)cc2)n[nH]1,,0.66
train,1920,MIMWUUKUDWHZDK-UHFFFAOYSA-N,O=C1C=C(c2cc([N+](=O)[O-])c[nH]2)C(=O)c2nccnc21,,2.11
train,922,HBEVBOKCPZYWDT-UHFFFAOYSA-N,O=C1C=C(c2nc(F)cs2)C(=O)c2nccnc21,,2.3
train,2101,NFEBVZPCJIANGH-UHFFFAOYSA-N,COc1ccnc2c1C(=O)C(c1cc(O)c[nH]1)=CC2=O,,1.17
train,4915,WSEZCVHPQHCTNW-UHFFFAOYSA-N,N#Cc1cc(-c2ccc(Cl)o2)c(C#N)c(-c2ccc(Cl)o2)c1,,-1.06
train,1588,KEMLLZGMEQASKA-UHFFFAOYSA-N,N#Cc1cc2c(nc1C#N)C(=O)C(n1cc(C#N)c3ccccc31)=C(n1cc(C#N)c3ccccc31)C2=O,,2.01
train,4558,NTECWRLOSKTCOE-UHFFFAOYSA-N,N#Cc1cc(C2=CC=C(Cl)S2(=O)=O)c(C#N)c(C2=CC=C(Cl)S2(=O)=O)c1,,2.55
train,4510,MUGLPCCJBAVXKQ-FMQUCBEESA-N,O=Cn1cccc1-c1ccc(N=Nc2ccc(-c3cccn3C=O)s2)s1,,0.92
train,1118,IAIJNLVJDVGCDL-UHFFFAOYSA-N,Cc1ccc(C2=CC(=O)c3nccnc3C2=O)[nH]1,,1.29
train,4252,IALPCBPWTMFNQT-FLWNBWAVSA-N,FC(F)(F)Oc1coc(-c2ccc(N=Nc3ccc(-c4nc(OC(F)(F)F)co4)cc3)cc2)n1,,1.44
train,3504,XJXOQLRHNIEVKO-UHFFFAOYSA-N,COc1ccnc2c1C(=O)C(c1ccc([N+](=O)[O-])n1C=O)=CC2=O,,2.54
train,2496,PCDDMXYUZQTYNO-UHFFFAOYSA-N,Cc1ncc(C2=CC(=O)c3nccnc3C2=O)[nH]1,,1.65
train,3508,XKBXHZKWHPIKFM-UHFFFAOYSA-N,N#Cc1cc(C#N)c2c(n1)C(=O)C(c1cnc(S)[nH]1)=C(c1cnc(S)[nH]1)C2=O,,1.21
train,1597,KFFSRXSYFIOWSL-ARJAWSKDSA-N,N#Cc1ccc2c(n1)C(=O)C=C(C=CO)C2=O,,1.84
train,3030,UQVKEEOQQAYUOB-UHFFFAOYSA-N,N#Cc1c[nH]c(C2=C(c3cc(C#N)c[nH]3)C(=O)c3nccnc3C2=O)c1,,1.4
train,1079,HVXJDCJJFIUPDQ-UHFFFAOYSA-N,N#CC#CC1=C(C#CC#N)C(=O)c2nc(C#N)c(C#N)cc2C1=O,,3.47
train,225,BCCPZVKNPUNTLA-UHFFFAOYSA-N,N#Cc1nc2c(nc1C#N)C(=O)C(c1ccc(C(F)(F)F)o1)=CC2=O,,2.55
train,2397,OQZXQIHXNMGNNW-UHFFFAOYSA-N,N#Cc1nc2c(nc1C#N)C(=O)C(n1cc(Cl)c3ccccc31)=CC2=O,,1.62
train,3848,ZPWGWZGLYDGNMA-UHFFFAOYSA-N,N#Cc1cnc2c(c1)C(=O)C(c1ncc(O)o1)=CC2=O,,1.85
train,4074,DWBKTFMANYMNOE-UHFFFAOYSA-N,N#Cc1ccc(C2(C#N)N=N2)nc1,,3.04
train,2235,NWQNKNOTNPYBHK-UHFFFAOYSA-N,COc1ccnc2c1C(=O)C(C1=CC=C([N+](=O)[O-])C1)=CC2=O,,2.2
train,2789,RWKDKVBNFRSTQP-UHFFFAOYSA-N,COc1ccnc2c1C(=O)C(c1ccc(N(C)C)s1)=CC2=O,,0.85
train,4649,PTAIPHSRRMOGMA-UHFFFAOYSA-N,O=C1c2ccc(-c3cccs3)cc2C(=O)c2cc(-c3cccs3)ccc21,,1.73
train,364,CGQDJQAKJDHYLW-UHFFFAOYSA-N,N#Cc1cnc2c(c1C#N)C(=O)C(n1cc(S)c3ccccc31)=CC2=O,,1.26
train,2793,RWVVADXNMDNYCB-UHFFFAOYSA-N,N#Cc1ccc2c(n1)C(=O)C(c1nc(OC(F)(F)F)co1)=C(c1nc(OC(F)(F)F)co1)C2=O,,2.24
train,1089,HWZMWMHVKOUBPP-UHFFFAOYSA-N,CC(O)=NC#CC1=C(C#CN=C(C)O)C(=O)c2c(C#N)cc(C#N)nc2C1=O,,1.59
train,1174,IGQIFZRNYCOMAS-UHFFFAOYSA-N,COc1ccc(C2=CC(=O)c3nc(C#N)c(C#N)cc3C2=O)nc1,,1.99
train,3495,XIKWBKOASDAXRP-UHFFFAOYSA-N,N#Cc1cnc2c(c1C#N)C(=O)C(c1ncc(S)cn1)=CC2=O,,2.26
train,3831,ZNOLZRJCGAQJFD-UHFFFAOYSA-N,Cn1c(C2=C(c3ccc(C(F)(F)F)n3C)C(=O)c3nc(C#N)ccc3C2=O)ccc1C(F)(F)F,,1.63
train,1488,JTZBUDZHCKBUCW-UHFFFAOYSA-N,N#Cc1ccnc2c1C(=O)C(c1ncc(O)cn1)=C(c1ncc(O)cn1)C2=O,,2.37
train,978,HJXTYPYTHDAGIP-UHFFFAOYSA-N,Cc1coc(C2=C(c3nc(C)co3)C(=O)c3ncc(C#N)cc3C2=O)n1,,1.92
train,3639,XZUSSHSMSHVVPC-UHFFFAOYSA-N,Cn1c(C#N)ccc1C1=CC(=O)c2nc(C#N)cc(C#N)c2C1=O,,2.07
train,1655,KMLGGMDKOOLEBR-UHFFFAOYSA-N,COc1cnc2c(n1)C(=O)C(c1nc(N=C(C)O)cs1)=C(c1nc(N=C(C)O)cs1)C2=O,,1.47
train,258,BSZKDPBBENYGAD-UPHRSURJSA-N,N#CC=CC1=CC(=O)c2nc(C#N)ccc2C1=O,,3.05
train,3835,ZOCKWEKYMYYAKK-UHFFFAOYSA-N,CN(C)c1ccc(C2=C(c3ccc(N(C)C)cc3)C(=O)c3nc(C#N)c(C#N)cc3C2=O)cc1,,0.78
train,5032,YUXUXWXAFGFVKS-UHFFFAOYSA-N,O=C1c2ccc(-c3nc(O)cs3)cc2C(=O)c2cc(-c3nc(O)cs3)ccc21,,1.53
train,3928,AQYFGWINIJJWBQ-KTKRTIGZSA-N,c1csc(N=Nc2cccs2)c1,,1.11
train,3419,XALXPUJXPPUTRX-UHFFFAOYSA-N,N#Cc1nc2c(nc1C#N)C(=O)C(c1ccc(OC(F)(F)F)o1)=C(c1ccc(OC(F)(F)F)o1)C2=O,,1.53
train,2575,QJZFQGDDMROMPD-UHFFFAOYSA-N,N#Cc1ccnc2c1C(=O)C(c1cc([N+](=O)[O-])c[nH]1)=C(c1cc([N+](=O)[O-])c[nH]1)C2=O,,1.64
train,5151,XQIIIVUGAUMWPW-UHFFFAOYSA,FC(F)(F)c1ccc(N2c3ccccc3Nc3ccccc32)cc1,,0.21
train,2379,OPAWPKHCLMFLHG-UHFFFAOYSA-N,N#Cc1cnc2c(c1C#N)C(=O)C(c1ccc(OC(F)(F)F)[nH]1)=CC2=O,,1.58
train,1027,HQDSNDRBMKUWLN-UHFFFAOYSA-N,N#Cc1cc2c(nc1C#N)C(=O)C=C(c1ccc(OC(F)(F)F)o1)C2=O,,2.02
train,954,HFEQZURLZKRBCO-UHFFFAOYSA-N,N#Cc1nc2c(nc1C#N)C(=O)C(n1cc([N+](=O)[O-])c3ccccc31)=CC2=O,,2.14
train,5262,UGZSAEKLOBDOFH-QXMHVHEDSA,C=CSN1c2ccccc2N(/C=C\S)c2ccccc21,,0.41
train,163,AUTTWGQNZKCCQH-UCZKPGLMSA-N,O=C1C(C=CO)=C(C=CO)C(=O)c2ncccc21,,1.16
train,5252,OKEFHZCWIUWKSW-UHFFFAOYSA,N#Cc1ncc(N2c3ccccc3N(c3ccnc(C#N)n3)c3ccccc32)cn1,,0.89
train,4,AAUFRJVSRZUMGK-UHFFFAOYSA-N,N#Cc1cc(C#N)c2c(n1)C(=O)C=C(c1cnc([N+](=O)[O-])[nH]1)C2=O,,2.62
train,3317,WNMYZKBLGANCIC-UHFFFAOYSA-N,N#Cc1cnc2c(n1)C(=O)C(n1ccnc1C#N)=CC2=O,,2.64
train,209,BAKIRIDHYTWDHR-UHFFFAOYSA-N,COc1ccnc2c1C(=O)C(C1=CC=C(C(F)(F)F)C1)=CC2=O,,1.94
train,4077,DWXOIKGIKKZBBN-ISLYRVAYSA-N,c1coc(-c2ccc(N=Nc3ccc(-c4ncco4)o3)o2)n1,,1.14
train,601,DZFKMOHOAXYLJM-UHFFFAOYSA-N,N#Cc1ccc(C2=CC(=O)c3nc(C#N)c(C#N)nc3C2=O)o1,,2.52
train,4883,VWZBSTIBPIQIGW-FMQUCBEESA-N,COc1coc(-c2ccc(N=Nc3ccc(-c4nc(OC)co4)s3)s2)n1,,1.04
train,4141,FZZREEZDZUQMHA-FMQUCBEESA-N,O=[N+]([O-])c1c[nH]c(-c2ccc(N=Nc3ccc(-c4cc([N+](=O)[O-])c[nH]4)o3)o2)c1,,0.73
train,4611,OSWMTBHWIOIBSG-UHFFFAOYSA-N,N#Cc1cc(-c2cnc(C#N)[nH]2)c(C#N)c(-c2cnc(C#N)[nH]2)c1,,-0.52
train,320,BZRSYXFAPILGPM-UHFFFAOYSA-N,N#Cc1ccnc2c1C(=O)C(c1ccc(O)[nH]1)=CC2=O,,1.12
train,4696,QWKGEMQWTBOYJR-ZCXUNETKSA-N,COc1nnc(-c2ccc(N=Nc3ccc(-c4nnc(OC)nn4)[nH]3)[nH]2)nn1,,1.01
train,4433,LGEBIZCWKDXNAH-UHFFFAOYSA-N,Cc1ccc(-c2cc(C#N)cc(-c3ccc(C)n3C)c2C#N)n1C,,1.17
train,216,BAVHDSOYCKHIGJ-UHFFFAOYSA-N,CC(O)=Nc1cn(C2=CC(=O)c3nc(C#N)cc(C#N)c3C2=O)c2ccccc12,,1.14
train,207,AZZPNFLUFFJDCN-UHFFFAOYSA-N,N#Cc1ccc(C2=CC(=O)c3nc(C#N)c(C#N)cc3C2=O)o1,,2.47
train,229,BPUYEWDBWNFAPZ-UHFFFAOYSA-N,N#CC1=CC=C(C2=CC(=O)c3nc(C#N)cc(C#N)c3C2=O)C1,,2.14
train,3093,UXQMXCLPLJIUPO-UHFFFAOYSA-N,COc1nc2c(nc1OC)C(=O)C(c1ncc(C)s1)=CC2=O,,1.9
train,4488,MIGUOAXZJSJHKS-UHFFFAOYSA-N,Cc1nnc(-c2ccc3c(c2)C(=O)c2cc(-c4nnc(C)nn4)ccc2C3=O)nn1,,2.26
train,2323,OIESAHAZLBLMFF-UHFFFAOYSA-N,CN(C)c1csc(C2=C(c3nc(N(C)C)cs3)C(=O)c3nc(C#N)c(C#N)cc3C2=O)n1,,0.85
train,40,AFYJAEFNRYZWSF-UHFFFAOYSA-N,N#Cc1cnc2c(n1)C(=O)C=C(c1ccco1)C2=O,,2.0
train,1227,INKGYJNOPUIDSM-UHFFFAOYSA-N,COc1cnc2c(c1)C(=O)C(C1=CC=C(N(C)C)C1)=CC2=O,,0.54
train,4529,NAENMAXOXHGNFQ-PGMKUTCJSA-N,FC(F)(F)OC=Cc1ccc(N=Nc2ccc(C=COC(F)(F)F)s2)s1,,1.01
train,283,BWAQCIPSOMEVMP-UHFFFAOYSA-N,N#Cc1cc2c(nc1C#N)C(=O)C=C(c1ccc([N+](=O)[O-])cc1)C2=O,,3.01
train,702,FLOJOOWKIIRBHA-UHFFFAOYSA-N,Cc1ccc(C2=C(c3ccc(C)o3)C(=O)c3c(C#N)cc(C#N)nc3C2=O)o1,,1.1
train,980,HKLJWNXCNRIHPW-UHFFFAOYSA-N,COc1cnc2c(n1)C(=O)C(c1nc(N=C(C)O)cs1)=CC2=O,,1.57
train,2659,RHMLIMFGQKARLX-UHFFFAOYSA-N,N#Cc1cc(C#N)c2c(n1)C(=O)C=C(C#CF)C2=O,,3.23
train,4236,HUNSVDUCLDESDX-ISLYRVAYSA-N,OC#Cc1ccc(N=Nc2ccc(C#CO)cc2)cc1,,1.37
train,402,CLCUZWUMESAALN-UHFFFAOYSA-N,N#Cc1cnc2c(n1)C(=O)C=C(c1ccc([N+](=O)[O-])cc1)C2=O,,2.99
train,1647,KLNUGAFTPXKKJT-UHFFFAOYSA-N,N#Cc1cc(C#N)c2c(n1)C(=O)C=C(c1ccc(OC(F)(F)F)o1)C2=O,,1.95
train,1435,JMDUPCXVQLMXDD-UHFFFAOYSA-N,O=C1C=C(c2nccs2)C(=O)c2nccnc21,,2.26
train,1102,HYKRCGBIVKOMTG-UHFFFAOYSA-N,COc1cnc2c(c1)C(=O)C(c1ncc(OC)s1)=CC2=O,,1.64
train,873,GVUNTZZMAHRFBQ-UHFFFAOYSA-N,Cn1c(F)ccc1C1=C(c2ccc(F)n2C)C(=O)c2c(C#N)cc(C#N)nc2C1=O,,1.11
train,897,GXYVWHLZIHZCNZ-UHFFFAOYSA-N,N#CC#CC1=C(C#CC#N)C(=O)c2nccnc2C1=O,,3.33
train,2805,RYIOBROAUPFZEY-UHFFFAOYSA-N,CC#CC1=CC(=O)c2nc(OC)ccc2C1=O,,2.4
train,4307,IWSXYUCCSKMCRK-UHFFFAOYSA-N,N#Cc1cc(C2=CC=C(F)S2(=O)=O)c(C#N)c(C2=CC=C(F)S2(=O)=O)c1,,2.59
train,3600,XVSHROUEFNWLSQ-UHFFFAOYSA-N,N#Cc1cc2c(nc1C#N)C(=O)C(c1ncc(Cl)cn1)=C(c1ncc(Cl)cn1)C2=O,,2.79
train,3042,URUKMZVYRSXCOO-UHFFFAOYSA-N,N#Cc1cnc2c(c1C#N)C(=O)C(c1ccc(S)cc1)=CC2=O,,1.82
train,3002,UNDPYBCCIFPYFM-UHFFFAOYSA-N,COc1ccc2c(n1)C(=O)C=C(C1=CC=C(F)S1(=O)=O)C2=O,,2.41
train,4143,GBAMTVHGFZIHRZ-UHFFFAOYSA-N,O=C1c2ccc(-c3ccc(Cl)[nH]3)cc2C(=O)c2cc(-c3ccc(Cl)[nH]3)ccc21,,1.27
train,2888,SHNQWMYPYUUZBA-UHFFFAOYSA-N,N#Cc1ccnc2c1C(=O)C(c1ccccn1)=C(c1ccccn1)C2=O,,2.32
train,5298,LTRUVAOCGQVYDE-UHFFFAOYSA,CC1(C)c2cc(-c3ccccc3)ccc2N(c2ccccc2)c2ccc(-c3ccccc3)cc21,,0.68
train,1742,LMBZWUVMOAAHQK-UHFFFAOYSA-N,N#Cc1cc(C#N)c2c(n1)C(=O)C(n1ccnc1)=C(n1ccnc1)C2=O,,2.14
train,2760,RTBMSUFETNXGTB-JENZJZHWSA-N,N#Cc1cc(C#N)c2c(n1)C(=O)C(C=NC(F)(F)F)=C(C=NC(F)(F)F)C2=O,,3.1
train,715,FMXGIWRWFZHVAE-UHFFFAOYSA-N,Cc1c[nH]c(C2=C(c3cc(C)c[nH]3)C(=O)c3nc(C#N)ccc3C2=O)c1,,0.78
train,3672,YSWMBMPUVQZXJW-UHFFFAOYSA-N,N#Cc1cnc2c(c1C#N)C(=O)C(C1=CC=C(O)C1)=C(C1=CC=C(O)C1)C2=O,,0.62
train,387,CJEZAFDMKPBSAN-XRVIQIRUSA-N,N#CN=CC1=CC(=O)c2nc(C#N)c(C#N)nc2C1=O,,3.27
train,3478,XGPTUSFIKQEGQC-UHFFFAOYSA-N,N#Cc1nc2c(nc1C#N)C(=O)C(n1cc(Cl)nn1)=CC2=O,,2.93
train,3627,XYHPRRSFQSCZFF-UHFFFAOYSA-N,COc1ccc(C2=CC(=O)c3nccnc3C2=O)n1C=O,,1.41
train,3841,ZOXMMVVBFKKKOH-UHFFFAOYSA-N,CN(C)c1ccc(C2=C(c3ccc(N(C)C)[nH]3)C(=O)c3nc(C#N)cnc3C2=O)[nH]1,,-0.11
train,690,FJRKOWBIYRMXKW-UHFFFAOYSA-N,Cc1cnc(C2=C(c3ncc(C)o3)C(=O)c3ncccc3C2=O)o1,,1.75
train,177,AWHVNCWAWZVYMH-UHFFFAOYSA-N,Cc1ccc(C2=CC(=O)c3ncccc3C2=O)n1C,,1.21
train,4453,LPVGTYMDLCCNLF-UHFFFAOYSA-N,O=C1c2ccc(C3=CC=C(Cl)C3)cc2C(=O)c2cc(C3=CC=C(Cl)C3)ccc21,,1.45
train,1757,LOSFZQALWVHJDM-UHFFFAOYSA-N,N#Cc1cnc2c(n1)C(=O)C(c1nnc(Cl)nn1)=CC2=O,,2.64
train,1877,MDDBFFYKWFOVLZ-UHFFFAOYSA-N,COc1nc2c(nc1OC)C(=O)C(c1ncc([N+](=O)[O-])o1)=CC2=O,,2.45
train,2081,NCFFEHTWGXJRDH-UHFFFAOYSA-N,O=C1C(c2ccc(C(F)(F)F)s2)=C(c2ccc(C(F)(F)F)s2)C(=O)c2ncccc21,,1.96
train,4702,QZJIIXUKODUNCE-VHXPQNKSSA-N,COc1ccc(-c2ccc(N=Nc3ccc(-c4ccc(OC)n4C=O)[nH]3)[nH]2)n1C=O,,0.61
train,1296,IVMBQUIZUZEWLZ-UHFFFAOYSA-N,N#Cc1cn(C2=CC(=O)c3nccc(C#N)c3C2=O)nn1,,3.27
train,4411,KVVLQIRVYQOTOI-DQRAZIAOSA-N,Cc1c[nH]c(-c2ccc(N=Nc3ccc(-c4cc(C)c[nH]4)s3)s2)c1,,0.38
train,1367,JFGMAFWDTQZEBN-UHFFFAOYSA-N,N#CC1=CC=C(C2=C(C3=CC=C(C#N)C3)C(=O)c3nc(C#N)c(C#N)nc3C2=O)C1,,1.86
train,3630,XYXUCVUNNZUJER-UHFFFAOYSA-N,CN(C)c1cnc(C2=C(c3ncc(N(C)C)o3)C(=O)c3nc(C#N)ccc3C2=O)o1,,0.53
train,3856,ZQPJZBSIQWEYFD-UHFFFAOYSA-N,N#Cc1cc(C#N)c2c(n1)C(=O)C(c1ccc([N+](=O)[O-])cc1)=C(c1ccc([N+](=O)[O-])cc1)C2=O,,2.75
train,2783,RVYGCKGHURAAIO-UHFFFAOYSA-N,CC(O)=Nc1ccc(C2=CC(=O)c3ncc(C#N)nc3C2=O)n1C=O,,1.32
train,2181,NOAOSAWOXLMVEG-PLNGDYQASA-N,COc1ccc2c(n1)C(=O)C=C(C=CO)C2=O,,1.65
train,2541,PHEPDCAWKSQXMA-UHFFFAOYSA-N,Cc1ccc(C2=C(c3ccc(C)n3C=O)C(=O)c3nccnc3C2=O)n1C=O,,1.35
train,4135,FXMWRYKXOWLGDD-UHFFFAOYSA-N,O=[N+]([O-])c1ccc(C2([N+](=O)[O-])N=N2)o1,,2.97
train,1845,LZFZXRVIHLGILY-UHFFFAOYSA-N,N#Cc1cc2c(nc1C#N)C(=O)C(n1cc([N+](=O)[O-])nn1)=C(n1cc([N+](=O)[O-])nn1)C2=O,,3.54
train,721,GBASNMUJWHRLLD-UHFFFAOYSA-N,CC1=CC=C(C2=CC(=O)c3nccnc3C2=O)S1(=O)=O,,2.37
train,2183,NOMGAXGSSSXDOM-UHFFFAOYSA-N,COC1=CC=C(C2=C(C3=CC=C(OC)S3(=O)=O)C(=O)c3ncccc3C2=O)S1(=O)=O,,1.67
train,4441,LIMLKRDWJARBMT-FMQUCBEESA-N,O=[N+]([O-])c1c[nH]c(-c2ccc(N=Nc3ccc(-c4cc([N+](=O)[O-])c[nH]4)s3)s2)c1,,0.91
train,4065,DPPNCCYTEIOSKD-FOCLMDBBSA-N,COc1nnc(-c2ccc(N=Nc3ccc(-c4nnc(OC)nn4)o3)o2)nn1,,1.45
train,520,DOJCKEMATBHISA-UHFFFAOYSA-N,Cn1c(C2=CC(=O)c3nc(C#N)ccc3C2=O)ccc1[N+](=O)[O-],,2.32
train,2191,NPJRGBKBEGHKGC-UHFFFAOYSA-N,CC(O)=Nc1ccc(C2=C(c3ccc(N=C(C)O)o3)C(=O)c3nc(C#N)ccc3C2=O)o1,,1.05
train,4209,HHFRPCBQXYSDCN-UHFFFAOYSA-N,N#Cc1cc(-c2cccn2C=O)c(C#N)c(-c2cccn2C=O)c1,,-0.98
train,1294,IVGZRWSMOJZTFI-UHFFFAOYSA-N,COc1cnc2c(n1)C(=O)C=C(c1ncc(N=C(C)O)cn1)C2=O,,1.97
train,429,CPZFIHLKCAQMNH-UHFFFAOYSA-N,N#Cc1ccc2c(n1)C(=O)C=C(c1ncc(Cl)o1)C2=O,,2.35
train,3429,XBLIIKHUHDTTLL-UHFFFAOYSA-N,CC(O)=Nc1ccc(C2=CC(=O)c3nccc(C#N)c3C2=O)n1C,,0.94
train,4873,VQKNNQCCPGSLPB-VAVLHINXSA-N,FC(F)(F)ON=Cc1ccc(N=Nc2ccc(C=NOC(F)(F)F)s2)s1,,1.7
train,2319,OHWSMFAZADEZGE-UHFFFAOYSA-N,COc1nc2c(nc1OC)C(=O)C(c1ncc(Cl)cn1)=CC2=O,,2.32
train,1221,IMKRVPNTARLQOE-UHFFFAOYSA-N,N#Cc1ccnc2c1C(=O)C(c1ccc(OC(F)(F)F)o1)=CC2=O,,1.95
train,4653,PUUGWYMDTCHYNU-FMQUCBEESA-N,Clc1ccc(-c2ccc(N=Nc3ccc(-c4ccc(Cl)s4)s3)s2)s1,,0.79
train,668,FGZLPJWMDRUYOF-UHFFFAOYSA-N,O=C1C=C(C2=CC=C([N+](=O)[O-])C2)C(=O)c2nccnc21,,2.28
train,3735,ZBAZNFGQQXVZMJ-UHFFFAOYSA-N,COc1ccc(C2=CC(=O)c3ncc(C#N)c(C#N)c3C2=O)cc1,,1.83
train,5322,ZEFZNQJWVLBBRM-UHFFFAOYSA,CO[C]1=N[N]C(=NN=1)c1ccc(cc1)N1c2ccc(cc2C(c2c1ccc(c2)c1ccc(cc1)c1ccc(o1)O)(C)C)c1ccc(cc1)c1ccc(nc1)OC,,0.61
train,2695,RLLGSCKCQVRMKC-UHFFFAOYSA-N,N#Cc1cnc2c(c1C#N)C(=O)C(c1ncc(S)cn1)=C(c1ncc(S)cn1)C2=O,,2.17
train,3566,XQIUPIWARNFJQE-UHFFFAOYSA-N,O=C1C(c2ncc(C(F)(F)F)o2)=C(c2ncc(C(F)(F)F)o2)C(=O)c2nccnc21,,2.73
train,3279,WKQOXDBKLSHIAI-UHFFFAOYSA-N,Cc1cn(C2=C(n3cc(C)c4ccccc43)C(=O)c3c(C#N)cc(C#N)nc3C2=O)c2ccccc12,,1.35
train,5517,ZIDDMBBAMVHLSQ-DJWKRKHSSA,C/C=C\c1c2ccccc2cc2c1c(=O)oc1cc(-c3ccoc3[N+](=O)[O-])ccc12,,1.49
train,958,HGDWADQUCKEFMR-UHFFFAOYSA-N,COc1ccnc2c1C(=O)C(c1cc(N(C)C)c[nH]1)=CC2=O,,0.59
train,927,HCDDYYXPNSUFBK-UHFFFAOYSA-N,Cc1coc(C2=CC(=O)c3ncc(C#N)nc3C2=O)n1,,2.23
train,3443,XCNSXNTZBUBWCS-UHFFFAOYSA-N,COc1ccc2c(n1)C(=O)C=C(c1ccc(S)cc1)C2=O,,1.72
train,2283,OCVREIZTEBICJB-UHFFFAOYSA-N,COc1ccc2c(n1)C(=O)C=C(c1nnc([N+](=O)[O-])nn1)C2=O,,2.85
train,4862,VJJHGSBINDPJTE-UHFFFAOYSA-N,Cc1csc(-c2ccc3c(c2)C(=O)c2cc(-c4nc(C)cs4)ccc2C3=O)n1,,1.87
train,1801,LUMPZBCGODAOBG-UHFFFAOYSA-N,CN(C)c1csc(C2=C(c3nc(N(C)C)cs3)C(=O)c3nc(C#N)ccc3C2=O)n1,,0.82
train,5244,KPEVHWWFRCJQSY-UHFFFAOYSA,N#Cc1cc(N2c3ccccc3N(c3ccoc3C#N)c3ccccc32)co1,,0.42
train,354,CFKFUUWWPZSEQC-UHFFFAOYSA-N,N#Cc1ccc2c(n1)C(=O)C(c1ncc(C(F)(F)F)o1)=C(c1ncc(C(F)(F)F)o1)C2=O,,2.78
train,628,FCEYQBWKJAKXMY-SNAWJCMRSA-N,COc1cnc2c(c1)C(=O)C(C=CN(C)C)=CC2=O,,1.03
train,4382,KGOQQGKHFVCHLU-VXPUYCOJSA-N,Oc1coc(-c2ccc(N=Nc3ccc(-c4nc(O)co4)[nH]3)[nH]2)n1,,0.65
train,604,DZKRXTUWEPAFFE-TZFCGSKZSA-N,N#Cc1cnc2c(c1C#N)C(=O)C(C=CO)=C(C=CO)C2=O,,1.36
train,2127,NICHWFICIRPSCZ-UHFFFAOYSA-N,COc1ccnc2c1C(=O)C(C1=CC=C(F)C1)=CC2=O,,1.51
train,1275,ITJRTKTZVSJKRQ-UHFFFAOYSA-N,N#Cc1ccc2c(n1)C(=O)C=C(c1cccn1C=O)C2=O,,1.93
train,497,DMGHHQFKHIJLFS-UHFFFAOYSA-N,N#Cc1cnc2c(n1)C(=O)C(n1cc(S)nn1)=C(n1cc(S)nn1)C2=O,,2.02
train,4928,WXPRIPLMRHTAJQ-ISLYRVAYSA-N,c1nnc(-c2ccc(N=Nc3ccc(-c4nncnn4)s3)s2)nn1,,1.7
train,4181,GSDGRRWFJMTHGJ-DQRAZIAOSA-N,Oc1ccc(-c2ccc(N=Nc3ccc(-c4ccc(O)s4)cc3)cc2)s1,,0.81
train,2936,UGIIOFUNCIANIV-PQMHYQBVSA-N,N#Cc1cnc2c(c1)C(=O)C(C=N)=CC2=O,,2.94
train,4650,PTDQXCQKCYDWCN-UHFFFAOYSA-N,OC#CC1(O)N=N1,,2.15
train,2666,RINGRWCJJLUAPA-UHFFFAOYSA-N,Cc1cn(C2=CC(=O)c3nc(C#N)cc(C#N)c3C2=O)nn1,,2.63
train,5113,JSLDOVXFCPZMKD-UHFFFAOYSA,N#Cc1occc1N1c2ccccc2N([N+](=O)[O-])c2ccccc21,,1.41
train,762,GGZPKLSEMUXNSY-UHFFFAOYSA-N,N#Cc1cnc2c(n1)C(=O)C(C1=CC=C(Cl)C1)=CC2=O,,1.6
train,1234,INVKGWJFFMYLBL-UHFFFAOYSA-N,N#Cc1cc2c(nc1C#N)C(=O)C(c1cnc(S)[nH]1)=C(c1cnc(S)[nH]1)C2=O,,1.22
train,1265,IRYYVYTWMURBRR-UHFFFAOYSA-N,O=C1C=C(c2nc(C(F)(F)F)cs2)C(=O)c2nccnc21,,2.71
train,5240,JBOPCEBVGJGTEU-WOJGMQOQSA,C=NOCN1c2ccccc2N(/C=N/OC)c2ccccc21,,0.76
train,1539,JZDLSTYSUHGKKB-UHFFFAOYSA-N,O=C1C=C(n2cc(C(F)(F)F)c3ccccc32)C(=O)c2nccnc21,,1.86
train,872,GVSZURNCXUZWQL-UHFFFAOYSA-N,COC1=CC=C(C2=C(C3=CC=C(OC)S3(=O)=O)C(=O)c3nccnc3C2=O)S1(=O)=O,,1.77
train,747,GENUGUAPXXZPNK-UHFFFAOYSA-N,N#Cc1nc2c(nc1C#N)C(=O)C(c1ncc(O)s1)=CC2=O,,1.87
train,5370,SUOZGVCFDBPTQS-UHFFFAOYSA,CC1(C)c2cc(-c3ccc(-c4nncnn4)cc3)ccc2N(c2ccc(-c3nncnn3)cc2)c2ccc(-c3ccc(-c4nncnn4)cc3)cc21,,0.9
train,3006,UNKBPSIJKDOYQY-UHFFFAOYSA-N,N#Cc1cc(C#N)c2c(n1)C(=O)C(c1nncnn1)=C(c1nncnn1)C2=O,,2.53
train,1860,MBFWUJHUMSEFSC-UHFFFAOYSA-N,O=C1C(c2nncnn2)=CC(=O)c2ncccc21,,2.38
train,2817,RZUYQMRSXLBAGT-UHFFFAOYSA-N,COc1ccc(C2=C(c3ccc(OC)[nH]3)C(=O)c3nc(C#N)c(C#N)nc3C2=O)[nH]1,,0.54
train,3223,WDHGRMMWORAILH-UHFFFAOYSA-N,COC1=CC=C(C2=CC(=O)c3nc(C#N)cnc3C2=O)C1,,1.12
train,5029,YTCGVSYSAJXSIB-UHFFFAOYSA-N,N#Cc1cc(-c2ccc(F)n2C=O)c(C#N)c(-c2ccc(F)n2C=O)c1,,1.82
train,4299,IRLLACSCVLEIRY-UHFFFAOYSA-N,C1=CCC(C2N=N2)=C1,,1.31
train,5343,FZJUTFMDMFWMFC-UHFFFAOYSA,CC1(C)c2cc(-c3ccc(-c4c[nH]c(O)c4)cc3)ccc2N(c2ccc(-c3c[nH]c(O)c3)cc2)c2ccc(-c3ccc(-c4c[nH]c(O)c4)cc3)cc21,,0.47
train,1796,LTWLHBOMPANGFB-UHFFFAOYSA-N,N#Cc1nc2c(nc1C#N)C(=O)C(c1nnc(F)nn1)=CC2=O,,2.78
train,1956,MNJTYQLUJWHSOI-UHFFFAOYSA-N,CN(C)c1ccc(C2=CC(=O)c3nc(C#N)c(C#N)nc3C2=O)nc1,,1.3
train,1961,MOGRDZMSOUTFKN-UHFFFAOYSA-N,N#Cc1nc2c(nc1C#N)C(=O)C(c1cnc([N+](=O)[O-])[nH]1)=CC2=O,,2.74
train,5167,DTKKIZFYDFRWFT-YBFXNURJSA,S/N=C/N1c2ccccc2N(c2ccnc(S)n2)c2ccccc21,,0.75
train,4530,NAJVLYXVJYDXGO-ZPUQHVIOSA-N,N#Cc1cc(C=COC(F)(F)F)c(C#N)c(C=COC(F)(F)F)c1,,-1.02
train,4844,UYIARXYFPGMNDC-UHFFFAOYSA-N,Cn1cccc1-c1ccc2c(c1)C(=O)c1cc(-c3cccn3C)ccc1C2=O,,1.36
train,2062,NACSVNYOZMSDBY-UHFFFAOYSA-N,O=C1C(n2cc(S)nn2)=C(n2cc(S)nn2)C(=O)c2nccnc21,,1.98
train,3148,VDNZVAMHLHIVSR-UHFFFAOYSA-N,COc1nc2c(nc1OC)C(=O)C(c1nc(N=C(C)O)co1)=C(c1nc(N=C(C)O)co1)C2=O,,1.59
train,5168,FBUYVABPWQIQIL-UHFFFAOYSA,C#CON1c2ccccc2N(C#COC)c2ccccc21,,1.06
train,4266,IFWRZSASHGJFJC-DQRAZIAOSA-N,FC1=CC=C(c2ccc(N=Nc3ccc(C4=CC=C(F)C4)s3)s2)C1,,0.39
train,108,ANVRJYLNAWMKFF-FMQZQXMHSA-N,CC(O)=NN=CC1=CC(=O)c2nc(C#N)cc(C#N)c2C1=O,,2.14
train,2991,UMHKMZJPXJAIDI-UHFFFAOYSA-N,COc1cnc2c(n1)C(=O)C(c1cnc([N+](=O)[O-])[nH]1)=CC2=O,,2.45
train,3281,WKUSDTYMLOXXNE-UHFFFAOYSA-N,N#Cc1cnc2c(n1)C(=O)C(n1cc(O)c3ccccc31)=CC2=O,,1.22
train,616,FBBZRXXJRXKVIO-UHFFFAOYSA-N,N#Cc1cnc2c(c1)C(=O)C(c1ncc(C#N)o1)=CC2=O,,2.88
train,3206,WAOYXIYEYVWGBT-UHFFFAOYSA-N,Cn1c(O)ccc1C1=CC(=O)c2ncc(C#N)nc2C1=O,,1.16
train,603,DZJHVFUQQHAHEN-UHFFFAOYSA-N,O=C1C(n2cc(Cl)c3ccccc32)=C(n2cc(Cl)c3ccccc32)C(=O)c2nccnc21,,1.56
train,298,BXVGAUXONMQQSX-UHFFFAOYSA-N,O=C1C(C2=CC=CC2)=CC(=O)c2ncccc21,,1.49
train,4001,CBOGOZSCLHQWAE-FLWNBWAVSA-N,FC(F)(F)c1ccc(-c2ccc(N=Nc3ccc(-c4ccc(C(F)(F)F)o4)cc3)cc2)o1,,1.26
train,4927,WXLHOLLAEDINGQ-UHFFFAOYSA-N,N#Cc1cc(-c2ncc([N+](=O)[O-])o2)c(C#N)c(-c2ncc([N+](=O)[O-])o2)c1,,-0.09
train,1648,KLOHNQPNCSDMLA-UHFFFAOYSA-N,N#Cc1cnc2c(c1C#N)C(=O)C(n1cc(F)nn1)=C(n1cc(F)nn1)C2=O,,2.87
train,5135,SHVHHQYERPTTKP-UHFFFAOYSA,FC(F)(F)c1cc(N2c3ccccc3N(c3cnc(C(F)(F)F)o3)c3ccccc32)c[nH]1,,0.51
train,794,GMHIACZECGEPNO-UHFFFAOYSA-N,O=C1C=C(c2ccc(C(F)(F)F)[nH]2)C(=O)c2nccnc21,,1.96
train,686,FJAAOQFZPCDKBR-UHFFFAOYSA-N,N#Cc1cnc2c(n1)C(=O)C=C(c1ccc(OC(F)(F)F)cc1)C2=O,,2.4
train,1721,LKARPFDQWMYYLT-UHFFFAOYSA-N,COc1ccnc2c1C(=O)C(c1c[nH]c(C#N)n1)=CC2=O,,2.26
train,4547,NJVGZJSGQDBPAQ-FMQUCBEESA-N,COc1ccc(-c2ccc(N=Nc3ccc(-c4ccc(OC)o4)o3)o2)o1,,0.27
train,203,AZEPUXWVBMGFMZ-UHFFFAOYSA-N,N#Cc1coc(C2=C(c3nc(C#N)co3)C(=O)c3nc(C#N)c(C#N)cc3C2=O)n1,,2.83
train,3376,WVEISFCXBAPRST-UHFFFAOYSA-N,N#Cc1cnc2c(n1)C(=O)C(c1cc(Cl)c[nH]1)=CC2=O,,1.68
train,206,AZYXYKBYJIEDGZ-UHFFFAOYSA-N,COc1c[nH]c(C2=C(c3cc(OC)c[nH]3)C(=O)c3nc(C#N)c(C#N)cc3C2=O)c1,,0.67
train,1785,LSOKFBCLQNFGSZ-UHFFFAOYSA-N,COc1cnc2c(c1)C(=O)C(c1nc(C#N)co1)=CC2=O,,2.48
train,4961,XNXCXENKTKRNJU-LBPZLPHVSA-N,OC=Cc1ccc(N=Nc2ccc(C=CO)o2)o1,,0.51
train,2114,NGVHGGWMQUHQRS-UHFFFAOYSA-N,COc1ccc2c(n1)C(=O)C=C(c1ccc(C)o1)C2=O,,1.52
train,3664,YSHCQYIIYGDMRL-UHFFFAOYSA-N,Cc1nccn1C1=C(n2ccnc2C)C(=O)c2nc(C#N)cnc2C1=O,,1.93
train,1204,IKXXUAJVYIZUPA-UHFFFAOYSA-N,N#Cc1cnc2c(c1)C(=O)C(C1=CC=C([N+](=O)[O-])C1)=CC2=O,,2.39
train,385,CJAZLRRUTVUIOW-UHFFFAOYSA-N,Cc1ccc(C2=CC(=O)c3nc(C#N)c(C#N)nc3C2=O)n1C,,1.38
train,548,DRRSZEOKYJSGAJ-UHFFFAOYSA-N,COc1cnc2c(n1)C(=O)C=C(c1nnc(OC(F)(F)F)nn1)C2=O,,2.68
train,4801,UATJMJADWAXJQS-DQRAZIAOSA-N,FC1=CC=C(c2ccc(N=Nc3ccc(C4=CC=C(F)C4)o3)o2)C1,,0.27
train,4093,FGBYDGDHFSDRFR-UHFFFAOYSA-N,N#Cc1ccc(-c2ccc3c(c2)C(=O)c2cc(-c4ccc(C#N)cc4)ccc2C3=O)cc1,,2.61
train,4496,MLVPVDPNMXZHAL-UHFFFAOYSA-N,c1csc(C2N=N2)n1,,2.16
train,4962,XOQGXSYVWVOCNN-FOCLMDBBSA-N,Fc1nnc(-c2ccc(N=Nc3ccc(-c4nnc(F)nn4)o3)o2)nn1,,1.67
train,1306,IWBGZYISBINVIM-UHFFFAOYSA-N,N#Cc1cnc2c(n1)C(=O)C(c1nnc([N+](=O)[O-])nn1)=CC2=O,,2.95
train,3574,XRUAIKJCLPWVMY-WCSRMQSCSA-N,CN=CC1=CC(=O)c2nc(C#N)c(C#N)nc2C1=O,,2.06
train,118,AOLUJLFASIFBOG-UHFFFAOYSA-N,N#Cc1nc2c(nc1C#N)C(=O)C=CC2=O,,3.7
train,3526,XLVYWFUNBSVNSO-UHFFFAOYSA-N,O=C1C=C(c2ccc(OC(F)(F)F)[nH]2)C(=O)c2nccnc21,,1.56
train,2276,OBRDRXKNUFWUMK-UHFFFAOYSA-N,CC(O)=Nc1nnc(C2=CC(=O)c3nc(C#N)cc(C#N)c3C2=O)nn1,,2.19
train,2645,RFMXOLXSJZDDCI-UHFFFAOYSA-N,Cc1cnc(C2=CC(=O)c3ncc(C#N)c(C#N)c3C2=O)nc1,,2.54
train,2446,OWZUMXIIJBFPPX-UHFFFAOYSA-N,N#Cc1cc2c(nc1C#N)C(=O)C(C1=CC=C(F)C1)=C(C1=CC=C(F)C1)C2=O,,1.14
train,5515,ZEBPEUUVNKENBJ-UHFFFAOYSA,COc1ncc(-c2ccc3c(c2)oc(=O)c2c(C4=CS(=O)(=O)C(F)=C4)c4ccccc4cc23)o1,,1.31
train,4838,UVPMWAUAFSWDAY-UHFFFAOYSA-N,N#Cc1cc2c3cc(C#N)c4cccc5c(C#N)cc(c6cc(C#N)c7cccc1c7c26)c3c45,,1.53
train,678,FINCQDITXNXKQX-UHFFFAOYSA-N,N#Cc1cnc2c(c1)C(=O)C(c1cc([N+](=O)[O-])c[nH]1)=C(c1cc([N+](=O)[O-])c[nH]1)C2=O,,1.62
train,4744,RWFRPOBYWKKEID-ISLYRVAYSA-N,O=[N+]([O-])c1csc(-c2ccc(N=Nc3ccc(-c4nc([N+](=O)[O-])cs4)s3)s2)n1,,1.48
train,2136,NISQHELNTBLYSB-UHFFFAOYSA-N,CC1=CC=C(C2=C(C3=CC=C(C)C3)C(=O)c3c(C#N)ccnc3C2=O)C1,,0.81
train,4198,HAWOUKVUFDMLAZ-UHFFFAOYSA-N,N#Cc1ccc(C2(C#N)N=N2)o1,,2.53
train,2378,OOPUNXUUVGTBRM-UHFFFAOYSA-N,CN(C)c1ccc(C2=CC(=O)c3ncc(C#N)c(C#N)c3C2=O)cc1,,1.09
train,4140,FZPAZPSIBOQYFV-FMQUCBEESA-N,Sc1ccc(-c2ccc(N=Nc3ccc(-c4ccc(S)[nH]4)s3)s2)[nH]1,,0.39
train,4865,VKIJCDQOAVFDNX-ISLYRVAYSA-N,O=S1(=O)C(O)=CC=C1c1ccc(N=Nc2ccc(C3=CC=C(O)S3(=O)=O)s2)s1,,1.05
train,3235,WEHAKKVHXKLHKP-UHFFFAOYSA-N,COc1ccc(C2=C(c3ccc(OC)n3C=O)C(=O)c3nccnc3C2=O)n1C=O,,1.03
train,3328,WOQQPCQSCNYWSS-IHWYPQMZSA-N,CC=CC1=CC(=O)c2nc(C#N)c(C#N)nc2C1=O,,2.42
train,2522,PFOOYTNQMJOOLK-UHFFFAOYSA-N,CN(C)c1ccc(C2=C(c3ccc(N(C)C)n3C=O)C(=O)c3nc(C#N)ccc3C2=O)n1C=O,,0.5
train,1285,IUKHFABOCNXCSX-UHFFFAOYSA-N,COc1cnc2c(n1)C(=O)C(c1nc(C(F)(F)F)co1)=CC2=O,,2.71
train,54,AHZBSRDYUGZFQA-UHFFFAOYSA-N,N#Cc1cnc2c(n1)C(=O)C(c1ncc([N+](=O)[O-])s1)=CC2=O,,2.93
train,4502,MQYLIFUZGCCMNV-UHFFFAOYSA-N,Cn1cccc1-c1cc(C#N)cc(-c2cccn2C)c1C#N,,-1.08
train,1179,IHSRRIMPAXUNSH-UHFFFAOYSA-N,CC(O)=Nc1cnc(C2=C(c3ncc(N=C(C)O)s3)C(=O)c3nc(C#N)c(C#N)cc3C2=O)s1,,1.34
train,5004,YIJONLONYQMHSA-UHFFFAOYSA-N,Cn1cccc1C1N=N1,,1.22
train,1009,HNRSIHQNMHQNOR-UHFFFAOYSA-N,N#Cc1ccc2c(n1)C(=O)C=C(C1=CC=C(Cl)S1(=O)=O)C2=O,,2.52
train,5068,ZMCXIEGOOGARCP-ISLYRVAYSA-N,O=[N+]([O-])C#Cc1ccc(N=Nc2ccc(C#C[N+](=O)[O-])cc2)cc1,,2.19
train,1836,LYIBJMOJHBBOOF-UHFFFAOYSA-N,N#Cc1cnc2c(n1)C(=O)C=C(c1ccc(OC(F)(F)F)n1C=O)C2=O,,1.9
train,2992,UMILSGDHDXGJPR-UHFFFAOYSA-N,COc1cnc2c(c1)C(=O)C(c1nnc(F)nn1)=CC2=O,,2.67
train,2637,QUSXJJHSOQUZQA-UHFFFAOYSA-N,N#Cc1cnc2c(n1)C(=O)C=C(c1ccccn1)C2=O,,2.65
train,1002,HMFVUEQACBCDEM-UHFFFAOYSA-N,N#Cc1ccnc2c1C(=O)C(c1cnc(F)[nH]1)=CC2=O,,2.0
train,4567,NYVRHZVLFVAQMR-ISLYRVAYSA-N,Oc1cnc(-c2ccc(N=Nc3ccc(-c4ncc(O)o4)s3)s2)o1,,0.91
train,1482,JSTHWWGHLVEVNE-UHFFFAOYSA-N,O=C1C(c2nc([N+](=O)[O-])co2)=C(c2nc([N+](=O)[O-])co2)C(=O)c2nccnc21,,2.97
train,1755,LOAZYCDVQIISBQ-UHFFFAOYSA-N,Cn1cccc1C1=CC(=O)c2nc(C#N)cnc2C1=O,,1.56
train,1406,JJWMHYDOJBQTJC-UHFFFAOYSA-N,N#Cc1cnc2c(c1C#N)C(=O)C(c1ncc(F)cn1)=C(c1ncc(F)cn1)C2=O,,2.85
train,2158,NLZPEQIBBGZXIV-UHFFFAOYSA-N,COc1cnc2c(c1)C(=O)C(c1ncccn1)=CC2=O,,2.48
train,4616,OUXSTDTYBUABTQ-UHFFFAOYSA-N,O=C1c2ccc(-c3ncc(Cl)o3)cc2C(=O)c2cc(-c3ncc(Cl)o3)ccc21,,2.3
train,4426,LBZNEEGOOCBHNY-DQRAZIAOSA-N,Clc1ccc(-c2ccc(N=Nc3ccc(-c4ccc(Cl)o4)[nH]3)[nH]2)o1,,0.4
train,4673,QJSGVFGZLFOLDY-BBKYZYOHSA-N,SC=Cc1ccc(N=Nc2ccc(C=CS)s2)s1,,0.49
train,950,HELXYBHWOGGVHB-UHFFFAOYSA-N,N#Cc1ccc2c(n1)C(=O)C(c1ccc(C(F)(F)F)o1)=C(c1ccc(C(F)(F)F)o1)C2=O,,1.92
train,1686,KQWIZJOZGXSCBL-UHFFFAOYSA-N,N#Cc1nc2c(nc1C#N)C(=O)C(c1ccc(Cl)cc1)=CC2=O,,2.41
train,1994,MSMHUWRUFPXSNV-UHFFFAOYSA-N,N#Cc1cnc2c(c1C#N)C(=O)C(n1ccnc1C(F)(F)F)=C(n1ccnc1C(F)(F)F)C2=O,,2.79
train,1254,IQGOYTJAMOPUSM-NSCUHMNNSA-N,COc1cnc2c(n1)C(=O)C=C(C=C[N+](=O)[O-])C2=O,,2.83
train,893,GXOSXZDXKMTUAS-SOSXVSKCSA-N,O=C1C(C=C[N+](=O)[O-])=C(C=C[N+](=O)[O-])C(=O)c2nccnc21,,2.54
train,2004,MTTMCOBGTXPIDV-UHFFFAOYSA-N,O=Cn1c(OC(F)(F)F)ccc1C1=CC(=O)c2nccnc2C1=O,,1.82
train,1166,IFFOWMJZPCENLA-UHFFFAOYSA-N,CC(O)=Nc1ccc(C2=CC(=O)c3nc(C#N)c(C#N)cc3C2=O)[nH]1,,1.03
train,1879,MDFDIOAKNRYHBM-UHFFFAOYSA-N,CC(O)=Nc1ccc(C2=C(c3ccc(N=C(C)O)cc3)C(=O)c3nc(C#N)c(C#N)cc3C2=O)cc1,,1.43
train,3514,XLGMUNSQGVTZQV-UHFFFAOYSA-N,N#Cc1cnc2c(c1C#N)C(=O)C(c1ccc(F)o1)=CC2=O,,2.04
train,3229,WDXJZXRZMSZMEG-UHFFFAOYSA-N,COc1cnc2c(n1)C(=O)C=C(c1nc(C)cs1)C2=O,,2.0
train,904,GZCUZHLJDXCSAR-UHFFFAOYSA-N,O=C1C(c2cnc[nH]2)=C(c2cnc[nH]2)C(=O)c2nccnc21,,1.32
train,888,GXCSWKDGTQRITM-UHFFFAOYSA-N,N#Cc1ccnc2c1C(=O)C(c1cnc(O)[nH]1)=C(c1cnc(O)[nH]1)C2=O,,1.08
train,526,DOUSXIBEVBZWDQ-UHFFFAOYSA-N,N#Cc1nc2c(nc1C#N)C(=O)C(c1cc(F)c[nH]1)=CC2=O,,1.82
train,3733,ZATSTWUHRMXXSH-UHFFFAOYSA-N,O=C1C(n2ccnc2C(F)(F)F)=C(n2ccnc2C(F)(F)F)C(=O)c2nccnc21,,2.69
train,204,AZJMVDHAPRTNJP-UHFFFAOYSA-N,O=C1C(c2cc(Cl)c[nH]2)=C(c2cc(Cl)c[nH]2)C(=O)c2ncccc21,,0.98
train,4867,VLCUFNVWIZJARL-UHFFFAOYSA-N,O=C1c2ccc(-c3cc(F)c[nH]3)cc2C(=O)c2cc(-c3cc(F)c[nH]3)ccc21,,1.37
train,4432,LGDXKEZRUUNCLT-ZEELXFFVSA-N,O=C1c2ccc(C=NO)cc2C(=O)c2cc(C=NO)ccc21,,2.32
train,235,BQEJTOJKRWGQNR-UHFFFAOYSA-N,COc1ccnc2c1C(=O)C(c1ccc(C#N)cn1)=CC2=O,,2.77
train,3609,XWNJMSJPRNTUMT-UHFFFAOYSA-N,N#Cc1nc2c(nc1C#N)C(=O)C(c1ccc(O)n1C=O)=C(c1ccc(O)n1C=O)C2=O,,1.08
train,2376,OOAOTCPUMWFBJZ-UHFFFAOYSA-N,N#Cc1cnc2c(c1C#N)C(=O)C(c1nncnn1)=CC2=O,,2.48
train,3778,ZGAJKCPYLZOADB-UHFFFAOYSA-N,CN(C)c1cnc(C2=CC(=O)c3ncc(C#N)c(C#N)c3C2=O)s1,,1.14
train,5410,DBXQYECHTOJYRP-AUEPDCJTSA,O=c1oc2ccccc2c2cc3ccccc3c(/C=N/OC(F)(F)F)c12,,1.72
train,4776,SQBYHFNGVWDBRV-UHFFFAOYSA-N,N#Cc1cc(-c2ccccn2)c(C#N)c(-c2ccccn2)c1,,-0.89
train,590,DXQNDTBGPHNUCB-UHFFFAOYSA-N,N#Cc1cc(C#N)c2c(n1)C(=O)C=C(c1ncc(F)s1)C2=O,,2.32
train,3510,XKEFQDFVCSQQKJ-UHFFFAOYSA-N,COc1ccc(C2=CC(=O)c3nccc(OC)c3C2=O)s1,,1.36
train,3689,YVPATPZMOWKMOW-UHFFFAOYSA-N,Cn1c(F)ccc1C1=CC(=O)c2nccnc2C1=O,,1.49
train,588,DXJUKWZAUNRAAY-JHANVDMCSA-N,N#Cc1cnc2c(n1)C(=O)C(C=NS)=C(C=NS)C2=O,,2.26
train,1104,HYMPNRXASLBEMN-UHFFFAOYSA-N,CC(O)=Nc1ccc(C2=C(c3ccc(N=C(C)O)cn3)C(=O)c3nc(C#N)c(C#N)cc3C2=O)nc1,,1.63
train,3818,ZMCYRHSTXNDFBA-UHFFFAOYSA-N,N#Cc1cc(C#N)c2c(n1)C(=O)C(c1ccc(C(F)(F)F)cc1)=C(c1ccc(C(F)(F)F)cc1)C2=O,,2.56
train,3595,XVEGIGWULJVJSQ-UHFFFAOYSA-N,N#Cc1c[nH]c(C2=CC(=O)c3nccc(C#N)c3C2=O)c1,,1.98
train,2026,MVWPGIAOYCDHDC-UHFFFAOYSA-N,COc1cc(OC)c2c(n1)C(=O)C=C(C#C[N+](=O)[O-])C2=O,,2.66
train,5533,LGNOFLKZSZSHKO-UHFFFAOYSA,Oc1cccc(N2c3ccccc3Sc3ccccc32)n1,,0.79
train,1498,JUQONKUSLTYPMO-UHFFFAOYSA-N,N#Cc1ccc(C2=CC(=O)c3nc(C#N)ccc3C2=O)cc1,,2.75
train,3954,BCAIIJAFDBXREC-OCEACIFDSA-N,Sc1ccc(-c2ccc(N=Nc3ccc(-c4ccc(S)cn4)cc3)cc2)nc1,,1.45
train,3151,VDTUAVINZLZKEN-UHFFFAOYSA-N,N#Cc1ccnc2c1C(=O)C(n1cc(C#N)c3ccccc31)=CC2=O,,1.91
train,4554,NQRDIGWESCRMEQ-UHFFFAOYSA-N,Cl[B@-]12n3c4c5ccc(-c6ccccc6)cc5c3C=c3c5ccc(-c6ccccc6)cc5c(n31)=CC1=[N+]2C(=C4)c2cc(-c3ccccc3)ccc21,,0.72
train,2702,RMBGAOLZZWCOCT-UHFFFAOYSA-N,N#Cc1cc2c(nc1C#N)C(=O)C(c1cnc(O)[nH]1)=C(c1cnc(O)[nH]1)C2=O,,1.16
train,615,FAXGCNJEPYXKDG-UHFFFAOYSA-N,COc1cnc2c(c1)C(=O)C(c1ncc(N=C(C)O)o1)=CC2=O,,1.55
train,3301,WMELWOZZIVTHNC-UHFFFAOYSA-N,COc1ccc(C2=CC(=O)c3ncc(OC)cc3C2=O)nc1,,1.93
train,3673,YTFXSDDERQDWTM-UHFFFAOYSA-N,N#Cc1cc2c(nc1C#N)C(=O)C(n1ccnc1C#N)=C(n1ccnc1C#N)C2=O,,2.76
train,5075,ZPZSLHMPYOJZGW-GLIMQPGKSA-N,COC=Cc1cc(C#N)cc(C=COC)c1C#N,,-1.31
train,1616,KHDGQOAAMXLPOB-UHFFFAOYSA-N,COc1ncc(C2=CC(=O)c3nc(C#N)ccc3C2=O)[nH]1,,1.45
train,2872,SFKOKIDLFXNVFO-UHFFFAOYSA-N,N#Cc1ccnc2c1C(=O)C(n1cc(Cl)c3ccccc31)=CC2=O,,1.56
train,1048,HSTAFHCAWNNYTC-UHFFFAOYSA-N,CC(O)=Nc1ccc(C2=CC(=O)c3nc(C#N)c(C#N)cc3C2=O)s1,,1.35
train,906,GZQSGLIECXGAMZ-UHFFFAOYSA-N,CC#CC1=CC(=O)c2nc(C#N)c(C#N)cc2C1=O,,2.81
train,5303,ORMQSSOZGVYAPS-UHFFFAOYSA,CC1(C)c2cc(-c3ccc(-c4c[nH]c(OC(F)(F)F)c4)cc3)ccc2N(c2ccccc2)c2ccc(-c3ccc(-c4nncnn4)cc3)cc21,,0.71
train,4936,XASKMXLWCVIOGK-VHXPQNKSSA-N,Fc1ncc(-c2ccc(N=Nc3ccc(-c4cnc(F)[nH]4)[nH]3)[nH]2)[nH]1,,0.5
train,3442,XCFQSOQWFIOJPQ-UHFFFAOYSA-N,N#Cc1cnc2c(c1C#N)C(=O)C(c1cnc(F)[nH]1)=C(c1cnc(F)[nH]1)C2=O,,1.64
train,1643,KLBGSXPBFZYACR-UHFFFAOYSA-N,COc1ccnc2c1C(=O)C(c1ccco1)=CC2=O,,1.76
train,1917,MHYFYKFOABKKEV-UHFFFAOYSA-N,N#Cc1cc(C#N)c2c(n1)C(=O)C(c1ccc(Cl)n1C=O)=C(c1ccc(Cl)n1C=O)C2=O,,1.64
train,2861,SDZFDXJXCRRIRK-UHFFFAOYSA-N,COc1ccnc2c1C(=O)C(c1nc(C#N)co1)=CC2=O,,2.74
train,1989,MRZFPVCLKGCEND-UHFFFAOYSA-N,COc1ccc(C2=CC(=O)c3ncc(C#N)nc3C2=O)nc1,,2.02
train,567,DUGXVVABORFHLG-UHFFFAOYSA-N,COc1cnc2c(c1)C(=O)C(c1cnc(Cl)[nH]1)=CC2=O,,1.85
train,2196,NQBMSINJGWILFT-JRGWAENISA-N,CN=CC1=C(C=NC)C(=O)c2c(C#N)cc(C#N)nc2C1=O,,1.98
train,5411,DDUUZFKOXSDAPN-UHFFFAOYSA,O=c1oc2cc(-c3ccnc(F)n3)ccc2c2cc3ccccc3c(-c3ccc(Cl)nc3)c12,,1.7
train,5070,ZMOTYASAHAZYIC-UHFFFAOYSA-N,O=S1(=O)C(O)=CC=C1C1(O)N=N1,,1.97
train,1572,KCQYJLDDIFARSR-UHFFFAOYSA-N,N#Cc1cnc2c(n1)C(=O)C=C(c1ncc(Cl)cn1)C2=O,,2.76
train,3234,WEGYSGHAWRUHSU-UHFFFAOYSA-N,N#Cc1cnc2c(n1)C(=O)C=C(c1cc([N+](=O)[O-])c[nH]1)C2=O,,2.2
train,485,DJQGXEWCMNOBJQ-UHFFFAOYSA-N,O=C1C=C(n2cc([N+](=O)[O-])c3ccccc32)C(=O)c2nccnc21,,2.09
train,1088,HWWQHVUKXWJYEN-UHFFFAOYSA-N,COc1cnc2c(n1)C(=O)C=C(c1nc(N=C(C)O)co1)C2=O,,1.62
train,5064,ZKHXYSAMRICNOJ-UHFFFAOYSA-N,C=Cc1ccc2c(c1)C(=O)c1cc(C=C)ccc1C2=O,,2.13
train,3465,XFEDJUOQCFCHJY-UHFFFAOYSA-N,N#Cc1csc(C2=CC(=O)c3nccc(C#N)c3C2=O)n1,,2.72
train,720,GBABUDRTONVLJE-UHFFFAOYSA-N,N#Cc1cnc2c(c1C#N)C(=O)C(c1cnc(O)[nH]1)=C(c1cnc(O)[nH]1)C2=O,,1.16
train,4120,FRNTUFPHTJXXEO-UHFFFAOYSA-N,O=C1c2ccc(-c3nnc(O)nn3)cc2C(=O)c2cc(-c3nnc(O)nn3)ccc21,,2.5
train,4970,XSMKDNAUZRLVCZ-UHFFFAOYSA-N,Cn1c(S)ccc1-c1ccc2c(c1)C(=O)c1cc(-c3ccc(S)n3C)ccc1C2=O,,0.95
train,4405,KSWNZYPSSAEAJE-UHFFFAOYSA-N,O=C1c2ccc(-c3nc(OC(F)(F)F)co3)cc2C(=O)c2cc(-c3nc(OC(F)(F)F)co3)ccc21,,2.12
train,255,BSLMYJHIBQHTCT-UHFFFAOYSA-N,CC(O)=Nc1ccc(C2=CC(=O)c3ncccc3C2=O)nc1,,1.68
train,785,GKOONAUYOPIFFK-TZFCGSKZSA-N,N#Cc1cnc2c(c1C#N)C(=O)C(C=CCl)=C(C=CCl)C2=O,,2.25
train,1656,KMWQKGZURHVBCA-UHFFFAOYSA-N,O=C1C(n2ccc3ccccc32)=C(n2ccc3ccccc32)C(=O)c2ncccc21,,1.45
train,2641,REHYWYNAZJKTOX-UHFFFAOYSA-N,O=C1C(C2=CC=C([N+](=O)[O-])C2)=C(C2=CC=C([N+](=O)[O-])C2)C(=O)c2nccnc21,,1.99
train,2475,OZXKTPKAASRZSQ-UHFFFAOYSA-N,COc1ccc2c(n1)C(=O)C=C(c1nnc(N=C(C)O)nn1)C2=O,,2.14
train,4292,IPAVOGAYBQLHRV-OCEACIFDSA-N,Oc1ccc(-c2ccc(N=Nc3ccc(-c4ccc(O)cn4)cc3)cc2)nc1,,1.35
train,5030,YTJOEMMGJZVPEF-OCEACIFDSA-N,FC(F)(F)c1ccc(-c2ccc(N=Nc3ccc(-c4ccc(C(F)(F)F)s4)s3)s2)s1,,1.12
train,1070,HUZQGWJACVZCDK-UHFFFAOYSA-N,CN(C)c1nccn1C1=C(n2ccnc2N(C)C)C(=O)c2nc(C#N)c(C#N)cc2C1=O,,0.98
train,652,FEULSSKPNSNEHE-UHFFFAOYSA-N,COc1nc2c(nc1OC)C(=O)C(c1ccc([N+](=O)[O-])[nH]1)=CC2=O,,2.17
train,2347,OKOFBOHXMKJMNG-UHFFFAOYSA-N,O=C1C(c2nc(O)co2)=C(c2nc(O)co2)C(=O)c2ncccc21,,1.72
train,1553,KATZCMXQUKXFDN-UHFFFAOYSA-N,CN(C)c1ccc(C2=CC(=O)c3ncc(C#N)nc3C2=O)[nH]1,,0.67
train,5177,KQMYVPIQCOHJON-UHFFFAOYSA,Oc1cccc(N2c3ccccc3N(c3ccc(O)nc3)c3ccccc32)c1,,0.23
train,3423,XBDDFKHUZPMRGY-UHFFFAOYSA-N,COc1ccnc2c1C(=O)C(c1cc(Cl)c[nH]1)=CC2=O,,1.52
train,2792,RWVQHNHAQVOPQP-UHFFFAOYSA-N,N#Cc1ccc2c(n1)C(=O)C=C(c1ccc(C(F)(F)F)cc1)C2=O,,2.75
train,4615,OUPFIHADKQQDOM-BUHFOSPRSA-N,C#Cc1ccc(N=Nc2ccc(C#C)o2)o1,,1.26
train,3401,WXHOGEJOOHRPKW-UHFFFAOYSA-N,Cc1ccc(C2=CC(=O)c3ncccc3C2=O)nc1,,2.23
train,3402,WXOYPCLEIFKHAW-UHFFFAOYSA-N,CC(O)=Nc1ncc(C2=CC(=O)c3ncc(C#N)nc3C2=O)[nH]1,,1.44
train,5392,NLACBNKSNJIJCJ-UHFFFAOYSA,FC(F)(F)c1sccc1N1c2ccccc2Oc2ccccc21,,0.81
train,3977,BKEDHUNWAYXPGC-OCEACIFDSA-N,Clc1ccc(-c2ccc(N=Nc3ccc(-c4ccc(Cl)[nH]4)cc3)cc2)[nH]1,,0.97
train,3364,WTIGBMUZOWSQLC-UHFFFAOYSA-N,Cc1cn(C2=CC(=O)c3nc(C#N)cnc3C2=O)nn1,,2.66
train,3178,VXLRCFHWSJDXCS-UHFFFAOYSA-N,N#Cc1cnc2c(n1)C(=O)C(c1ccc([N+](=O)[O-])cc1)=C(c1ccc([N+](=O)[O-])cc1)C2=O,,2.76
train,4751,RZVHIXYEVGDQDX-UHFFFAOYSA-N,O=C1c2ccccc2C(=O)c2ccccc21,,2.76
train,1354,JDIUKIVDJYVREC-UHFFFAOYSA-N,N#Cc1nc2c(nc1C#N)C(=O)C(c1ccc(O)[nH]1)=CC2=O,,1.28
train,1250,IPPNNSTYBJHRBF-UHFFFAOYSA-N,COc1nnc(C2=CC(=O)c3nccc(OC)c3C2=O)nn1,,2.14
train,3312,WNFOGFQWIZAMQM-UHFFFAOYSA-N,COc1ccnc2c1C(=O)C(c1ccc(N(C)C)o1)=CC2=O,,0.71
train,3648,YPYQUBSJHLTGDK-UHFFFAOYSA-N,Cc1coc(C2=CC(=O)c3ncc(C#N)c(C#N)c3C2=O)n1,,2.19
train,2944,UGZAMXNTJVULCF-UHFFFAOYSA-N,N#Cc1cc(C#N)c2c(n1)C(=O)C=C(C#CS)C2=O,,2.33
train,3669,YSRUDVIZKSKZCS-UHFFFAOYSA-N,CC(O)=Nc1ccc(C2=C(c3ccc(N=C(C)O)[nH]3)C(=O)c3nc(C#N)c(C#N)nc3C2=O)[nH]1,,0.57
train,5312,SAMPNNFAWHEAPK-UHFFFAOYSA,O[C]1=N[CH]C(=CN=1)c1ccc(cc1)N1c2ccc(cc2C(c2c1ccc(c2)c1ccc(cc1)C1=CN=[C](=N[CH]1)O)(C)C)c1ccc(cc1)C1=CN=[C](=N[CH]1)O,,0.77
train,3568,XRBNFOPISDYOPH-UHFFFAOYSA-N,COc1cnc2c(n1)C(=O)C(c1nnc(F)nn1)=CC2=O,,2.69
train,743,GEBNFNLFIALGAX-UHFFFAOYSA-N,N#Cc1ccc2c(n1)C(=O)C=C(c1ncc([N+](=O)[O-])o1)C2=O,,3.14
train,4050,DKFOVBLMNGCCIC-FMQUCBEESA-N,Fc1csc(-c2ccc(N=Nc3ccc(-c4nc(F)cs4)o3)o2)n1,,1.11
train,3452,XDQRUEXQTNJSKP-UHFFFAOYSA-N,N#Cc1cnc2c(n1)C(=O)C(c1ncc(O)s1)=C(c1ncc(O)s1)C2=O,,1.35
train,2768,RUFFZSXSUOQMKQ-UHFFFAOYSA-N,N#Cc1cnc2c(n1)C(=O)C(n1cc(F)c3ccccc31)=C(n1cc(F)c3ccccc31)C2=O,,1.38
train,4617,OVESNQSEWSQDFH-ISLYRVAYSA-N,N#CC#Cc1ccc(N=Nc2ccc(C#CC#N)s2)s1,,1.63
train,3764,ZEPICYROMNKPDO-UHFFFAOYSA-N,Cc1cnc(C2=CC(=O)c3ncc(C#N)nc3C2=O)nc1,,2.51
train,2178,NNPXDRHAHQLWDT-UHFFFAOYSA-N,COc1cnc2c(n1)C(=O)C(c1ccc(C(F)(F)F)s1)=CC2=O,,2.26
train,733,GCQRPQLYJRLEDP-NSIKDUERSA-N,CN=CC1=CC(=O)c2nccc(C#N)c2C1=O,,1.94
train,2891,SHVLHRKAQDEHFU-UHFFFAOYSA-N,O=C1C=C(n2cc(OC(F)(F)F)nn2)C(=O)c2nccnc21,,2.97
train,5466,OBTLIMGBHXJSKA-UHFFFAOYSA,N#Cc1c2ccccc2cc2c1c(=O)oc1cc(O)ccc12,,1.6
train,2587,QLDDWBLRIAYLDX-UHFFFAOYSA-N,CC(O)=Nc1ccc(C2=C(c3ccc(N=C(C)O)cc3)C(=O)c3ncccc3C2=O)cc1,,1.39
train,1269,ISEWLVCSACGPEV-UHFFFAOYSA-N,N#Cc1cnc2c(c1)C(=O)C(c1ncc(Cl)cn1)=CC2=O,,2.69
train,1222,IMSXEOBGKYVDMN-UHFFFAOYSA-N,COc1cnc2c(n1)C(=O)C=C(c1ncc(OC(F)(F)F)o1)C2=O,,2.28
train,5383,YHVQDKPIQPLHSR-UHFFFAOYSA,O[C]1=N[N]C(=NN=1)c1ccc(cc1)N1c2ccc(cc2C(c2c1ccc(c2)c1ccc(cc1)C1=NN=[C](=N[N]1)O)(C)C)c1ccc(cc1)C1=NN=[C](=N[N]1)O,,0.87
train,2160,NMGREOQPJCWYKZ-UHFFFAOYSA-N,N#Cc1cnc2c(n1)C(=O)C(n1cc(O)c3ccccc31)=C(n1cc(O)c3ccccc31)C2=O,,1.12
train,1328,IZXZADIZGSJDBT-UHFFFAOYSA-N,Cn1c(S)ccc1C1=C(c2ccc(S)n2C)C(=O)c2ncc(C#N)cc2C1=O,,0.86
train,4025,CQFONUXIAHDACZ-VHXPQNKSSA-N,OC1=CC=C(c2ccc(N=Nc3ccc(C4=CC=C(O)C4)cc3)cc2)C1,,0.5
train,1747,LNLUNJHQTWGSBK-UHFFFAOYSA-N,N#Cc1nc2c(nc1C#N)C(=O)C(c1ncccn1)=CC2=O,,2.66
train,4215,HKALOLIZFKAIBY-UHFFFAOYSA-N,O=C1c2ccc(-c3ncc(S)s3)cc2C(=O)c2cc(-c3ncc(S)s3)ccc21,,1.68
train,2986,ULVUPJQELCDDLC-UHFFFAOYSA-N,COc1cnc2c(n1)C(=O)C(c1ccc(C(F)(F)F)o1)=CC2=O,,2.29
train,4726,RMQKYCWFBVZMTH-FMQUCBEESA-N,Oc1c[nH]c(-c2ccc(N=Nc3ccc(-c4cc(O)c[nH]4)o3)o2)c1,,0.37
train,3973,BIWUTHWQRWYTLG-VHXPQNKSSA-N,O=S1(=O)C(Cl)=CC=C1c1ccc(N=Nc2ccc(C3=CC=C(Cl)S3(=O)=O)cc2)cc1,,1.43
train,1035,HQVWXPJOENOLRU-UPHRSURJSA-N,N#Cc1cnc2c(n1)C(=O)C=C(C=CO)C2=O,,1.96
train,3604,XWCKZTWHUMSWGK-UHFFFAOYSA-N,N#Cc1cnc2c(c1C#N)C(=O)C(C1=CC=C(Cl)S1(=O)=O)=CC2=O,,2.64
train,3253,WGTPBPLFGCHVHG-UHFFFAOYSA-N,N#Cc1cnc(C2=C(c3ncc(C#N)o3)C(=O)c3nc(C#N)c(C#N)cc3C2=O)o1,,2.83
train,4893,WDNOUKMOILJCJT-UHFFFAOYSA-N,N#Cc1cc(-c2ncc(F)s2)c(C#N)c(-c2ncc(F)s2)c1,,2.06
train,1500,JUWJXRFOKXFGLV-UHFFFAOYSA-N,N#Cc1cnc2c(c1C#N)C(=O)C(c1ccc(O)cn1)=C(c1ccc(O)cn1)C2=O,,1.86
train,1898,MGARPKBJCDWQSQ-UHFFFAOYSA-N,O=C1C=C(c2ccc(S)cn2)C(=O)c2nccnc21,,1.93
train,982,HKSUGRQTHMRTST-UHFFFAOYSA-N,N#Cc1cc(C#N)c2c(n1)C(=O)C=C(c1ccc(C#N)n1C=O)C2=O,,2.48
train,575,DUXCSRMRUGUMJR-GGWOSOGESA-N,O=C1C(C=CF)=C(C=CF)C(=O)c2ncccc21,,1.97
train,3955,BDEQXSJYGBXUJO-ISLYRVAYSA-N,O=[N+]([O-])c1ccc(-c2ccc(N=Nc3ccc(-c4ccc([N+](=O)[O-])o4)o3)o2)o1,,1.36
train,1544,JZSFVTYXDQGMES-UHFFFAOYSA-N,N#Cc1cnc2c(c1C#N)C(=O)C(c1nc(F)co1)=CC2=O,,2.54
train,1113,HZKMOCSIFFWNHM-UHFFFAOYSA-N,COc1ccnc2c1C(=O)C(c1nnc(Cl)nn1)=CC2=O,,2.46
train,2373,ONPAQWZDKFSODS-UHFFFAOYSA-N,N#Cc1nc2c(nc1C#N)C(=O)C(c1ccc(S)n1C=O)=C(c1ccc(S)n1C=O)C2=O,,1.21
train,16,ACKBERCYXRVHIY-UHFFFAOYSA-N,CN(C)C#CC1=CC(=O)c2ncc(C#N)cc2C1=O,,1.5
train,3969,BIARINBFOMALTI-FMQUCBEESA-N,Clc1cnc(-c2ccc(N=Nc3ccc(-c4ncc(Cl)o4)s3)s2)o1,,1.2
train,4707,RCFZHWFLUONIJV-UHFFFAOYSA-N,ClC#Cc1cc2c3cc(C#CCl)c4cccc5c(C#CCl)cc(c6cc(C#CCl)c7cccc1c7c26)c3c45,,0.85
train,2007,MTZMKNFULZBNDT-UHFFFAOYSA-N,O=C1C(n2ccnc2)=C(n2ccnc2)C(=O)c2nccnc21,,2.09
train,3179,VXMACMKQVNIAGK-UHFFFAOYSA-N,C=CC1=C(C=C)C(=O)c2ncccc2C1=O,,2.0
train,995,HLUXFHJPFGJDTR-GGWOSOGESA-N,CC=CC1=C(C=CC)C(=O)c2c(C#N)cc(C#N)nc2C1=O,,1.73
train,3808,ZKETVASRHRIOBP-UHFFFAOYSA-N,O=C1C=C(C#CCl)C(=O)c2nccnc21,,2.97
train,3718,YYZDXTUSNZOEQW-UHFFFAOYSA-N,COc1cnc2c(c1)C(=O)C(c1ccc(C)cc1)=CC2=O,,2.01
train,5261,UBXDMMZZESYDHN-UHFFFAOYSA,Fc1cc(N2c3ccccc3N(c3ccsc3F)c3ccccc32)cs1,,0.49
train,3717,YYXJTNMTGQVUNM-UHFFFAOYSA-N,N#Cc1cc2c(nc1C#N)C(=O)C(c1cccs1)=C(c1cccs1)C2=O,,1.65
train,4238,HVKQENYELQFGSI-MVJHLKBCSA-N,FC(F)(F)c1ncc(-c2ccc(N=Nc3ccc(-c4cnc(C(F)(F)F)[nH]4)cc3)cc2)[nH]1,,1.28
train,391,CJPAIVUOXLUJNM-UHFFFAOYSA-N,O=C1C(n2ccnc2O)=C(n2ccnc2O)C(=O)c2ncccc21,,1.57
train,4420,KZTJCLUFCQOUOV-UHFFFAOYSA-N,c1ncc(C2N=N2)[nH]1,,1.75
train,5014,YKXOZRNVEVFZRM-ISLYRVAYSA-N,c1csc(-c2ccc(N=Nc3ccc(-c4cccs4)s3)s2)c1,,0.78
train,3498,XIYIHCNPRMXEBA-UHFFFAOYSA-N,N#Cc1ccnc2c1C(=O)C(c1ccccc1)=C(c1ccccc1)C2=O,,2.02
train,5549,YGZOGCNRQBBAKC-UHFFFAOYSA,Sc1ccc(N2c3ccccc3Sc3ccccc32)[nH]1,,0.74
train,1388,JHTCJOZZQRCIGU-UHFFFAOYSA-N,CC(O)=Nc1cn(C2=C(n3cc(N=C(C)O)nn3)C(=O)c3nc(C#N)ccc3C2=O)nn1,,2.06
train,1438,JMNRUNGDYFFWFJ-UHFFFAOYSA-N,N#Cc1cnc2c(n1)C(=O)C(c1ccc(Cl)o1)=CC2=O,,1.96
train,5542,RIIFHDSERXWGNO-UHFFFAOYSA,Oc1ccc(N2c3ccccc3Sc3ccccc32)[nH]1,,0.79
train,2338,OKCNAIXFCQWUPV-UHFFFAOYSA-N,N#Cc1cnc2c(c1C#N)C(=O)C(C1=CC=C([N+](=O)[O-])C1)=CC2=O,,2.45
train,378,CIGGEYLITUAEPY-UHFFFAOYSA-N,CN(C)c1nccn1C1=C(n2ccnc2N(C)C)C(=O)c2nc(C#N)cnc2C1=O,,0.96
train,2752,RRTXSDOJRFIFFD-LFYBBSHMSA-N,COc1ccc2c(n1)C(=O)C=C(C=NS)C2=O,,2.16
train,4418,KYXOUDFXQWYADW-FMQUCBEESA-N,O=Cn1c(-c2ccc(N=Nc3ccc(-c4ccc([N+](=O)[O-])n4C=O)s3)s2)ccc1[N+](=O)[O-],,1.44
train,2105,NFVQGJHKUKAUTL-UHFFFAOYSA-N,N#Cc1cc(C#N)c2c(n1)C(=O)C(c1ncc(S)o1)=C(c1ncc(S)o1)C2=O,,1.59
train,5489,UCSWVIHUWUGAOD-UHFFFAOYSA,C=NOCc1ccc2c(c1)oc(=O)c1c(Cl)c3ccccc3cc12,,1.59
train,201,AYUYPYKBWMIPRH-UHFFFAOYSA-N,COc1cn(C2=C(n3cc(OC)c4ccccc43)C(=O)c3c(ncc(C#N)c3C#N)C2=O)c2ccccc12,,1.15
train,184,AXJYZRXLQRDQRR-UHFFFAOYSA-N,Cc1c[nH]c(C2=CC(=O)c3nccnc3C2=O)c1,,1.46
train,5514,ZCCJJPPBVROHSZ-UHFFFAOYSA,COc1cc(-c2c3ccccc3cc3c2c(=O)oc2cc(-c4cccc(O)c4)ccc23)cs1,,1.26
train,4843,UXLKPVVWAOUPLI-FMQUCBEESA-N,Clc1csc(-c2ccc(N=Nc3ccc(-c4nc(Cl)cs4)o3)o2)n1,,1.13
train,4459,LTGBCBOVAXQHGE-UHFFFAOYSA-N,N#Cc1cc(-c2ccc(Cl)cn2)c(C#N)c(-c2ccc(Cl)cn2)c1,,-0.84
train,3087,UWRIPLNVKMUWQJ-UHFFFAOYSA-N,N#Cc1ccnc2c1C(=O)C(c1ncc([N+](=O)[O-])s1)=C(c1ncc([N+](=O)[O-])s1)C2=O,,2.72
train,2473,OZVQGEXUUVQKHR-UHFFFAOYSA-N,N#Cc1ccc(C2=C(c3ccc(C#N)cn3)C(=O)c3nc(C#N)c(C#N)nc3C2=O)nc1,,2.1
train,1,AAHGPKDQAXQSJI-UHFFFAOYSA-N,O=C1C(c2ccc(Cl)[nH]2)=CC(=O)c2ncccc21,,1.43
train,2553,PIGZICPDIDPHOC-UHFFFAOYSA-N,N#CC1=CC=C(C2=C(C3=CC=C(C#N)S3(=O)=O)C(=O)c3nc(C#N)ccc3C2=O)S1(=O)=O,,2.85
train,4931,WZBZECHLFUXAAC-UHFFFAOYSA-N,c1cnc(C2N=N2)nc1,,2.82
train,5236,IMONEICHKDGPAN-UHFFFAOYSA,Fc1ncc(N2c3ccccc3N(c3ccnc(F)n3)c3ccccc32)cn1,,0.8
train,2822,SAILPOBFJAKNCU-UHFFFAOYSA-N,N#Cc1cnc2c(c1C#N)C(=O)C(c1ccc(O)o1)=CC2=O,,1.55
train,2055,MZNYHXHHNFJMCK-BNNQUZSASA-N,N#Cc1cnc2c(n1)C(=O)C(C=NCl)=CC2=O,,3.09
train,4557,NSVBZFGZCLVDSX-FEGKCWGTSA-N,N#CN=Cc1ccc(N=Nc2ccc(C=NC#N)s2)s1,,2.02
train,1820,LWHPLEGRWYYDGW-UHFFFAOYSA-N,O=C1C(c2ncc(O)s2)=CC(=O)c2ncccc21,,1.71
train,985,HLAAFZPTODOJIG-UHFFFAOYSA-N,N#Cc1ccc2c(n1)C(=O)C(c1ccc(OC(F)(F)F)n1C=O)=C(c1ccc(OC(F)(F)F)n1C=O)C2=O,,1.57
train,550,DRYGUFRWCORQOH-UHFFFAOYSA-N,O=C1C(c2ncc(O)cn2)=CC(=O)c2ncccc21,,2.47
train,3722,YZGVSBOKTBMUSF-UHFFFAOYSA-N,COc1cnc2c(c1)C(=O)C(c1ncc(C(F)(F)F)o1)=CC2=O,,2.44
train,4240,HVUMGWLCAHGISO-BYYHNAKLSA-N,FC(F)(F)C1=CC=C(c2ccc(N=Nc3ccc(C4=CC=C(C(F)(F)F)C4)s3)s2)C1,,0.86
train,3373,WURIAZPMTGAGDW-UHFFFAOYSA-N,COc1cnc2c(n1)C(=O)C(c1ncc(Cl)cn1)=CC2=O,,2.65
train,4918,WUAGRDIKRAUSJL-QURGRASLSA-N,N#Cc1cnc(-c2ccc(N=Nc3ccc(-c4ncc(C#N)o4)s3)s2)o1,,1.29
train,2216,NTEOOOVCJIWECZ-UHFFFAOYSA-N,COc1cnc2c(n1)C(=O)C(n1cc([N+](=O)[O-])nn1)=C(n1cc([N+](=O)[O-])nn1)C2=O,,3.06
train,3839,ZOVRSYFGSWLKMM-UHFFFAOYSA-N,COc1cnc2c(n1)C(=O)C=C(c1nnc(Cl)nn1)C2=O,,2.52
train,5009,YJJCIEWXKKGOBE-WCWDXBQESA-N,Fc1cnc(-c2ccc(N=Nc3ccc(-c4ncc(F)o4)cc3)cc2)o1,,1.59
train,2970,UKCYAOUAGPGEDG-UHFFFAOYSA-N,CC(O)=Nc1csc(C2=C(c3nc(N=C(C)O)cs3)C(=O)c3nccnc3C2=O)n1,,1.39
train,527,DPHPRSLWFBCZBB-UHFFFAOYSA-N,N#Cc1cc2c(nc1C#N)C(=O)C=C(c1ccc(Cl)o1)C2=O,,1.97
train,1284,IUIIFSSHJYQYCP-UHFFFAOYSA-N,N#Cc1nc2c(nc1C#N)C(=O)C(n1ccnc1F)=C(n1ccnc1F)C2=O,,2.27
train,2560,PURFVMSVSQLIRD-UHFFFAOYSA-N,N#Cc1nc2c(nc1C#N)C(=O)C(c1cnc(OC(F)(F)F)[nH]1)=CC2=O,,2.06
train,488,DKYUJXHPEBPFRE-UHFFFAOYSA-N,COc1ccnc2c1C(=O)C(c1cc(F)c[nH]1)=CC2=O,,1.53
train,4787,SXLUIASGYNPXMQ-UHFFFAOYSA-N,O=[N+]([O-])c1cc2c3cc([N+](=O)[O-])c4cccc5c([N+](=O)[O-])cc(c6cc([N+](=O)[O-])c7cccc1c7c26)c3c45,,1.59
train,1381,JHHJKWNEDKVEPG-UHFFFAOYSA-N,N#Cc1cc2c(nc1C#N)C(=O)C=C(c1ccc(O)cc1)C2=O,,1.94
train,960,HGGNGNDBYJIIDD-UHFFFAOYSA-N,COc1ccc2c(n1)C(=O)C=C(c1ccc(C)cn1)C2=O,,2.26
train,2839,SBWTZSRWVZWXOO-UHFFFAOYSA-N,N#Cc1ccc2c(n1)C(=O)C(c1ccc(Cl)o1)=C(c1ccc(Cl)o1)C2=O,,1.43
train,1248,IPNGABWAXLOYFS-UHFFFAOYSA-N,N#Cc1nc2c(nc1C#N)C(=O)C(C1=CC=C([N+](=O)[O-])S1(=O)=O)=C(C1=CC=C([N+](=O)[O-])S1(=O)=O)C2=O,,3.25
train,5469,OJTGYWLZQMWXEI-UHFFFAOYSA,C=CCc1ccc2c(c1)oc(=O)c1c(C3=CS(=O)(=O)C(OC)=C3)c3ccccc3cc12,,1.55
train,3707,YYCHWYTYVCMNMS-UHFFFAOYSA-N,Cc1cnc(C2=CC(=O)c3ncc(C#N)nc3C2=O)o1,,2.1
train,5357,MVKUBGOWXBJLMV-UHFFFAOYSA,Cc1ncc(-c2ccc(-c3ccc4c(c3)C(C)(C)c3cc(-c5ccc(C(F)(F)F)cc5)ccc3N4c3ccc(-c4csc(C)c4)cc3)cc2)o1,,0.77
train,4131,FVCSADSSYLHCRT-UHFFFAOYSA-N,Cc1ccc(-c2cc(C#N)cc(-c3ccc(C)n3C=O)c2C#N)n1C=O,,-0.88
train,4069,DQSYRDUEZRUTBK-VXPUYCOJSA-N,Fc1csc(-c2ccc(N=Nc3ccc(-c4nc(F)cs4)s3)s2)n1,,1.05
train,1668,KOTHVBGEARGATP-UHFFFAOYSA-N,N#Cc1ccc2c(n1)C(=O)C=C(c1ccc(S)[nH]1)C2=O,,1.19
train,242,BQUJQZMMNXQAFG-UHFFFAOYSA-N,COc1cnc2c(c1)C(=O)C(C1=CC=C(C)C1)=CC2=O,,1.32
train,3623,XYAPXNLFLSZXRP-UHFFFAOYSA-N,N#Cc1cc2c(nc1C#N)C(=O)C=C(c1ccc([N+](=O)[O-])n1C=O)C2=O,,2.73
train,4172,GPICCVIVJVZAOB-VHXPQNKSSA-N,Sc1cnc(-c2ccc(N=Nc3ccc(-c4ncc(S)cn4)[nH]3)[nH]2)nc1,,0.79
train,3251,WGDWKSWXJXLIJC-UHFFFAOYSA-N,N#Cc1nc2c(nc1C#N)C(=O)C(c1ccc(F)n1C=O)=CC2=O,,1.99
train,3753,ZDLZWSVIZSCPHB-UHFFFAOYSA-N,N#Cc1ccnc2c1C(=O)C(C#C[N+](=O)[O-])=C(C#C[N+](=O)[O-])C2=O,,3.53
train,2275,OBODRMBRQIJOLJ-UHFFFAOYSA-N,N#Cc1nc2c(nc1C#N)C(=O)C(C#CF)=C(C#CF)C2=O,,2.86
train,4066,DPPZROBNKRXOMY-UHFFFAOYSA-N,COc1ccc(-c2cc(C#N)cc(-c3ccc(OC)[nH]3)c2C#N)[nH]1,,-1.36
train,2230,NVYTVZYZPQNISN-UHFFFAOYSA-N,N#Cc1cnc2c(c1)C(=O)C(c1nnc(C(F)(F)F)nn1)=CC2=O,,2.73
train,2694,RLJICYGTELBNRJ-UHFFFAOYSA-N,CN(C)C1=CC=C(C2=CC(=O)c3ncc(C#N)cc3C2=O)S1(=O)=O,,1.36
train,532,DQBPUIZERHKETM-UHFFFAOYSA-N,COc1ccc(C2=CC(=O)c3ncc(C#N)cc3C2=O)nc1,,2.03
train,554,DTCHBUGYGNVTNA-UHFFFAOYSA-N,COc1ccc(C2=CC(=O)c3ncc(C#N)c(C#N)c3C2=O)s1,,1.54
train,301,BXXYCKJSKNOLFM-UHFFFAOYSA-N,COc1cnc2c(n1)C(=O)C(c1nccs1)=CC2=O,,2.23
train,1305,IVWPFNLGBKXPTQ-UHFFFAOYSA-N,N#Cc1cnc2c(n1)C(=O)C(c1ccc(S)[nH]1)=CC2=O,,1.25
train,517,DOEUQASMTFQYMV-UHFFFAOYSA-N,CC1=CC=C(C2=CC(=O)c3nc(C#N)cc(C#N)c3C2=O)C1,,1.43
train,4638,PMXXIAYXYJOWJB-ISLYRVAYSA-N,Sc1ccc(-c2ccc(N=Nc3ccc(-c4ccc(S)o4)o3)o2)o1,,0.53
train,4735,RRLJOTJPBSEGCN-COOACNIESA-N,FC(F)(F)N=Cc1ccc(N=Nc2ccc(C=NC(F)(F)F)[nH]2)[nH]1,,0.86
train,1109,HYVYXDCETAWRRI-UHFFFAOYSA-N,N#Cc1cnc2c(n1)C(=O)C(n1cc(OC(F)(F)F)nn1)=CC2=O,,2.98
train,4151,GEQFAOJIUIIQMZ-UHFFFAOYSA-N,O=S1(=O)C(F)=CC=C1c1ccc2c(c1)C1=Cc3c4ccc(C5=CC=C(F)S5(=O)=O)cc4c4n3[B@@-]3(Cl)n5c(c6ccc(C7=CC=C(F)S7(=O)=O)cc6c5=CC2=[N+]13)=C4,,0.96
train,5335,DIGCVTJYBBYHAN-UHFFFAOYSA,Cc1nc(-c2ccc(N3c4ccc(-c5ccc(C#CCl)cc5)cc4C(C)(C)c4cc(-c5ccc(C6=CS(=O)(=O)C(Cl)=C6)cc5)ccc43)cc2)cs1,,0.77
train,791,GLQCIZQCSADFND-UHFFFAOYSA-N,CC(O)=Nc1nccn1C1=CC(=O)c2nc(C#N)cc(C#N)c2C1=O,,1.65
train,5181,LGUXDFHKWJHLHO-JLZUIIAYSA,C/C=C/N1c2ccccc2N(c2cccc(C#N)c2)c2ccccc21,,0.15
train,2426,OUSCTXXIVJDGDM-UHFFFAOYSA-N,Cn1cccc1C1=CC(=O)c2ncccc2C1=O,,1.44
train,2272,OBFRKIBCWVZFJZ-UHFFFAOYSA-N,N#Cc1ccc2c(n1)C(=O)C=C(C#C[N+](=O)[O-])C2=O,,3.57
train,3382,WVQWITVKUIZEPK-UHFFFAOYSA-N,N#Cc1cnc2c(n1)C(=O)C(c1cnc([N+](=O)[O-])[nH]1)=CC2=O,,2.68
train,178,AWKYNNLXLXXJFZ-UHFFFAOYSA-N,COc1ccc(C2=C(c3ccc(OC)[nH]3)C(=O)c3c(ncc(C#N)c3C#N)C2=O)[nH]1,,0.52
train,1378,JGVHDIHAMQYBGY-UHFFFAOYSA-N,COc1nnc(C2=CC(=O)c3nc(C#N)cc(C#N)c3C2=O)nn1,,2.31
train,5047,ZBQQVSKMKPBDNM-HSFFGMMNSA-N,N#Cc1cc(C=CS)c(C#N)c(C=CS)c1,,-1.14
train,5400,ASFCVAKMKGBYJV-UHFFFAOYSA,C#CSc1ccc2c(c1)oc(=O)c1c(O)c3ccccc3cc12,,1.3
train,2234,NWPGLHREXRHBID-UHFFFAOYSA-N,COc1nc2c(nc1OC)C(=O)C(c1nnc(N(C)C)nn1)=C(c1nnc(N(C)C)nn1)C2=O,,1.81
train,768,GHNZERMNOYZLCU-UHFFFAOYSA-N,Cc1csc(C2=CC(=O)c3ncccc3C2=O)n1,,1.91
train,2728,RPIOWZXWUPGMFN-UHFFFAOYSA-N,COc1ccc2c(n1)C(=O)C=C(c1nc(C)co1)C2=O,,2.09
train,1408,JKBQMSFSUFTZEJ-UHFFFAOYSA-N,N#Cc1nc2c(nc1C#N)C(=O)C(c1cnc(S)[nH]1)=CC2=O,,1.67
train,403,CLGJPZCGMUVCAE-UHFFFAOYSA-N,N#Cc1ccnc2c1C(=O)C(c1cc(Cl)c[nH]1)=C(c1cc(Cl)c[nH]1)C2=O,,1.2
train,4479,MCRPDKASDNYZBB-OCEACIFDSA-N,Cc1c[nH]c(-c2ccc(N=Nc3ccc(-c4cc(C)c[nH]4)cc3)cc2)c1,,0.67
train,963,HGTMHODLZRDMBE-UHFFFAOYSA-N,O=C1C=C(c2ccc(F)s2)C(=O)c2nccnc21,,2.02
train,956,HFXNOXZZAAMYPZ-UHFFFAOYSA-N,N#Cc1cc2c(nc1C#N)C(=O)C=C(c1ncccn1)C2=O,,2.62
train,476,DDCBDWIDOPSXHP-UHFFFAOYSA-N,CN(C)c1nccn1C1=CC(=O)c2nc(C#N)cnc2C1=O,,1.02
train,2439,OVUMTMPQLFMPDF-UHFFFAOYSA-N,COc1ccnc2c1C(=O)C(c1cnc(C)[nH]1)=CC2=O,,1.59
train,2147,NKFBBJYOOXCXGC-UHFFFAOYSA-N,N#Cc1cc(C#N)c2c(n1)C(=O)C(C1=CC=C(S)C1)=C(C1=CC=C(S)C1)C2=O,,0.74
train,3961,BFAPCIQLGNDZKX-OCEACIFDSA-N,O=S1(=O)C(c2ccc(N=Nc3ccc(C4=CC=C(C(F)(F)F)S4(=O)=O)o3)o2)=CC=C1C(F)(F)F,,1.48
train,4808,UDROOWQCQSGKRM-UHFFFAOYSA-N,COc1cnc(-c2ccc3c(c2)C(=O)c2cc(-c4ncc(OC)s4)ccc2C3=O)s1,,1.69
train,1225,INGRSEKJFMUPNI-UHFFFAOYSA-N,N#Cc1ccnc2c1C(=O)C(c1ccc([N+](=O)[O-])[nH]1)=C(c1ccc([N+](=O)[O-])[nH]1)C2=O,,1.98
train,4194,GZIUQIGZLZMLTA-UHFFFAOYSA-N,N#Cc1ccc(-c2ccc3c(c2)C2=Cc4c5ccc(-c6ccc(C#N)n6C=O)cc5c5n4[B@@-]4(Cl)n6c(c7ccc(-c8ccc(C#N)n8C=O)cc7c6=CC3=[N+]24)=C5)n1C=O,,0.98
train,1173,IGPVZKKQTJPCAV-UHFFFAOYSA-N,O=C1C(c2nnc(OC(F)(F)F)nn2)=C(c2nnc(OC(F)(F)F)nn2)C(=O)c2nccnc21,,2.86
train,2375,ONWQLSAZMGJXLW-UHFFFAOYSA-N,N#Cc1cc(C#N)c2c(n1)C(=O)C=C(n1ccnc1O)C2=O,,1.78
train,629,FCFZPZOGGPHTPF-UPHRSURJSA-N,N#Cc1cnc2c(c1)C(=O)C(C=CS)=CC2=O,,2.02
train,408,CMYRODVWDAXKEL-UHFFFAOYSA-N,COC1=CC=C(C2=C(C3=CC=C(OC)C3)C(=O)c3ncccc3C2=O)C1,,0.46
train,4538,NEPKELDIRWSVAJ-UHFFFAOYSA-N,O=C1c2ccc(-c3ccc(S)cc3)cc2C(=O)c2cc(-c3ccc(S)cc3)ccc21,,1.68
train,5328,BBADVPVLOVNHDY-UHFFFAOYSA,CC1(C)c2cc(-c3ccc(C#CCl)cc3)ccc2N(c2ccc(-c3coc(F)n3)cc2)c2ccc(-c3ccc(-c4nc([N+](=O)[O-])cs4)cc3)cc21,,0.79
train,959,HGENVJIYPOLMLF-UHFFFAOYSA-N,N#Cc1cnc2c(c1)C(=O)C(c1ncc([N+](=O)[O-])cn1)=CC2=O,,2.99
train,850,GTMPBQUPUNDOBQ-UHFFFAOYSA-N,COc1cnc2c(c1)C(=O)C(c1ncc(C#N)s1)=CC2=O,,2.48
train,4439,LHLDXVGFRLTTFU-UHFFFAOYSA-N,N#Cc1cc(-c2ccc(O)o2)c(C#N)c(-c2ccc(O)o2)c1,,-1.29
train,1579,KDNMXHDZUIPOCC-UHFFFAOYSA-N,COc1ccc(C2=CC(=O)c3nccc(C#N)c3C2=O)n1C,,1.03
train,944,HEBCPFIENZKOST-UHFFFAOYSA-N,N#Cc1ccc2c(n1)C(=O)C(c1ccc(OC(F)(F)F)o1)=C(c1ccc(OC(F)(F)F)o1)C2=O,,1.49
train,1955,MNGCFEDJBXDHMT-UHFFFAOYSA-N,COc1ccc2c(n1)C(=O)C=C(c1cccn1C)C2=O,,1.41
train,5497,WJUBYKMPGSGDDM-UHFFFAOYSA,O=c1oc2cc(-c3ccoc3Cl)ccc2c2cc3ccccc3cc12,,1.43
train,2993,UMNUWJPCMSBVAV-UHFFFAOYSA-N,N#Cc1cc2c(nc1C#N)C(=O)C(c1ncc(O)cn1)=C(c1ncc(O)cn1)C2=O,,2.38
train,5157,BSJHNQYKJZFEMC-GIJQJNRQSA,ON1c2ccccc2N(/C=N/C(F)(F)F)c2ccccc21,,0.94
train,4043,DDXKCKBBPAYDGA-UHFFFAOYSA-N,Sc1coc(C2(S)N=N2)n1,,1.8
train,1594,KFBHQNQRBKCEOS-UHFFFAOYSA-N,N#Cc1cnc2c(n1)C(=O)C(c1ccc(Cl)cc1)=C(c1ccc(Cl)cc1)C2=O,,2.09
train,13,ABUHCXZUPUZYKE-UHFFFAOYSA-N,COc1nc2c(nc1OC)C(=O)C(c1ccc([N+](=O)[O-])cc1)=C(c1ccc([N+](=O)[O-])cc1)C2=O,,2.45
train,5354,MDFFNUXAPPGYDS-UHFFFAOYSA,CC1(C)c2cc(-c3ccc(C4=CS(=O)(=O)C([N+](=O)[O-])=C4)cc3)ccc2N(c2ccc(-c3coc(F)c3)cc2)c2ccc(-c3ccc(-c4coc([N+](=O)[O-])c4)cc3)cc21,,0.8
train,508,DNMVPXZQAXKWDV-UHFFFAOYSA-N,CN(C)c1ccc(C2=CC(=O)c3ncc(C#N)cc3C2=O)o1,,0.88
train,2294,OEHXIOOPUIQMGK-UHFFFAOYSA-N,Cc1nnc(C2=CC(=O)c3nc(C#N)ccc3C2=O)nn1,,2.21
train,3330,WOSZOMCUTIGVQC-UHFFFAOYSA-N,COc1cnc2c(n1)C(=O)C=C(c1ccc(C#N)n1C=O)C2=O,,2.31
train,1431,JLZBHELFCVLAMY-UHFFFAOYSA-N,COc1cnc2c(n1)C(=O)C(n1cc(C(F)(F)F)nn1)=CC2=O,,2.98
train,5338,DRTZJVBSFWRCGV-UHFFFAOYSA,CC1(C)c2cc(-c3ccc(-c4csc([N+](=O)[O-])c4)cc3)ccc2N(c2ccc(C3=CS(=O)(=O)C(Cl)=C3)cc2)c2ccc(-c3ccc(-c4cnc(Cl)o4)cc3)cc21,,0.79
train,1390,JHYVDGOBBKHSSQ-SOFYXZRVSA-N,CN=CC1=CC(=O)c2nc(C#N)c(C#N)cc2C1=O,,2.0
train,3661,YRZKWMCWMZFYQU-UHFFFAOYSA-N,O=C1C(c2nc(S)cs2)=C(c2nc(S)cs2)C(=O)c2nccnc21,,1.57
train,5436,ITDLGOAEGRPRHV-KXFIGUGUSA,C/C=C\c1c2ccccc2cc2c1c(=O)oc1cc(-c3cccc(OC(F)(F)F)c3)ccc12,,1.43
train,4601,OLAVNXSVZYTRLM-NORIJPHCSA-N,O=C1c2ccc(C=NF)cc2C(=O)c2cc(C=NF)ccc21,,3.03
train,1791,LTMNQIUDOJGSLN-UHFFFAOYSA-N,N#Cc1cnc2c(c1C#N)C(=O)C(C1=CC=CC1)=CC2=O,,1.65
train,3612,XWSAHOCHVDLHJG-UHFFFAOYSA-N,CN(C)c1c[nH]c(C2=CC(=O)c3ncc(C#N)c(C#N)c3C2=O)c1,,0.66
train,1178,IHHSHBLKYXMFKV-UHFFFAOYSA-N,N#Cc1cc2c(nc1C#N)C(=O)C(C1=CC=CS1(=O)=O)=C(C1=CC=CS1(=O)=O)C2=O,,2.51
train,3755,ZDMNQATZOITCJT-UHFFFAOYSA-N,N#Cc1cnc2c(c1)C(=O)C(c1ccc(Cl)s1)=CC2=O,,1.9
train,2510,PEBUMSHBPGBJCK-UHFFFAOYSA-N,Cc1ccc(C2=CC(=O)c3ncc(C#N)cc3C2=O)nc1,,2.28
train,457,CVGXPNCMRVIDJY-UHFFFAOYSA-N,COc1cnc(C2=CC(=O)c3nc(C#N)c(C#N)cc3C2=O)s1,,1.81
train,1389,JHWSFELRZGFWFH-UHFFFAOYSA-N,N#Cc1ccc2c(n1)C(=O)C=C(c1ccc(OC(F)(F)F)cn1)C2=O,,2.6
train,100,ANJKTNFHNRPPHY-UHFFFAOYSA-N,N#Cc1cnc2c(c1)C(=O)C(c1ccc(C(F)(F)F)o1)=CC2=O,,2.38
train,3536,XMKAWDYICUPLFG-UHFFFAOYSA-N,N#Cc1cnc2c(n1)C(=O)C=C(c1ccc(C#N)o1)C2=O,,2.51
train,4127,FTYZZZCVLRBJNS-ISLYRVAYSA-N,Sc1ccc(-c2ccc(N=Nc3ccc(-c4ccc(S)s4)s3)s2)s1,,0.64
train,1427,JLQLCMJIDGPXHM-UHFFFAOYSA-N,N#Cc1nc2c(nc1C#N)C(=O)C(n1ccnn1)=C(n1ccnn1)C2=O,,2.84
train,1578,KDJOCWQLDXSRGY-UHFFFAOYSA-N,Cn1c(C2=CC(=O)c3nc(C#N)c(C#N)cc3C2=O)ccc1C(F)(F)F,,2.05
train,2351,OKUMNVZXCDTNCO-HSFFGMMNSA-N,N#Cc1nc2c(nc1C#N)C(=O)C(C=CC(F)(F)F)=C(C=CC(F)(F)F)C2=O,,3.08
train,2385,OPZWXVZBCVGCBA-UHFFFAOYSA-N,N#Cc1cnc2c(n1)C(=O)C(c1ccc(C(F)(F)F)s1)=CC2=O,,2.35
train,1675,KPOLBIVCXYIDSF-UHFFFAOYSA-N,N#Cc1cnc2c(n1)C(=O)C(c1cnc(S)[nH]1)=C(c1cnc(S)[nH]1)C2=O,,1.18
train,951,HESSDFWQJYNRCG-UHFFFAOYSA-N,COc1ncc(C2=C(c3cnc(OC)[nH]3)C(=O)c3c(C#N)ccnc3C2=O)[nH]1,,0.99
train,5210,WUBAMLZWSZRCEC-UHFFFAOYSA,FN1c2ccccc2N(C#CC(F)(F)F)c2ccccc21,,2.26
train,3244,WEYIFHHYQCSAOV-UHFFFAOYSA-N,N#Cc1cc2c(nc1C#N)C(=O)C(c1cc(O)c[nH]1)=C(c1cc(O)c[nH]1)C2=O,,0.74
train,4166,GMTCRTFSEOXKQA-UHFFFAOYSA-N,Fc1cnc(C2(F)N=N2)s1,,2.41
train,205,AZVCKHUSYUJOIT-UHFFFAOYSA-N,O=C1C(c2ccco2)=CC(=O)c2ncccc21,,1.9
train,2366,OMVVFDWVFZHGEO-UHFFFAOYSA-N,N#Cc1ccnc2c1C(=O)C(c1ccc(C(F)(F)F)[nH]1)=CC2=O,,1.98
train,5425,HMZXTPCJHNWBOS-UHFFFAOYSA,N#Cc1ccc(-c2c3ccccc3cc3c2c(=O)oc2cc(-c4ccsc4O)ccc23)[nH]1,,1.36
train,5006,YILQVOLMPAZSLG-DQRAZIAOSA-N,CC1=CC=C(c2ccc(N=Nc3ccc(C4=CC=C(C)C4)o3)o2)C1,,0.16
train,2485,PARLQHPCTUJAEK-UHFFFAOYSA-N,CN(C)C1=CC=C(C2=C(C3=CC=C(N(C)C)C3)C(=O)c3c(C#N)ccnc3C2=O)C1,,-0.18
train,2664,RIJPMUMRPQTCSG-UHFFFAOYSA-N,O=C1C=C(c2ccc(O)o2)C(=O)c2nccnc21,,1.51
train,5474,QCYWDKZURGGDTE-UHFFFAOYSA,O[C]1=NC=C[C](N=1)c1ccc2c(c1)oc(=O)c1c2cc2ccccc2c1N(=O)=O,,1.9
train,2729,RPMWQSNOYZFJCY-UHFFFAOYSA-N,N#Cc1cc2c(nc1C#N)C(=O)C(c1ccc(F)cc1)=C(c1ccc(F)cc1)C2=O,,2.08
train,3334,WPICBJLRVLZCIK-UHFFFAOYSA-N,COc1ccc2c(n1)C(=O)C=C(C#CC(F)(F)F)C2=O,,2.63
train,141,ARCLLBAXOBKIGW-UHFFFAOYSA-N,N#Cc1cnc2c(c1)C(=O)C(c1ncc([N+](=O)[O-])s1)=C(c1ncc([N+](=O)[O-])s1)C2=O,,2.74
train,2173,NNMHLGOEJSCOKU-UHFFFAOYSA-N,COc1cnc2c(c1)C(=O)C(c1cnc([N+](=O)[O-])[nH]1)=CC2=O,,2.41
train,5147,WGFXJWIOCXHSKB-UHFFFAOYSA,Cc1ccc(N2c3ccccc3N(c3csc(C#N)c3)c3ccccc32)[nH]1,,0.21
train,3850,ZPZYBFAQVYJZNK-UHFFFAOYSA-N,COc1nc2c(nc1OC)C(=O)C(c1nc(Cl)co1)=CC2=O,,2.26
train,9,ABLNDALJXHEKSG-UHFFFAOYSA-N,COC1=CC=C(C2=CC(=O)c3nc(OC)ccc3C2=O)S1(=O)=O,,1.85
train,1096,HXSFDFBPLIDKIA-UHFFFAOYSA-N,COc1cnc2c(c1)C(=O)C(c1ccc(N=C(C)O)n1C=O)=CC2=O,,1.19
train,4749,RYYJJENVUDZMCO-UHFFFAOYSA-N,Clc1ccc(C2(Cl)N=N2)cc1,,2.29
train,4199,HBBIETJUGOKZNE-DQRAZIAOSA-N,Cc1ncc(-c2ccc(N=Nc3ccc(-c4cnc(C)[nH]4)s3)s2)[nH]1,,0.68
train,1360,JECKZLBEOLKWPK-UHFFFAOYSA-N,COc1cnc2c(c1)C(=O)C(c1cccs1)=CC2=O,,1.85
train,641,FDLCRDCFAILAMD-UHFFFAOYSA-N,N#Cc1csc(C2=CC(=O)c3nccnc3C2=O)n1,,2.64
train,277,BVINZCJIUANZAZ-YPEHOIGNSA-N,N#Cc1cnc2c(n1)C(=O)C=C(C=NC(F)(F)F)C2=O,,3.59
train,3509,XKCAEIWTRLUXSW-UHFFFAOYSA-N,N#Cc1cn(C2=CC(=O)c3nc(C#N)cc(C#N)c3C2=O)nn1,,3.37
train,3059,UUTMCYPXBDHPBJ-UHFFFAOYSA-N,COc1cnc2c(n1)C(=O)C(c1nnc(C#N)nn1)=CC2=O,,2.69
train,1184,IIFBHLAKKPXECQ-UHFFFAOYSA-N,CN(C)c1cnc(C2=CC(=O)c3ncc(C#N)c(C#N)c3C2=O)nc1,,1.53
train,4829,UPBPDHNJGDAZDT-DQRAZIAOSA-N,COc1ccc(-c2ccc(N=Nc3ccc(-c4ccc(OC)[nH]4)s3)s2)[nH]1,,0.08
train,2265,OAFRXPYPBAEVTF-UHFFFAOYSA-N,COc1ccc2c(n1)C(=O)C=C(C1=CC=C(Cl)C1)C2=O,,1.51
train,676,FILCFZRSSQMHCC-UHFFFAOYSA-N,CC(O)=Nc1ccc(C2=C(c3ccc(N=C(C)O)cc3)C(=O)c3nccnc3C2=O)cc1,,1.37
train,4631,PDVCEHOSZTWIBM-DQRAZIAOSA-N,COc1c[nH]c(-c2ccc(N=Nc3ccc(-c4cc(OC)c[nH]4)s3)s2)c1,,0.34
train,4995,YEWVDGDKQBCJCU-MZAUSLISSA-N,O=C1c2ccc(C=NS)cc2C(=O)c2cc(C=NS)ccc21,,1.93
train,2141,NJWDHNIDABRHNN-UHFFFAOYSA-N,N#Cc1nc2c(nc1C#N)C(=O)C(c1ncc(Cl)o1)=C(c1ncc(Cl)o1)C2=O,,2.26
train,4679,QMZIWFNFRZIMRQ-CEFYYBNKSA-N,CC=COC=Cc1ccc(N=Nc2ccc(C=COC=CC)s2)s1,,0.52
train,2610,QNOSIJZWMBQJEM-UHFFFAOYSA-N,N#Cc1cnc2c(c1)C(=O)C(n1cc(F)nn1)=C(n1cc(F)nn1)C2=O,,2.81
train,3863,ZRAJIRGXFKUVHD-UHFFFAOYSA-N,N#Cc1ccnc2c1C(=O)C(C#COC(F)(F)F)=CC2=O,,2.91
train,3430,XBLSXDHZFZYREG-UHFFFAOYSA-N,COc1ccc2c(n1)C(=O)C=C(c1ccc(C)[nH]1)C2=O,,1.28
train,2903,SJFSZNXJEUJNQH-UHFFFAOYSA-N,Cc1ccc(C2=CC(=O)c3nc(C#N)c(C#N)cc3C2=O)nc1,,2.33
train,813,GPBCUAZZJAZGST-UHFFFAOYSA-N,Cn1c(S)ccc1C1=C(c2ccc(S)n2C)C(=O)c2nc(C#N)c(C#N)nc2C1=O,,0.82
train,2368,ONEFDAVRSIUCOS-UHFFFAOYSA-N,N#Cc1ccnc2c1C(=O)C(c1cc(C(F)(F)F)c[nH]1)=C(c1cc(C(F)(F)F)c[nH]1)C2=O,,1.51
train,3386,WWASYBMWPVBCHU-UHFFFAOYSA-N,COc1c[nH]c(C2=CC(=O)c3nc(C#N)c(C#N)nc3C2=O)c1,,1.31
train,3003,UNGFBPUYFYMCFX-UHFFFAOYSA-N,O=C1C(n2ccnc2OC(F)(F)F)=C(n2ccnc2OC(F)(F)F)C(=O)c2nccnc21,,2.1
train,1554,KAZUGSRGSVOUJJ-UHFFFAOYSA-N,COc1ccnc2c1C(=O)C(c1ccc(C)n1C)=CC2=O,,1.19
train,1274,ITEFXZJDPHPOEF-UHFFFAOYSA-N,C#CC1=C(C#C)C(=O)c2c(C#N)ccnc2C1=O,,2.79
train,194,AYGMLTKDNVWOCD-UHFFFAOYSA-N,O=C1C(c2ccc([N+](=O)[O-])s2)=CC(=O)c2ncccc21,,2.63
train,140,ARAHTAJCCXIEJJ-UHFFFAOYSA-N,CN(C)c1cn(C2=CC(=O)c3nc(C#N)c(C#N)nc3C2=O)c2ccccc12,,0.61
train,5153,XZJCQTZLPKCXOA-UHFFFAOYSA,COc1ccc(N2c3ccccc3N(c3ccccc3)c3ccccc32)cc1,,0.14
train,542,DQZGIOGOTGEESD-UHFFFAOYSA-N,CN(C)c1cnc(C2=CC(=O)c3nccc(C#N)c3C2=O)s1,,1.08
train,3751,ZDIRHOQAVSVYQU-UHFFFAOYSA-N,COc1ncc(C2=C(c3cnc(OC)[nH]3)C(=O)c3nc(C#N)c(C#N)nc3C2=O)[nH]1,,1.09
train,3053,UTUJCIDSWIGHNX-UHFFFAOYSA-N,N#Cc1cc2c(nc1C#N)C(=O)C(c1nnc(OC(F)(F)F)nn1)=C(c1nnc(OC(F)(F)F)nn1)C2=O,,2.88
train,448,CUFTYUCMEOSVCN-UHFFFAOYSA-N,COc1ccc(C2=CC(=O)c3ncc(C#N)cc3C2=O)s1,,1.48
train,2865,SEOSNMFQUMBGHW-UHFFFAOYSA-N,CC(O)=Nc1cnc(C2=CC(=O)c3ncccc3C2=O)s1,,1.48
train,984,HKTMWXJTOQKWLA-UHFFFAOYSA-N,CN(C)c1c[nH]c(C2=C(c3cc(N(C)C)c[nH]3)C(=O)c3ncc(C#N)cc3C2=O)c1,,0.31
train,2984,ULSLTLYLGCXOHW-UHFFFAOYSA-N,CN(C)c1cnc(C2=CC(=O)c3nc(C#N)cc(C#N)c3C2=O)o1,,1.13
train,4491,MJFIVXQILNDVGB-UHFFFAOYSA-N,FC(F)(F)Oc1cnc(C2(OC(F)(F)F)N=N2)o1,,2.56
train,2608,QNDGMIUBHKBYCQ-UHFFFAOYSA-N,N#Cc1ccnc2c1C(=O)C(c1ccc(Cl)o1)=CC2=O,,1.91
train,406,CMPMWLJNXWPZFQ-IOBHVTPZSA-N,O=C1C(C=CO)=C(C=CO)C(=O)c2nccnc21,,1.36
train,2164,NMNQAJZCQDIIFX-UHFFFAOYSA-N,O=C1C(n2cc(C(F)(F)F)nn2)=C(n2cc(C(F)(F)F)nn2)C(=O)c2nccnc21,,3.22
train,665,FGMXOJNNYJREKY-UHFFFAOYSA-N,N#Cc1cnc2c(n1)C(=O)C(n1cc(F)nn1)=C(n1cc(F)nn1)C2=O,,2.85
train,552,DSVLCLUNKLXJFP-UHFFFAOYSA-N,CN(C)c1cnc(C2=CC(=O)c3nc(C#N)ccc3C2=O)o1,,1.1
train,1415,JKQASEWIFQVEAK-UHFFFAOYSA-N,N#Cc1cnc(C2=CC(=O)c3nc(C#N)cnc3C2=O)nc1,,2.93
train,4753,SAWFHQKTEYKKKG-UHFFFAOYSA-N,N#Cc1cc(-c2ccc(OC(F)(F)F)[nH]2)c(C#N)c(-c2ccc(OC(F)(F)F)[nH]2)c1,,-1.13
train,4443,LJHIBWKDCMRMBO-VEXXTHBSSA-N,ClN=Cc1ccc(N=Nc2ccc(C=NCl)cc2)cc1,,1.86
train,3640,XZYWUUMBJMNRCT-UHFFFAOYSA-N,COc1ccc(C2=CC(=O)c3nc(C#N)cc(C#N)c3C2=O)n1C,,1.1
train,694,FKCQTWIMVMDBIJ-UHFFFAOYSA-N,N#Cc1cnc2c(n1)C(=O)C(c1nc(O)cs1)=C(c1nc(O)cs1)C2=O,,1.55
train,2335,OJSQURAEGXEHNY-UHFFFAOYSA-N,N#Cc1cc(C#N)c2c(n1)C(=O)C=C(c1ncc(Cl)s1)C2=O,,2.25
train,2246,NXOSLQGHRIAMMQ-UHFFFAOYSA-N,COc1cnc2c(n1)C(=O)C=C(c1nc(Cl)co1)C2=O,,2.33
train,1768,LQFCLLXYULUFEV-UHFFFAOYSA-N,N#Cc1cnc2c(c1)C(=O)C(c1ccc(O)cn1)=CC2=O,,2.14
train,2678,RJTRORSZBFPPSY-UHFFFAOYSA-N,COc1ccc2c(n1)C(=O)C=C(C1=CC=C(C(F)(F)F)C1)C2=O,,1.99
train,2863,SEMCMCGKUCIYPQ-UHFFFAOYSA-N,COc1c[nH]c(C2=C(c3cc(OC)c[nH]3)C(=O)c3nccnc3C2=O)c1,,0.61
train,2956,UJCXEODIIOVQOG-HSFFGMMNSA-N,N#Cc1nc2c(nc1C#N)C(=O)C(C=CCl)=C(C=CCl)C2=O,,2.28
train,1509,JVVGNHUPSFRBLY-UHFFFAOYSA-N,N#Cc1cnc2c(c1)C(=O)C(c1ccc(O)s1)=C(c1ccc(O)s1)C2=O,,1.05
train,236,BQKIRIFFJPZTJI-UHFFFAOYSA-N,COc1ccnc2c1C(=O)C(c1ccc(OC(F)(F)F)n1C)=CC2=O,,1.47
train,4275,IICZEFZGYNNLFJ-UHFFFAOYSA-N,O=Cn1c(O)ccc1C1(O)N=N1,,1.35
train,348,CEPBMEVTRPLOLJ-UHFFFAOYSA-N,C#CC1=CC(=O)c2ncc(C#N)cc2C1=O,,3.16
train,4339,JPUWVOGVTYULQS-UHFFFAOYSA-N,N#Cc1cc(-c2cc(C(F)(F)F)c[nH]2)c(C#N)c(-c2cc(C(F)(F)F)c[nH]2)c1,,1.69
train,2763,RTOCRCMBHVKPJB-ARJAWSKDSA-N,COc1nc2c(nc1OC)C(=O)C(C=C[N+](=O)[O-])=CC2=O,,2.36
train,1610,KGNRMRAVKVVWHV-OWOJBTEDSA-N,N#Cc1cnc2c(n1)C(=O)C=C(C=CC(F)(F)F)C2=O,,3.22
train,3295,WLUQXXZWHKRUDB-UHFFFAOYSA-N,COc1cnc2c(c1)C(=O)C(c1cnc[nH]1)=CC2=O,,1.82
train,3052,UTOFAKGIMAWNEA-UHFFFAOYSA-N,N#Cc1nc2c(nc1C#N)C(=O)C(c1ncc(F)cn1)=CC2=O,,2.88
train,2047,MYKZYFZBMHKYBI-LZWSPWQCSA-N,N#CN=CC1=CC(=O)c2nc(C#N)cnc2C1=O,,3.35
train,1517,JWQPSHMDWQIZOF-UHFFFAOYSA-N,N#Cc1ccc(C2=C(c3ccc(C#N)[nH]3)C(=O)c3c(ncc(C#N)c3C#N)C2=O)[nH]1,,1.7
train,4364,JZKWNEIVZJDNHN-UHFFFAOYSA-N,O=C1c2ccc(-c3nc(C(F)(F)F)co3)cc2C(=O)c2cc(-c3nc(C(F)(F)F)co3)ccc21,,2.48
train,87,ALRAELHWWOEUID-UHFFFAOYSA-N,COc1ccnc2c1C(=O)C(c1ccc(OC(F)(F)F)cn1)=CC2=O,,2.5
train,3909,AFVPQFMVEBIYAA-UHFFFAOYSA-N,Cc1nnc(C2(C)N=N2)nn1,,2.2
train,5384,YHWPBSXUCAUTKS-UHFFFAOYSA,Cc1csc(-c2ccc(-c3ccc4c(c3)C(C)(C)c3cc(-c5ccc(-c6csc(C)n6)cc5)ccc3N4c3ccc(-c4csc(Cl)n4)cc3)cc2)n1,,0.73
train,798,GMUKNILQFODMEI-UHFFFAOYSA-N,N#Cc1cc(C#N)c2c(n1)C(=O)C=C(c1cc(O)c[nH]1)C2=O,,1.45
train,218,BBDBRSLBSXWDGZ-UHFFFAOYSA-N,COc1cnc2c(c1)C(=O)C(C1=CC=C(N(C)C)S1(=O)=O)=CC2=O,,1.22
train,3842,ZPJFSCZWDOATKR-UHFFFAOYSA-N,O=C1C(c2ncc(F)o2)=C(c2ncc(F)o2)C(=O)c2nccnc21,,2.24
train,4170,GPAMEGNRIKMEKV-BYYHNAKLSA-N,Cn1c(OC(F)(F)F)ccc1-c1ccc(N=Nc2ccc(-c3ccc(OC(F)(F)F)n3C)s2)s1,,0.7
train,2931,SNANQIKUNJKREY-UHFFFAOYSA-N,COc1ncc(C2=CC(=O)c3nccc(OC)c3C2=O)[nH]1,,1.35
train,1712,LIWLZVSGJOMDBS-UHFFFAOYSA-N,N#Cc1ccc(C2=CC(=O)c3ncccc3C2=O)s1,,2.26
train,3530,XMBAVUOKWUPMMX-UHFFFAOYSA-N,O=C1C=C(n2ccnc2F)C(=O)c2nccnc21,,2.21
train,1127,IBHSJXXDFBKCQU-UHFFFAOYSA-N,COc1ccc(C2=CC(=O)c3ncc(C#N)nc3C2=O)s1,,1.52
train,1356,JDNSMIQDJLXHKD-UHFFFAOYSA-N,N#Cc1cnc2c(n1)C(=O)C=C(C#CS)C2=O,,2.31
train,99,ANIMOGYHHJBZDP-UHFFFAOYSA-N,N#Cc1cnc2c(c1C#N)C(=O)C(c1ncc(C(F)(F)F)s1)=C(c1ncc(C(F)(F)F)s1)C2=O,,2.47
train,1363,JEVNKZMTCBLQKL-UHFFFAOYSA-N,COc1cnc2c(c1)C(=O)C(c1nc([N+](=O)[O-])cs1)=CC2=O,,2.48
train,3560,XPZRGZZEXKYBSU-UHFFFAOYSA-N,COc1ccc(C2=CC(=O)c3nc(C#N)cnc3C2=O)nc1,,2.03
train,1420,JLGTUBALLCGMSG-UHFFFAOYSA-N,Cn1cccc1C1=C(c2cccn2C)C(=O)c2nc(C#N)c(C#N)nc2C1=O,,1.16
train,2983,ULPJLXLNNKLOKJ-UHFFFAOYSA-N,CN(C)c1ccc(C2=C(c3ccc(N(C)C)cc3)C(=O)c3ncccc3C2=O)cc1,,0.77
train,2601,QMMWYMVWEKROOY-UHFFFAOYSA-N,COc1cnc2c(n1)C(=O)C(c1nc(N(C)C)cs1)=CC2=O,,0.94
train,5019,YOECZXJIBOAOTM-FOCLMDBBSA-N,ClC#Cc1ccc(N=Nc2ccc(C#CCl)o2)o1,,1.15
train,3284,WLAMNQMFXQBQRI-UHFFFAOYSA-N,CC1=CC=C(C2=CC(=O)c3ncc(C#N)nc3C2=O)S1(=O)=O,,2.49
train,1827,LXJHWECLFXUICC-UHFFFAOYSA-N,N#Cc1cnc2c(c1C#N)C(=O)C(n1ccnc1C#N)=CC2=O,,2.68
train,4947,XFGAFFLWVAHDJV-WCWDXBQESA-N,Fc1ccc(-c2ccc(N=Nc3ccc(-c4ccc(F)[nH]4)[nH]3)[nH]2)[nH]1,,0.65
train,3527,XLWDIOWUNRPSFF-UHFFFAOYSA-N,COc1cnc2c(c1)C(=O)C(c1nccs1)=CC2=O,,2.2
train,1100,HYANXFXBQBQNAI-UHFFFAOYSA-N,N#Cc1cnc2c(c1)C(=O)C(c1ccc(OC(F)(F)F)[nH]1)=CC2=O,,1.53
train,700,FLFNWRVMYPQLDG-UHFFFAOYSA-N,O=C1C(c2ncc(S)cn2)=C(c2ncc(S)cn2)C(=O)c2nccnc21,,2.14
train,3891,ZTURFURDHDBFIT-UHFFFAOYSA-N,CN(C)C1=CC=C(C2=C(C3=CC=C(N(C)C)C3)C(=O)c3nc(C#N)ccc3C2=O)C1,,-0.25
train,3029,UQUVTGVNBJAZHA-UHFFFAOYSA-N,N#Cc1cnc2c(c1C#N)C(=O)C(c1ncc(F)o1)=C(c1ncc(F)o1)C2=O,,2.22
train,1251,IPUTZHOOXUWPCN-UHFFFAOYSA-N,N#Cc1ccc2c(n1)C(=O)C=C(c1ncc(C(F)(F)F)cn1)C2=O,,2.82
train,3034,URERRUWIIZOAPY-UHFFFAOYSA-N,N#Cc1ccnc2c1C(=O)C(c1cnc(S)[nH]1)=C(c1cnc(S)[nH]1)C2=O,,1.14
train,312,BYXTXVGZBHYQKO-UHFFFAOYSA-N,O=C1C=C(c2nc(O)co2)C(=O)c2nccnc21,,1.96
train,2149,NKUCCNJVNZCCQJ-UHFFFAOYSA-N,O=C1C(c2ccc([N+](=O)[O-])cn2)=C(c2ccc([N+](=O)[O-])cn2)C(=O)c2ncccc21,,2.93
train,4153,GGDCGKUSUGIZPQ-DQRAZIAOSA-N,c1ncc(-c2ccc(N=Nc3ccc(-c4cnc[nH]4)[nH]3)[nH]2)[nH]1,,0.39
train,1459,JPZZLXMOWQSWKU-UHFFFAOYSA-N,COc1cn(C2=C(n3cc(OC)nn3)C(=O)c3ncc(C#N)cc3C2=O)nn1,,2.01
train,3951,AZTKBMGRKFMQOS-OCEACIFDSA-N,FC(F)(F)Oc1coc(-c2ccc(N=Nc3ccc(-c4nc(OC(F)(F)F)co4)s3)s2)n1,,1.28
train,1094,HXPDLZAWNUBGKC-UHFFFAOYSA-N,O=C1C(c2nnc([N+](=O)[O-])nn2)=C(c2nnc([N+](=O)[O-])nn2)C(=O)c2nccnc21,,3.19
train,2299,OEUWYYDOFUSEJO-UHFFFAOYSA-N,CC(O)=Nc1cnc(C2=C(c3ncc(N=C(C)O)s3)C(=O)c3nc(C#N)c(C#N)nc3C2=O)s1,,1.28
train,4925,WWUCXXYCHQXUNE-FMQUCBEESA-N,c1ncc(-c2ccc(N=Nc3ccc(-c4cnc[nH]4)o3)o2)[nH]1,,0.69
train,43,AGFYNCKRCXKOLO-UHFFFAOYSA-N,COc1ccc(C2=C(c3ccc(OC)s3)C(=O)c3ncc(C#N)cc3C2=O)s1,,0.98
train,930,HCMAQEYZKWLPRD-UHFFFAOYSA-N,N#Cc1cnc2c(c1C#N)C(=O)C(c1cc([N+](=O)[O-])c[nH]1)=C(c1cc([N+](=O)[O-])c[nH]1)C2=O,,1.73
train,869,GVONAJXVIQZASN-IKENXXAYSA-N,N#Cc1ccnc2c1C(=O)C(C=CCl)=C(C=CCl)C2=O,,2.16
train,3084,UWNGAFDAVXKQLS-UHFFFAOYSA-N,O=C1C=C(C2=CC=C(C(F)(F)F)C2)C(=O)c2nccnc21,,2.13
train,3696,YWLAMBSHXORUFZ-UHFFFAOYSA-N,COc1cnc2c(c1)C(=O)C(c1ncc(C)s1)=CC2=O,,1.86
train,979,HKIMSLCPEBFKFS-DUXPYHPUSA-N,CC=CC1=CC(=O)c2ncccc2C1=O,,2.22
train,1112,HZHJWZHZKHQTKR-UHFFFAOYSA-N,COc1cnc2c(n1)C(=O)C=C(c1nnc(C)nn1)C2=O,,2.23
train,2730,RPNFNAKSJSTXBJ-UHFFFAOYSA-N,N#Cc1cc(C#N)c2c(n1)C(=O)C(n1cc(S)nn1)=C(n1cc(S)nn1)C2=O,,2.02
train,5507,YECABSQPBICYLS-UHFFFAOYSA,Cc1nc(-c2c3ccccc3cc3c2c(=O)oc2cc(-c4cccc(F)c4)ccc23)co1,,1.54
train,1596,KFDCFARRJHEOBG-UHFFFAOYSA-N,N#Cc1cnc2c(c1)C(=O)C(c1ccc(C#N)s1)=CC2=O,,2.35
train,2257,NZIYINCQHDPUFL-UHFFFAOYSA-N,COc1ccc2c(n1)C(=O)C=C(c1ccc([N+](=O)[O-])o1)C2=O,,2.5
train,5323,ADURAYOCQPTQIW-UHFFFAOYSA,Cc1csc(-c2ccc(-c3ccc4c(c3)C(C)(C)c3cc(-c5ccc(C#CC#N)cc5)ccc3N4c3ccc(C#C[N+](=O)[O-])cc3)cc2)n1,,1.32
train,2501,PCSQIEXHEZJGFD-UHFFFAOYSA-N,O=C1C(c2ccccc2)=CC(=O)c2ncccc21,,2.32
train,3781,ZGPURAFFLFSUAL-UHFFFAOYSA-N,Cn1c(Cl)ccc1C1=C(c2ccc(Cl)n2C)C(=O)c2nc(C#N)ccc2C1=O,,1.13
train,176,AWCCJVOWQNBIAZ-UHFFFAOYSA-N,N#Cc1cnc(C2=C(c3ncc(C#N)cn3)C(=O)c3nc(C#N)ccc3C2=O)nc1,,2.96
train,1979,MQGYXYQIOGTWJM-UHFFFAOYSA-N,O=C1C=C(c2nc(OC(F)(F)F)co2)C(=O)c2nccnc21,,2.36
train,309,BYRPWOXHSSSSSU-UHFFFAOYSA-N,O=C1C(c2nccs2)=C(c2nccs2)C(=O)c2ncccc21,,1.85
train,4892,WCXXBFNWCCIYQO-UHFFFAOYSA-N,c1cc2ccc3c4ccc5cccc6ccc(c7ccc(c1)c2c37)c4c56,,0.67
train,5448,KWEPADQYKXMDAN-UHFFFAOYSA,O=c1oc2ccccc2c2cc3ccccc3c(-c3cscn3)c12,,1.57
train,1040,HRRJGOYHJVFIFR-UHFFFAOYSA-N,N#Cc1nc2c(nc1C#N)C(=O)C([n+]1cc(=O)[n-][nH]1)=CC2=O,,2.45
train,3353,WSBRPDUIXOXELT-UHFFFAOYSA-N,N#Cc1ccc2c(n1)C(=O)C=C(C1=CC=C([N+](=O)[O-])C1)C2=O,,2.36
train,5152,XSADCTLHXROTOD-UHFFFAOYSA,O=[N+]([O-])N1c2ccccc2N(c2cccc(OC(F)(F)F)c2)c2ccccc21,,1.28
train,1140,ICQXXEUDFYKJER-UHFFFAOYSA-N,CC(O)=Nc1coc(C2=C(c3nc(N=C(C)O)co3)C(=O)c3nc(C#N)c(C#N)cc3C2=O)n1,,1.7
train,212,BAQAJAIYJMBDMG-UHFFFAOYSA-N,COc1ccc(C2=CC(=O)c3nc(OC)ccc3C2=O)cc1,,1.7
train,1814,LVSHLBJXBBRUHM-UHFFFAOYSA-N,C=CC1=CC(=O)c2ncc(C#N)cc2C1=O,,2.71
train,1391,JIAIWZQHTJTSLV-UHFFFAOYSA-N,Cn1c(OC(F)(F)F)ccc1C1=C(c2ccc(OC(F)(F)F)n2C)C(=O)c2nc(C#N)c(C#N)cc2C1=O,,1.13
train,3202,VZYPIVHTPQGKDG-UHFFFAOYSA-N,N#Cc1ccnc2c1C(=O)C(n1ccnc1OC(F)(F)F)=CC2=O,,2.13
train,5324,AKZLULJPPCAZIH-UHFFFAOYSA,CC1(C)c2cc(-c3ccc(-c4nnc(S)nn4)cc3)ccc2N(c2ccc(-c3nnc(S)nn3)cc2)c2ccc(-c3ccc(-c4nnc(S)nn4)cc3)cc21,,0.84
train,1971,MPIOLQLKRVKCQS-UHFFFAOYSA-N,Cc1ccc(C2=CC(=O)c3nc(C#N)c(C#N)cc3C2=O)o1,,1.73
train,998,HMBXRNAOUYNGBA-QCDXTXTGSA-N,N#Cc1ccc2c(n1)C(=O)C=C(C=N)C2=O,,2.86
train,3879,ZSJOXKOUVIINMW-UHFFFAOYSA-N,N#Cc1cnc2c(c1)C(=O)C(C1=CC=C(Cl)S1(=O)=O)=CC2=O,,2.56
train,1145,IDDKSYDHVPPWTL-UHFFFAOYSA-N,COc1cnc2c(n1)C(=O)C=C(n1cc(OC(F)(F)F)nn1)C2=O,,2.86
train,2700,RLZHXAGMBXDSAB-UHFFFAOYSA-N,Cn1c(O)ccc1C1=C(c2ccc(O)n2C)C(=O)c2c(C#N)cc(C#N)nc2C1=O,,0.62
train,2953,UIOLXRSCAFOQIN-UHFFFAOYSA-N,Cc1c[nH]c(C2=CC(=O)c3ncccc3C2=O)c1,,1.31
train,3397,WXEDCNFGCVBTDG-UHFFFAOYSA-N,COc1ccnc2c1C(=O)C(C1=CC=C(C)C1)=CC2=O,,1.27
train,4764,SGEDLNHIPIUMPX-UHFFFAOYSA-N,O=Cn1c(OC(F)(F)F)ccc1C1(OC(F)(F)F)N=N1,,2.08
train,3771,ZFLGLXPNWUGPAC-UHFFFAOYSA-N,CN(C)c1coc(C2=CC(=O)c3nc(C#N)c(C#N)nc3C2=O)n1,,1.12
train,1031,HQMDTFAHHPNKCN-UHFFFAOYSA-N,N#Cc1cnc2c(c1C#N)C(=O)C(n1cc(Cl)nn1)=CC2=O,,2.86
train,3561,XQAFHLGRTNLCOK-UHFFFAOYSA-N,N#Cc1cnc2c(c1C#N)C(=O)C(c1ccc(OC(F)(F)F)s1)=CC2=O,,1.93
train,2452,OXROYERTMYNODT-UHFFFAOYSA-N,CC1=CC=C(C2=C(C3=CC=C(C)C3)C(=O)c3nc(C#N)c(C#N)cc3C2=O)C1,,0.87
train,5272,XQTDPQWHCJFFMG-UHFFFAOYSA,C#COCN1c2ccccc2N(C#COC)c2ccccc21,,0.58
train,4575,OABQUKQVPGMFJT-VHXPQNKSSA-N,Cc1ccc(-c2ccc(N=Nc3ccc(-c4ccc(C)o4)cc3)cc2)o1,,0.87
train,2073,NBWFSZMATZRHQH-UHFFFAOYSA-N,N#Cc1cc2c(nc1C#N)C(=O)C=C(c1ncc([N+](=O)[O-])s1)C2=O,,3.03
train,2000,MSZXKPDUPNQULI-UHFFFAOYSA-N,N#Cc1ccc2c(n1)C(=O)C(n1cc(F)c3ccccc31)=C(n1cc(F)c3ccccc31)C2=O,,1.36
train,1353,JDIICHQIIBIJFG-UHFFFAOYSA-N,Cc1cnc(C2=C(c3ncc(C)o3)C(=O)c3ncc(C#N)cc3C2=O)o1,,1.75
train,362,CGEMXWPEUUIMCU-UHFFFAOYSA-N,N#Cc1cnc2c(c1C#N)C(=O)C(c1cnc([N+](=O)[O-])[nH]1)=C(c1cnc([N+](=O)[O-])[nH]1)C2=O,,2.45
train,56,AILUGVBDYCQTFY-UHFFFAOYSA-N,O=C1C(c2cc(C(F)(F)F)c[nH]2)=C(c2cc(C(F)(F)F)c[nH]2)C(=O)c2ncccc21,,1.25
train,3929,ARGXWJAMWQYJGG-UHFFFAOYSA-N,N#Cc1ccc(C2(C#N)N=N2)s1,,2.52
train,3160,VENHJNORYYSLKM-UHFFFAOYSA-N,N#Cc1cnc2c(n1)C(=O)C(c1ccc([N+](=O)[O-])o1)=CC2=O,,2.7
train,1343,JBXCXNNBYRXTAF-UHFFFAOYSA-N,N#Cc1ccc2c(n1)C(=O)C(c1ccc(S)[nH]1)=C(c1ccc(S)[nH]1)C2=O,,0.61
train,4636,PKGGHRJFUOLIGP-DQRAZIAOSA-N,Oc1ccc(-c2ccc(N=Nc3ccc(-c4ccc(O)cn4)s3)s2)nc1,,0.82
train,5309,PZGRFVIPHUTPGX-UHFFFAOYSA,COc1ccc(-c2ccc(-c3ccc4c(c3)C(C)(C)c3cc(-c5ccc(-c6ccc(OC)nc6)cc5)ccc3N4c3ccc(-c4ccc(OC)nc4)cc3)cc2)cn1,,0.68
train,2266,OAJZRITZAXUTKC-UHFFFAOYSA-N,N#Cc1cnc2c(c1)C(=O)C(C1=CC=C(S)S1(=O)=O)=C(C1=CC=C(S)S1(=O)=O)C2=O,,1.77
train,5393,PWRIEZAHZTVNQH-UHFFFAOYSA,Cc1ncc(N2c3ccccc3Oc3ccccc32)o1,,0.96
train,4804,UBXPPAFKWLXWJX-UHFFFAOYSA-N,N#Cc1cc(C#CF)c(C#N)c(C#CF)c1,,-0.8
train,2023,MVKULVZQMCFRDK-UHFFFAOYSA-N,COc1cnc2c(n1)C(=O)C(n1ccnc1C(F)(F)F)=CC2=O,,2.58
train,4701,QYSTXMPTSZPMOO-UHFFFAOYSA-N,FC(F)(F)Oc1c[nH]c(C2(OC(F)(F)F)N=N2)c1,,1.92
train,414,CNOUQLDMSIZRAR-UHFFFAOYSA-N,N#Cc1c[nH]c(C2=CC(=O)c3ncccc3C2=O)c1,,1.9
train,1346,JCINAWWELCHCRE-UHFFFAOYSA-N,N#Cc1cc(C#N)c2c(n1)C(=O)C(c1ccccn1)=C(c1ccccn1)C2=O,,2.42
train,5501,WVTYKBXEYDJHFA-UHFFFAOYSA,O=c1oc2cc(-c3cnc(Cl)o3)ccc2c2cc3ccccc3c(-c3nncnn3)c12,,1.59
train,3837,ZOSIOTQOELCCFG-UHFFFAOYSA-N,N#Cc1cnc2c(n1)C(=O)C=C(c1ncc(F)s1)C2=O,,2.31
train,2361,OMCNPRAWVJPENF-UHFFFAOYSA-N,N#Cc1cn(C2=CC(=O)c3nccnc3C2=O)c2ccccc12,,1.91
train,5476,QLPNTGAIRSMHHD-UHFFFAOYSA,O=Cn1cc(-c2c3ccccc3cc3c2c(=O)oc2cc(-c4ccnc(S)n4)ccc23)cc1OC(F)(F)F,,1.54
train,2471,OZFUTOUSTUEIAM-UHFFFAOYSA-N,O=C1C=C(c2ccco2)C(=O)c2nccnc21,,1.93
train,3709,YYESDAMPJKZADW-UHFFFAOYSA-N,O=C1C(C2=CC=C(O)C2)=C(C2=CC=C(O)C2)C(=O)c2nccnc21,,0.53
train,5043,YZLFRTJVBQHTHY-UHFFFAOYSA-N,Oc1ccc(C2(O)N=N2)o1,,1.29
train,5199,RVFFBXQVGROPJH-UYRXBGFRSA,C#CCN1c2ccccc2N(/C=N\C#N)c2ccccc21,,1.17
train,738,GDRSHZOGVIMIIH-UHFFFAOYSA-N,N#Cc1ccc2c(n1)C(=O)C=C(c1ccc(Cl)[nH]1)C2=O,,1.5
train,155,ATMPDXUOHUUXKA-UHFFFAOYSA-N,N#Cc1cnc2c(c1C#N)C(=O)C(c1ccc(S)[nH]1)=CC2=O,,1.25
train,727,GCAJVMHZUGMDOA-UHFFFAOYSA-N,C=CC1=C(C=C)C(=O)c2c(C#N)cc(C#N)nc2C1=O,,2.19
train,2036,MXFUFAXMKPVCMK-UHFFFAOYSA-N,N#Cc1cnc2c(c1)C(=O)C(n1ccnn1)=C(n1ccnn1)C2=O,,2.76
train,2586,QLCLMQHUASRKSK-UHFFFAOYSA-N,COc1cnc(C2=C(c3ncc(OC)o3)C(=O)c3nc(C#N)c(C#N)cc3C2=O)o1,,1.32
train,2933,STKRJJOWRGIPDC-UHFFFAOYSA-N,CN(C)c1ncc(C2=C(c3cnc(N(C)C)[nH]3)C(=O)c3c(ncc(C#N)c3C#N)C2=O)[nH]1,,0.5
train,4580,ODFPAXZPIBZLOA-UHFFFAOYSA-N,FC(F)(F)c1ccc(C2(C(F)(F)F)N=N2)cc1,,2.78
train,93,AMPBQYMHRMBUHN-UHFFFAOYSA-N,N#Cc1cc(C#N)c2c(n1)C(=O)C=C(c1ccc([N+](=O)[O-])cc1)C2=O,,3.02
train,295,BXANVPISZWOARQ-UHFFFAOYSA-N,COc1nc2c(nc1OC)C(=O)C(c1nnc(Cl)nn1)=CC2=O,,2.5
train,5060,ZILSNCWKDAKLAC-QVIHXGFCSA-N,FC(F)(F)Oc1cnc(-c2ccc(N=Nc3ccc(-c4ncc(OC(F)(F)F)cn4)o3)o2)nc1,,1.43
train,4942,XEBZNXDFTCMMMD-OCEACIFDSA-N,COc1ccc(-c2ccc(N=Nc3ccc(-c4ccc(OC)[nH]4)cc3)cc2)[nH]1,,0.56
train,1452,JOWCPCVPGVBPGM-UHFFFAOYSA-N,N#Cc1cnc2c(c1C#N)C(=O)C(c1ccc(O)s1)=CC2=O,,1.51
train,2836,SBODOCRDODNXRK-UHFFFAOYSA-N,COc1cnc(C2=C(c3ncc(OC)o3)C(=O)c3nc(C#N)cnc3C2=O)o1,,1.35
train,4731,RQGLBMPNSGCWTR-UHFFFAOYSA-N,Oc1cnc(C2(O)N=N2)s1,,1.79
train,1584,KEEUMFXUIVPUNY-UPHRSURJSA-N,N#Cc1cc(C#N)c2c(n1)C(=O)C=C(C=CF)C2=O,,2.73
train,1144,IDDIODLQJZOVGR-GLIMQPGKSA-N,COC=CC1=C(C=COC)C(=O)c2c(C#N)cc(C#N)nc2C1=O,,1.39
train,1426,JLNCFWKTZSURTE-UHFFFAOYSA-N,N#Cc1cnc(C2=CC(=O)c3ncccc3C2=O)nc1,,2.77
train,1770,LQIOTKFGSKDVBV-UHFFFAOYSA-N,CC(O)=NC1=CC=C(C2=CC(=O)c3ncc(C#N)cc3C2=O)S1(=O)=O,,1.7
train,3517,XLMDGKICXZQLAZ-UHFFFAOYSA-N,N#Cc1cnc2c(c1C#N)C(=O)C(c1ncc(O)cn1)=C(c1ncc(O)cn1)C2=O,,2.41
train,3210,WBIIHXMEFKJQCM-UHFFFAOYSA-N,N#Cc1ccc2c(n1)C(=O)C(c1nnc([N+](=O)[O-])nn1)=C(c1nnc([N+](=O)[O-])nn1)C2=O,,3.2
train,730,GCFAZQVRQBTHNH-UHFFFAOYSA-N,N#Cc1cnc2c(n1)C(=O)C(c1cnc(C(F)(F)F)[nH]1)=CC2=O,,2.43
train,4967,XQFPONIHCGDLKU-UHFFFAOYSA-N,FC(F)(F)c1ccc(C2(C(F)(F)F)N=N2)nc1,,3.14
train,3447,XDBVIYOLYXLKIU-UHFFFAOYSA-N,N#Cc1ccc2c(n1)C(=O)C(n1ccnc1C(F)(F)F)=C(n1ccnc1C(F)(F)F)C2=O,,2.73
train,111,AOAIAGSOKIJKRS-UHFFFAOYSA-N,COc1cnc(C2=C(c3ncc(OC)o3)C(=O)c3nc(OC)c(OC)nc3C2=O)o1,,1.23
train,104,ANQIPWOYVRSCQO-NSIKDUERSA-N,CC(O)=NN=CC1=CC(=O)c2ncccc2C1=O,,2.02
train,5339,FARQKKFQLSVLOD-UHFFFAOYSA,CC1(C)c2cc(-c3ccc(-c4ccco4)cc3)ccc2N(c2ccc(-c3ccco3)cc2)c2ccc(-c3ccc(-c4ccco4)cc3)cc21,,0.64
train,3873,ZSASRULEDAHXCC-UHFFFAOYSA-N,COc1cnc(C2=C(c3ncc(OC)s3)C(=O)c3ncc(C#N)cc3C2=O)s1,,1.27
train,5459,MXAOLDSUPYGNIF-UHFFFAOYSA,O=c1oc2cc(-c3ccoc3)ccc2c2cc3ccccc3c(-c3nc(C(F)(F)F)cs3)c12,,1.43
train,2032,MWPVGKHYMFBOFI-UHFFFAOYSA-N,N#Cc1cnc2c(n1)C(=O)C(C1=CC=C(S)C1)=C(C1=CC=C(S)C1)C2=O,,0.71
train,2256,NZGJEKGVMLSWCW-WCSRMQSCSA-N,N#Cc1cc2c(nc1C#N)C(=O)C=C(C=NO)C2=O,,2.95
train,5031,YTLNUZSNEHTRQT-UHFFFAOYSA-N,O=Cn1cccc1C1N=N1,,1.66
train,3144,VDGZOYCAHDMEKX-UHFFFAOYSA-N,COc1ccc2c(n1)C(=O)C=C(c1ncc(C#N)cn1)C2=O,,2.57
train,3341,WPXJNKNDWUKOEO-UHFFFAOYSA-N,N#Cc1ccnc2c1C(=O)C(c1nnc(OC(F)(F)F)nn1)=C(c1nnc(OC(F)(F)F)nn1)C2=O,,2.86
train,1309,IWJYNTYVRPFZJC-UHFFFAOYSA-N,N#Cc1cc2c(nc1C#N)C(=O)C(n1cc(F)nn1)=C(n1cc(F)nn1)C2=O,,2.87
train,5453,LTEKAYPYRZAXAG-UHFFFAOYSA,O=c1oc2cc(-c3cccc(Cl)c3)ccc2c2cc3ccccc3c(C3=CS(=O)(=O)C(Cl)=C3)c12,,1.63
train,1019,HPBXUNUNQGXXBW-UHFFFAOYSA-N,COc1ccnc2c1C(=O)C(c1ccc(N=C(C)O)cc1)=CC2=O,,1.53
train,91,AMHQFMGZLQDBBZ-UHFFFAOYSA-N,CC(O)=Nc1cnc(C2=CC(=O)c3nccnc3C2=O)nc1,,2.01
train,5196,RGMLSRWMJGXHJD-UHFFFAOYSA,FN1c2ccccc2N(c2cocn2)c2ccccc21,,2.04
train,433,CQWDCSHUSVJBNQ-UHFFFAOYSA-N,COc1ccnc2c1C(=O)C(c1ncc(C(F)(F)F)cn1)=CC2=O,,2.57
train,1949,MMUPSCPYGZDJIJ-UHFFFAOYSA-N,N#Cc1cnc2c(n1)C(=O)C=C(c1ccc(OC(F)(F)F)o1)C2=O,,2.01
train,4531,NAMCWXVZSGFYFR-OCEACIFDSA-N,FC(F)(F)Oc1cnc(-c2ccc(N=Nc3ccc(-c4ncc(OC(F)(F)F)s4)s3)s2)s1,,1.32
train,784,GKJIPLJKQSQISJ-UHFFFAOYSA-N,N#Cc1cnc2c(c1)C(=O)C(c1ccc(F)cn1)=CC2=O,,2.59
train,4790,TTWHHNHFIJDMIX-NXVVXOECSA-N,COc1nnc(-c2ccc(N=Nc3ccc(-c4nnc(OC)nn4)s3)s2)nn1,,1.47
train,3375,WUYRAMYJKMVPLL-UHFFFAOYSA-N,N#Cc1cnc2c(n1)C(=O)C(C#CF)=C(C#CF)C2=O,,2.79
train,1259,IQZHBGCNIYBDFD-YCKHSYMTSA-N,O=C1C(C=NO)=C(C=NO)C(=O)c2ncccc21,,2.6
train,1474,JSEDYSBCIPGJNH-UHFFFAOYSA-N,N#Cc1ccnc2c1C(=O)C(n1ccnc1C(F)(F)F)=CC2=O,,2.62
train,5229,FXCYSLXBQSDPTP-UHFFFAOYSA,Clc1nc(N2c3ccccc3N(c3cnc(Cl)o3)c3ccccc32)co1,,0.59
train,154,ATFYNXJKVIDVKK-UHFFFAOYSA-N,N#Cc1cc(C#N)c2c(n1)C(=O)C=C(c1nc([N+](=O)[O-])cs1)C2=O,,2.76
train,2544,PHLQNEUZTFOBJS-UHFFFAOYSA-N,CN(C)C1=CC=C(C2=CC(=O)c3ncccc3C2=O)S1(=O)=O,,1.37
train,3533,XMELOLIUURAOTO-UHFFFAOYSA-N,COc1ncc(C2=CC(=O)c3ncc(C#N)c(C#N)c3C2=O)[nH]1,,1.61
train,1746,LNIRNYBWSLQYIW-UHFFFAOYSA-N,COc1ncc(C2=C(c3cnc(OC)[nH]3)C(=O)c3nc(C#N)cnc3C2=O)[nH]1,,1.04
train,4978,XYCUIPWXRMKQIE-WCWDXBQESA-N,N#Cc1c[nH]c(-c2ccc(N=Nc3ccc(-c4cc(C#N)c[nH]4)s3)s2)c1,,0.8
train,883,GWMBAXQSCNASII-UHFFFAOYSA-N,COc1ccnc2c1C(=O)C(c1ccc(O)s1)=CC2=O,,1.44
train,5077,ZRZRBTMLOHILKQ-DQSJHHFOSA-N,O=S1(=O)C(c2ccc(N=Nc3ccc(C4=CC=C(C(F)(F)F)S4(=O)=O)[nH]3)[nH]2)=CC=C1C(F)(F)F,,0.42
train,417,CODKXJSGVZJGGH-UHFFFAOYSA-N,N#Cc1cnc2c(c1)C(=O)C(n1cc(C(F)(F)F)nn1)=C(n1cc(C(F)(F)F)nn1)C2=O,,3.27
train,2633,QPUZXBKXAOQTMX-UHFFFAOYSA-N,N#Cc1cc2c(nc1C#N)C(=O)C(n1cc(O)c3ccccc31)=C(n1cc(O)c3ccccc31)C2=O,,1.15
train,896,GXXGMHQVKNHHBT-UHFFFAOYSA-N,N#Cc1ccc2c(n1)C(=O)C(c1ccc(F)o1)=C(c1ccc(F)o1)C2=O,,1.37
train,2387,OQBCNQBWZBEWMW-UHFFFAOYSA-N,N#Cc1cnc2c(c1C#N)C(=O)C(n1ccnc1[N+](=O)[O-])=C(n1ccnc1[N+](=O)[O-])C2=O,,3.12
train,2340,OKFANJBJVBQPCH-UHFFFAOYSA-N,N#Cc1cnc2c(c1C#N)C(=O)C(c1nc(C(F)(F)F)cs1)=CC2=O,,2.74
train,917,HAQWWNRMRIGYNF-UHFFFAOYSA-N,N#Cc1cc2c(nc1C#N)C(=O)C=C(C1=CC=C(Cl)C1)C2=O,,1.68
train,3285,WLBCRHWBWKNFGF-IHWYPQMZSA-N,CC=CC1=CC(=O)c2nc(C#N)cnc2C1=O,,2.34
train,1417,JKXJXTZBBVPCDT-UHFFFAOYSA-N,N#Cc1cnc2c(c1C#N)C(=O)C(c1nc(O)cs1)=C(c1nc(O)cs1)C2=O,,1.58
train,3012,UORJVMFGOMFZBR-UHFFFAOYSA-N,COc1nc2c(nc1OC)C(=O)C(c1ccc([N+](=O)[O-])n1C=O)=CC2=O,,2.3
train,492,DLHWIQACIOZLGH-UHFFFAOYSA-N,COc1ccc2c(n1)C(=O)C=C(c1ccc([N+](=O)[O-])s1)C2=O,,2.42
train,395,CJUMKIPRNYKRSH-UHFFFAOYSA-N,CC(O)=Nc1ccc(C2=C(c3ccc(N=C(C)O)s3)C(=O)c3nc(C#N)ccc3C2=O)s1,,0.92
train,2400,ORLLBSRZGMWHPA-UHFFFAOYSA-N,COc1ccc2c(n1)C(=O)C=C(c1ccc(Cl)n1C=O)C2=O,,1.84
train,821,GPXRRDROJGOLQU-UHFFFAOYSA-N,N#Cc1cnc2c(n1)C(=O)C(c1ccc(OC(F)(F)F)s1)=CC2=O,,2.03
train,2193,NPRKXFDFDKETFB-UHFFFAOYSA-N,N#Cc1nc2c(nc1C#N)C(=O)C(c1ccc(C#N)n1C=O)=C(c1ccc(C#N)n1C=O)C2=O,,2.3
train,352,CFHYEVJKIKDRHK-UHFFFAOYSA-N,COc1cnc2c(n1)C(=O)C=C(c1nc([N+](=O)[O-])co1)C2=O,,2.87
train,2616,QOLGMJOLYBIXKN-UHFFFAOYSA-N,COc1cnc2c(n1)C(=O)C=C(c1ccc(OC(F)(F)F)n1C=O)C2=O,,1.88
train,3467,XFHBYPDPDBFFEF-UHFFFAOYSA-N,N#Cc1ccc2c(n1)C(=O)C(c1nc([N+](=O)[O-])co1)=C(c1nc([N+](=O)[O-])co1)C2=O,,2.96
train,1293,IVGOCTMAKSZSCC-UHFFFAOYSA-N,Cc1ccc(C2=CC(=O)c3nc(C#N)cc(C#N)c3C2=O)s1,,1.93
train,2194,NPXJZDCXRYHNLC-UHFFFAOYSA-N,C=CC1=CC(=O)c2nccc(OC)c2C1=O,,2.43
train,3826,ZNAQEDCOUJEGRW-IHWYPQMZSA-N,COc1ccc2c(n1)C(=O)C=C(C=CC#N)C2=O,,2.52
train,4778,STBSRMUWBKNXNU-UHFFFAOYSA-N,O=Cn1c(Cl)ccc1-c1ccc2c(c1)C(=O)c1cc(-c3ccc(Cl)n3C=O)ccc1C2=O,,1.82
train,4294,IPYDXCLFBFTWEA-WMCCOBJESA-N,FN=Cc1ccc(N=Nc2ccc(C=NF)o2)o1,,1.73
train,1342,JBUWWLXJXUCJAP-UHFFFAOYSA-N,N#Cc1cnc2c(n1)C(=O)C(c1cc(Cl)c[nH]1)=C(c1cc(Cl)c[nH]1)C2=O,,1.22
train,4473,MADZQJGHYNYNKP-UHFFFAOYSA-N,N#Cc1cc(-c2ncc(OC(F)(F)F)cn2)c(C#N)c(-c2ncc(OC(F)(F)F)cn2)c1,,2.78
train,1193,IKHHXQNJJIQFRY-UHFFFAOYSA-N,Cc1ccc(C2=CC(=O)c3ncccc3C2=O)cc1,,2.07
train,1614,KGZVLMWXQIIUFH-UHFFFAOYSA-N,N#Cc1cnc2c(c1C#N)C(=O)C(c1cnc[nH]1)=C(c1cnc[nH]1)C2=O,,1.61
train,1561,KBQJIIKAJFZVLO-JGDUWUCISA-N,N#Cc1ccnc2c1C(=O)C(C=COC(F)(F)F)=C(C=COC(F)(F)F)C2=O,,2.19
train,560,DTPKXRRDVBARBT-UHFFFAOYSA-N,CN(C)C#CC1=C(C#CN(C)C)C(=O)c2nc(C#N)cnc2C1=O,,0.89
train,1723,LKGAELBIFMIWPQ-UHFFFAOYSA-N,N#Cc1cnc2c(c1)C(=O)C(c1ccc(S)[nH]1)=C(c1ccc(S)[nH]1)C2=O,,0.66
train,3403,WXQZXUPFLUUUBB-UHFFFAOYSA-N,CC(O)=Nc1csc(C2=CC(=O)c3nc(C#N)c(C#N)nc3C2=O)n1,,1.76
train,4207,HFVPXLCLVBEXOY-UHFFFAOYSA-N,CC1=CC=C(c2cc(C#N)cc(C3=CC=C(C)C3)c2C#N)C1,,-1.26
train,4208,HFZXSAOAOKXUJN-BYYHNAKLSA-N,N#Cc1c[nH]c(-c2ccc(N=Nc3ccc(-c4cc(C#N)c[nH]4)cc3)cc2)c1,,1.32
train,4460,LUJYELRRACAMSH-UHFFFAOYSA-N,N#Cc1cc(-c2ncc([N+](=O)[O-])s2)c(C#N)c(-c2ncc([N+](=O)[O-])s2)c1,,-0.04
train,125,APDMUWWVFZFHMH-UHFFFAOYSA-N,CN(C)c1ncc(C2=CC(=O)c3nccc(C#N)c3C2=O)[nH]1,,0.97
train,4939,XDGAJCODVAFQOH-UHFFFAOYSA-N,FC(F)(F)OC1(OC(F)(F)F)N=N1,,2.43
train,875,GVXVFDBIRRSECG-UHFFFAOYSA-N,COc1nc2c(nc1OC)C(=O)C=C(C2=O)c1ncc(s1)[N+](=O)[O-],,2.45
train,1885,MDZFICSTVFFUSN-UHFFFAOYSA-N,Cc1c[nH]c(C2=C(c3cc(C)c[nH]3)C(=O)c3nc(C#N)c(C#N)nc3C2=O)c1,,0.92
train,5114,JYBUFFVHKBMYBF-UHFFFAOYSA,Oc1ccc(N2c3ccccc3N(O)c3ccccc32)cn1,,0.29
train,1659,KNCCXKFPCKJXDH-UHFFFAOYSA-N,COc1cnc2c(n1)C(=O)C=C(c1ncc(C(F)(F)F)cn1)C2=O,,2.71
train,2871,SFHLRLKUVFTITF-UHFFFAOYSA-N,COc1cnc2c(c1)C(=O)C(c1ncc(Cl)cn1)=CC2=O,,2.44
train,2408,OSDVOUQNKRMBFZ-UHFFFAOYSA-N,CC(O)=Nc1ccc(C2=CC(=O)c3nc(C#N)c(C#N)cc3C2=O)nc1,,1.84
train,2634,QPZLNARXWGFLQS-BNCCVWRVSA-N,N#Cc1cnc2c(c1C#N)C(=O)C(C=N[N+](=O)[O-])=CC2=O,,3.86
train,2892,SHWKYMUPPDDNQC-UHFFFAOYSA-N,N#Cc1cc(C#N)c2c(n1)C(=O)C=C(c1ccc(OC(F)(F)F)[nH]1)C2=O,,1.6
train,1308,IWJCHAYLHUVMHP-UHFFFAOYSA-N,N#Cc1nc2c(nc1C#N)C(=O)C(c1ncco1)=CC2=O,,2.57
train,1999,MSZMSIDQVAXGTR-UHFFFAOYSA-N,N#Cc1nc2c(nc1C#N)C(=O)C(c1ccc(F)[nH]1)=C(c1ccc(F)[nH]1)C2=O,,0.91
train,3,AAIKASVITWZPIQ-UHFFFAOYSA-N,Cn1c(Cl)ccc1C1=CC(=O)c2ncccc2C1=O,,1.48
train,2220,NTRNSGLVGMAUKS-UHFFFAOYSA-N,N#Cc1ccnc2c1C(=O)C(c1ccc[nH]1)=C(c1ccc[nH]1)C2=O,,0.96
train,2698,RLVQQYGJPQQORK-UHFFFAOYSA-N,O=C1C=C(C2=CC=C(Cl)C2)C(=O)c2nccnc21,,1.57
train,2472,OZQXPTNMJIAPKY-UHFFFAOYSA-N,N#Cc1cnc2c(n1)C(=O)C(c1ccc(F)s1)=CC2=O,,2.01
train,2337,OJTHMWSDUDBCOD-ONEGZZNKSA-N,O=C1C(C=CC(F)(F)F)=CC(=O)c2ncccc21,,3.01
train,2152,NKWUDGAKMNDUGL-UHFFFAOYSA-N,CC(O)=Nc1nnc(C2=CC(=O)c3nc(C#N)cnc3C2=O)nn1,,2.06
train,4965,XPMGQYSNYYYSED-OCEACIFDSA-N,COC1=CC=C(c2ccc(N=Nc3ccc(C4=CC=C(OC)C4)cc3)cc2)C1,,0.49
train,3216,WCHJPOUYHSTBBH-UHFFFAOYSA-N,Cc1ccc(C2=C(c3ccc(C)o3)C(=O)c3c(C#N)ccnc3C2=O)o1,,1.05
train,3550,XOQCGTLWZROSLQ-UHFFFAOYSA-N,O=C1C(n2ccnc2Cl)=C(n2ccnc2Cl)C(=O)c2nccnc21,,2.23
train,3043,URWMYZSTYNQFKT-UHFFFAOYSA-N,N#Cc1cc(C#N)c2c(n1)C(=O)C=C(c1nnc(OC(F)(F)F)nn1)C2=O,,2.67
train,1072,HVDLJVGKMGJPJJ-UZNMPDEFSA-N,O=C1C(C=CC(F)(F)F)=C(C=CC(F)(F)F)C(=O)c2ncccc21,,2.71
train,2465,OYYSVGRPLKPAQG-UHFFFAOYSA-N,N#Cc1cc(C#N)c2c(n1)C(=O)C=C(C1=CC=C(F)C1)C2=O,,1.74
train,5498,WKVATHGPERVFHS-UHFFFAOYSA,N#Cc1cccc(-c2ccc3c(c2)oc(=O)c2c(-c4nccs4)c4ccccc4cc23)c1,,1.59
train,45,AGOSVQSDHRORBO-UHFFFAOYSA-N,N#Cc1cc2c(nc1C#N)C(=O)C=C(c1ccc(S)cc1)C2=O,,1.85
train,3305,WMSGYJMDGASMIQ-UHFFFAOYSA-N,COc1cnc2c(n1)C(=O)C(c1cnc[nH]1)=C(c1cnc[nH]1)C2=O,,1.47
train,4225,HOSBRXAMJXQUKU-FMQUCBEESA-N,COc1csc(-c2ccc(N=Nc3ccc(-c4nc(OC)cs4)s3)s2)n1,,0.93
train,1762,LPJZGDLTTNKLGE-UHFFFAOYSA-N,N#Cc1cnc2c(n1)C(=O)C(c1nc(O)co1)=CC2=O,,1.98
train,1828,LXJVDFAMGAMRTH-UHFFFAOYSA-N,COc1cnc2c(n1)C(=O)C=C(c1ccc(C(F)(F)F)cn1)C2=O,,2.74
train,2120,NHGZRYJHSAOJAE-UHFFFAOYSA-N,N#Cc1cnc2c(c1)C(=O)C(c1ncc(O)cn1)=C(c1ncc(O)cn1)C2=O,,2.4
train,3037,URHSZWDFWOKJGR-UHFFFAOYSA-N,COc1cnc2c(c1)C(=O)C(c1nc(C(F)(F)F)cs1)=CC2=O,,2.4
train,3226,WDKGNCJAYGNDRK-UHFFFAOYSA-N,N#Cc1cc(C#N)c2c(n1)C(=O)C=C(c1cccn1C=O)C2=O,,2.03
train,2590,QLLIETCAYSLFEE-UHFFFAOYSA-N,N#Cc1cnc2c(c1C#N)C(=O)C(c1nnc(C(F)(F)F)nn1)=CC2=O,,2.82
train,20,ACZGGHFRUCVNRH-UHFFFAOYSA-N,N#Cc1cc2c(nc1C#N)C(=O)C=C(c1ccc(OC(F)(F)F)[nH]1)C2=O,,1.57
train,2506,PDSVXTJOHBNFPF-UPHRSURJSA-N,N#Cc1cnc2c(n1)C(=O)C(C=C[N+](=O)[O-])=CC2=O,,3.4
train,632,FCIFROUAPRHZGW-UHFFFAOYSA-N,N#Cc1cnc2c(n1)C(=O)C(C#CS)=C(C#CS)C2=O,,1.82
train,1111,HZFGIJLBCGXNTG-UHFFFAOYSA-N,N#Cc1cnc2c(c1)C(=O)C(c1ccc(O)n1C=O)=C(c1ccc(O)n1C=O)C2=O,,1.0
train,3176,VXFJPAGGRNPIHF-UHFFFAOYSA-N,N#Cc1ccc2c(n1)C(=O)C=C(c1nc([N+](=O)[O-])cs1)C2=O,,2.81
train,1903,MGDWWPJFXKHURN-UHFFFAOYSA-N,N#Cc1cnc2c(c1)C(=O)C(c1nnc(F)nn1)=CC2=O,,2.73
train,2315,OHKOUJDSSSMNGS-UHFFFAOYSA-N,COc1c[nH]c(C2=C(c3cc(OC)c[nH]3)C(=O)c3nc(C#N)ccc3C2=O)c1,,0.62
train,3377,WVENKIGQGVCADO-UHFFFAOYSA-N,Cn1c(C2=CC(=O)c3ncccc3C2=O)ccc1C(F)(F)F,,1.95
train,2806,RYKCYPXADSWTPB-UHFFFAOYSA-N,COc1cnc2c(c1)C(=O)C(c1ncc([N+](=O)[O-])cn1)=CC2=O,,2.49
train,5382,YBGFMOQGHIZEGP-UHFFFAOYSA,CC1(C)c2cc(-c3ccc(F)cc3)ccc2N(c2ccc(-c3cc(Cl)[nH]n3)cc2)c2ccc(-c3ccc(-c4coc(C#N)n4)cc3)cc21,,0.73
train,4469,LYZUWPBJNDWQPW-UHFFFAOYSA-N,FC(F)(F)c1ccc(C2(C(F)(F)F)N=N2)[nH]1,,2.16
train,3660,YRWRHSBPOZGKJX-UHFFFAOYSA-N,N#Cc1ccnc2c1C(=O)C(c1cnc(Cl)[nH]1)=C(c1cnc(Cl)[nH]1)C2=O,,1.59
train,5363,QBTUMUHNLOASJW-UHFFFAOYSA,CO[C]1=N[N]C(=NN=1)c1ccc(cc1)N1c2ccc(cc2C(c2c1ccc(c2)c1ccc(cc1)C1=NN=[C](=N[N]1)OC)(C)C)c1ccc(cc1)C1=NN=[C](=N[N]1)OC,,0.87
train,5478,QXOMJXMUGDGODG-UHFFFAOYSA,N#Cc1nc(-c2c3ccccc3cc3c2c(=O)oc2cc(-c4ccsc4OC(F)(F)F)ccc23)co1,,1.58
train,3720,YZEVWAGAASLVAO-UHFFFAOYSA-N,N#Cc1cc2c(nc1C#N)C(=O)C(c1ccc(F)cn1)=C(c1ccc(F)cn1)C2=O,,2.4
train,4481,MDWBFZULKQGPHZ-DQRAZIAOSA-N,Fc1ncc(-c2ccc(N=Nc3ccc(-c4cnc(F)[nH]4)s3)s2)[nH]1,,0.66
train,2651,RGSKUJIZIXCODY-UHFFFAOYSA-N,N#Cc1cnc2c(c1)C(=O)C(C1=CC=C(C(F)(F)F)C1)=CC2=O,,2.11
train,484,DIPXZBCMCMACJD-UHFFFAOYSA-N,O=C1C(c2ncc(Cl)o2)=C(c2ncc(Cl)o2)C(=O)c2ncccc21,,2.08
train,4578,OCTLBRUBJOUMNF-UHFFFAOYSA-N,O=C1c2ccc(-c3ncc(S)cn3)cc2C(=O)c2cc(-c3ncc(S)cn3)ccc21,,2.12
train,4912,WRDRUGKVOFFAKI-UHFFFAOYSA-N,N#Cc1ccc(-c2ccc3c(c2)C(=O)c2cc(-c4ccc(C#N)n4C=O)ccc2C3=O)n1C=O,,2.27
train,1525,JXHLWULIVUIUOW-UHFFFAOYSA-N,O=C1C(C2=CC=C([N+](=O)[O-])S2(=O)=O)=C(C2=CC=C([N+](=O)[O-])S2(=O)=O)C(=O)c2nccnc21,,3.16
train,3427,XBHUIWPBJFDFDJ-UHFFFAOYSA-N,O=C1C(c2cnc(F)[nH]2)=CC(=O)c2ncccc21,,1.96
train,1271,ISVMPKNPCWCXDV-UHFFFAOYSA-N,N#Cc1cnc2c(n1)C(=O)C(c1ccc(OC(F)(F)F)cc1)=C(c1ccc(OC(F)(F)F)cc1)C2=O,,2.15
train,2280,OCHIUKIALMSFPW-UHFFFAOYSA-N,N#Cc1ccc(C2=C(c3ccc(C#N)s3)C(=O)c3nc(C#N)c(C#N)nc3C2=O)s1,,2.22
train,1349,JCMRQXRLKSWLIN-CIIODKQPSA-N,COc1nc2c(nc1OC)C(=O)C(C=C[N+](=O)[O-])=C(C=C[N+](=O)[O-])C2=O,,2.41
train,1864,MBTFTBLPGODZRI-UHFFFAOYSA-N,N#Cc1cnc2c(c1C#N)C(=O)C(n1cc(C(F)(F)F)c3ccccc31)=CC2=O,,1.95
train,2311,OGTMQUZKVCQTIT-UHFFFAOYSA-N,N#Cc1cc(C#N)c2c(n1)C(=O)C(C1=CC=C(C(F)(F)F)C1)=C(C1=CC=C(C(F)(F)F)C1)C2=O,,1.74
train,4888,WABLNKQAKTVTAV-VXPUYCOJSA-N,c1coc(-c2ccc(N=Nc3ccc(-c4ncco4)[nH]3)[nH]2)n1,,0.75
train,1530,JYCANCQCAKGHLT-UHFFFAOYSA-N,COc1c[nH]c(C2=CC(=O)c3ncc(C#N)nc3C2=O)c1,,1.23
train,4136,FXZUSFACRICRPK-UHFFFAOYSA-N,N#Cc1cc(-c2ncc(S)cn2)c(C#N)c(-c2ncc(S)cn2)c1,,2.16
train,341,CDYALPHBPWDFPU-UHFFFAOYSA-N,CN(C)c1cnc(C2=CC(=O)c3nccc(C#N)c3C2=O)o1,,1.09
train,2177,NNPKHTMUKWUEKP-UHFFFAOYSA-N,N#Cc1ccc2c(n1)C(=O)C(n1cc(O)c3ccccc31)=C(n1cc(O)c3ccccc31)C2=O,,1.13
train,2438,OVRJJDWWEXRTQH-UHFFFAOYSA-N,N#Cc1cnc2c(c1C#N)C(=O)C(c1ccc(O)n1C=O)=CC2=O,,1.55
train,134,AQJQUVOEKPIRHO-UHFFFAOYSA-N,CN(C)c1cn(C2=C(n3cc(N(C)C)nn3)C(=O)c3nc(C#N)c(C#N)cc3C2=O)nn1,,1.11
train,2462,OYSSUHSTTRPPBP-UHFFFAOYSA-N,O=C1C=C(c2nncnn2)C(=O)c2nccnc21,,2.42
train,1551,KAMVMLPPNPERPV-UHFFFAOYSA-N,N#Cc1cnc2c(c1)C(=O)C(c1nc(O)co1)=CC2=O,,2.04
train,2270,OBBTUFMQPMZMHP-UHFFFAOYSA-N,N#Cc1cnc2c(c1)C(=O)C(c1ccc([N+](=O)[O-])cc1)=C(c1ccc([N+](=O)[O-])cc1)C2=O,,2.7
train,5399,ALGTXMUEAFIWOD-UHFFFAOYSA,O=c1oc2cc(-c3cnc([N+](=O)[O-])o3)ccc2c2cc3ccccc3cc12,,1.63
train,4095,FHSNQBDARUKQPR-VHXPQNKSSA-N,O=Cn1c(-c2ccc(N=Nc3ccc(-c4ccc([N+](=O)[O-])n4C=O)cc3)cc2)ccc1[N+](=O)[O-],,1.62
train,1397,JJBZOYBNUGJZOX-UHFFFAOYSA-N,N#Cc1nc2c(nc1C#N)C(=O)C(c1ncc([N+](=O)[O-])o1)=C(c1ncc([N+](=O)[O-])o1)C2=O,,3.2
train,569,DUIZHBOSGDBQAR-UHFFFAOYSA-N,COc1nc2c(nc1OC)C(=O)C(c1ccc([N+](=O)[O-])o1)=CC2=O,,2.26
train,1698,KSOGEAQGWUDSFA-UHFFFAOYSA-N,N#Cc1cc2c(nc1C#N)C(=O)C(c1cnc(Cl)[nH]1)=C(c1cnc(Cl)[nH]1)C2=O,,1.65
train,1312,IWTQVNOGPVPSTF-UHFFFAOYSA-N,N#Cc1ccc2c(n1)C(=O)C=C(c1ccc(OC(F)(F)F)cc1)C2=O,,2.37
train,2949,UIDSVRLTJAEEJW-UHFFFAOYSA-N,COc1ccnc2c1C(=O)C(C#CC#N)=CC2=O,,2.95
train,2896,SIHBSBDAULALBF-UHFFFAOYSA-N,N#Cc1ccnc2c1C(=O)C(C1=CC=C(C(F)(F)F)C1)=CC2=O,,2.07
train,328,CBSUDPCIXIGTPC-UHFFFAOYSA-N,N#Cc1cnc2c(n1)C(=O)C=C(C#CC(F)(F)F)C2=O,,3.51
train,3454,XDSYTHDLKHTDGI-UHFFFAOYSA-N,CN(C)c1ccc(C2=CC(=O)c3ncc(C#N)cc3C2=O)cc1,,1.11
train,3138,VCGAMIFWLNBGQD-UHFFFAOYSA-N,COc1cnc2c(n1)C(=O)C(c1cc(C#N)c[nH]1)=C(c1cc(C#N)c[nH]1)C2=O,,1.5
train,3143,VCVGPEQEJBQOOA-UHFFFAOYSA-N,N#Cc1cnc2c(n1)C(=O)C=C(c1ccc(F)[nH]1)C2=O,,1.58
train,3631,XYYKLZUVCLETRY-UHFFFAOYSA-N,N#Cc1cnc2c(n1)C(=O)C(c1ccc(O)n1C=O)=CC2=O,,1.55
train,5175,JOEIZSJKGCVJQP-UHFFFAOYSA,Oc1occc1N1c2ccccc2N(c2coc(S)n2)c2ccccc21,,0.37
train,3440,XCAJHHUFJDYBCG-UHFFFAOYSA-N,N#Cc1cnc2c(n1)C(=O)C=C(c1ccc(S)cn1)C2=O,,1.98
train,1749,LNQVMRFPIDUBOY-UHFFFAOYSA-N,COc1nc2c(nc1OC)C(=O)C(C#COC(F)(F)F)=CC2=O,,2.38
train,1714,LIZPXZMXOHVHKJ-UHFFFAOYSA-N,N#Cc1cc(C#N)c2c(n1)C(=O)C=C(c1cccs1)C2=O,,2.14
train,3736,ZBFDIYURPYRZRU-UHFFFAOYSA-N,N#Cc1cnc2c(n1)C(=O)C(n1ccnc1C(F)(F)F)=C(n1ccnc1C(F)(F)F)C2=O,,2.79
train,4408,KUCPGGFZVKBQSI-VHXPQNKSSA-N,O=S1(=O)C(F)=CC=C1c1ccc(N=Nc2ccc(C3=CC=C(F)S3(=O)=O)cc2)cc1,,1.48
train,467,CZGCJVMOXGRXSX-UHFFFAOYSA-N,COc1cnc2c(n1)C(=O)C=C(c1ncc(C#N)s1)C2=O,,2.59
train,12,ABTITEIQRBHRHU-UHFFFAOYSA-N,Cc1ccc(C2=CC(=O)c3ncc(C#N)c(C#N)c3C2=O)cc1,,2.18
train,2470,OZEGWEHKTDGJCX-UHFFFAOYSA-N,COc1ccnc2c1C(=O)C(c1ncc(F)s1)=CC2=O,,2.19
train,3822,ZMJDQQSSXSRZIC-UHFFFAOYSA-N,COc1ccc2c(n1)C(=O)C=C(c1ccc(OC(F)(F)F)[nH]1)C2=O,,1.37
train,3398,WXFJGDNNPJDMOQ-UHFFFAOYSA-N,O=C1C=C(c2cc(C(F)(F)F)c[nH]2)C(=O)c2nccnc21,,1.76
train,2838,SBPMDNYTZQAKCW-UHFFFAOYSA-N,N#Cc1cnc2c(c1C#N)C(=O)C(C#CF)=CC2=O,,3.23
train,3352,WSBAQVVRAXNFLT-UHFFFAOYSA-N,CC(O)=Nc1cnc(C2=CC(=O)c3ncc(C#N)cc3C2=O)o1,,1.75
train,3882,ZSUGUQXQXVNUJK-UHFFFAOYSA-N,CC(O)=Nc1c[nH]c(C2=C(c3cc(N=C(C)O)c[nH]3)C(=O)c3ncc(C#N)cc3C2=O)c1,,0.72
train,5545,UOCOMOVKJXFWTC-UHFFFAOYSA,Cc1sccc1N1c2ccccc2Sc2ccccc21,,0.71
train,5362,PWVBREMRGWDZGY-UHFFFAOYSA,CC1(C)c2cc(-c3ccc(-c4cc(F)n(C=O)c4)cc3)ccc2N(c2ccc(-c3cc(Cl)n(C=O)c3)cc2)c2ccc(-c3ccc(-c4cc(C#N)n(C=O)c4)cc3)cc21,,0.71
train,396,CJYBFNKCTSSBAB-UHFFFAOYSA-N,Cn1c(F)ccc1C1=C(c2ccc(F)n2C)C(=O)c2c(C#N)ccnc2C1=O,,1.07
train,1044,HSEWBEYFQQVNPR-UHFFFAOYSA-N,N#Cc1cc2c(nc1C#N)C(=O)C=C(c1ncco1)C2=O,,2.53
train,412,CNGXOXHQDRUOGI-RZNTYIFUSA-N,N#Cc1ccnc2c1C(=O)C(C=NS)=CC2=O,,2.11
train,4676,QKYLSUBBLFIOOP-UHFFFAOYSA-N,FC#CC1(F)N=N1,,3.14
train,4687,QPTZFMQMXPAMTJ-UHFFFAOYSA-N,ClC1(Cl)N=N1,,3.37
train,3646,YPXAFNXFWHZNGZ-UHFFFAOYSA-N,N#Cc1ccnc2c1C(=O)C(c1nnc(S)nn1)=CC2=O,,2.3
train,3772,ZFMCXIOUWPVAAA-UHFFFAOYSA-N,COc1ccnc2c1C(=O)C(c1cnc(S)[nH]1)=CC2=O,,1.47
train,3544,XNJXLFUAKTUFBM-UHFFFAOYSA-N,CN(C)c1nccn1C1=CC(=O)c2ncc(C#N)nc2C1=O,,1.07
train,390,CJNCBQFZQSXSCX-HYXAFXHYSA-N,COc1ccnc2c1C(=O)C(C=CO)=CC2=O,,1.67
train,4234,HUDQBKPPSSJKJI-DQRAZIAOSA-N,FC(F)(F)C#Cc1ccc(N=Nc2ccc(C#CC(F)(F)F)s2)s1,,1.46
train,5065,ZLEPIQKBSKWNLE-FMQUCBEESA-N,Cc1ccc(-c2ccc(N=Nc3ccc(-c4ccc(C)s4)s3)s2)s1,,0.59
train,2119,NHCDPAZDQQUQII-UHFFFAOYSA-N,CC(O)=NC1=CC=C(C2=CC(=O)c3ncccc3C2=O)S1(=O)=O,,1.69
train,1811,LVLKCOSJKDGHJC-UHFFFAOYSA-N,COc1cnc2c(n1)C(=O)C(C1=CC=CC1)=C(C1=CC=CC1)C2=O,,1.06
train,2975,UKRNFSAOJMTQHS-UHFFFAOYSA-N,O=C1C(c2ccc(Cl)s2)=CC(=O)c2ncccc21,,1.82
train,3118,VALJAZQIXRELIQ-UHFFFAOYSA-N,Cc1csc(C2=CC(=O)c3nccc(C#N)c3C2=O)n1,,2.0
train,4087,FDUFHUXDVCUIQP-UHFFFAOYSA-N,Sc1nnc(C2(S)N=N2)nn1,,2.46
train,4466,LXMPZJIPAPJLED-UHFFFAOYSA-N,N#CC=CC1(C#N)N=N1,,3.18
train,50,AHKGLMWEQBZAPC-UHFFFAOYSA-N,N#Cc1nc2c(nc1C#N)C(=O)C(c1nc(Cl)cs1)=C(c1nc(Cl)cs1)C2=O,,2.1
train,4419,KZRFWYMADJUHCA-UHFFFAOYSA-N,N#Cc1cc(C2=CC=C(O)S2(=O)=O)c(C#N)c(C2=CC=C(O)S2(=O)=O)c1,,-0.4
train,2102,NFEOASVTSFQKRK-OWOJBTEDSA-N,O=C1C=C(C=CC(F)(F)F)C(=O)c2nccnc21,,3.06
train,834,GRPQMUBXKIAZAV-UHFFFAOYSA-N,COc1cnc2c(c1)C(=O)C(C1=CC=C(C#N)S1(=O)=O)=CC2=O,,2.56
train,4258,ICZJFLQLYLIILS-UHFFFAOYSA-N,O=[N+]([O-])c1csc(C2([N+](=O)[O-])N=N2)n1,,3.24
train,3613,XWSLMTQRKCUTDG-UHFFFAOYSA-N,O=C1C(n2cc(F)nn2)=C(n2cc(F)nn2)C(=O)c2nccnc21,,2.8
train,2494,PCAVTVAPYVLJAH-UHFFFAOYSA-N,O=C1C(c2cnc(C(F)(F)F)[nH]2)=C(c2cnc(C(F)(F)F)[nH]2)C(=O)c2ncccc21,,1.94
train,4116,FQJIWCXSMRUOBB-UHFFFAOYSA-N,O=[N+]([O-])c1c[nH]c(C2([N+](=O)[O-])N=N2)c1,,2.41
train,2139,NJAMPVURZVSOAK-UHFFFAOYSA-N,N#CC1=CC=C(C2=C(C3=CC=C(C#N)C3)C(=O)c3c(ncc(C#N)c3C#N)C2=O)C1,,1.82
train,540,DQVRPKXZOHNESG-UHFFFAOYSA-N,COc1cnc(C2=C(c3ncc(OC)s3)C(=O)c3nc(C#N)ccc3C2=O)s1,,1.44
train,28,AEPZONLLEKSMCF-UHFFFAOYSA-N,N#Cc1cc2c(nc1C#N)C(=O)C(c1ccc(F)[nH]1)=C(c1ccc(F)[nH]1)C2=O,,1.04
train,595,DYJRCCQYROCDEA-UHFFFAOYSA-N,COc1ccnc2c1C(=O)C(c1ncc(O)s1)=CC2=O,,1.68
train,3638,XZUPTXYIQXSUJK-UHFFFAOYSA-N,N#Cc1c[nH]c(C2=C(c3cc(C#N)c[nH]3)C(=O)c3nc(C#N)cnc3C2=O)c1,,1.61
train,3628,XYPUZZWGLGZHHR-UHFFFAOYSA-N,N#Cc1ccc2c(n1)C(=O)C(n1ccc3ccccc31)=C(n1ccc3ccccc31)C2=O,,1.3
train,1763,LPRXFBUNVILNOR-UHFFFAOYSA-N,N#Cc1cnc2c(n1)C(=O)C(c1nc(Cl)cs1)=CC2=O,,2.29
train,1413,JKKFZFYDZAUXLM-UHFFFAOYSA-N,COc1cnc2c(n1)C(=O)C(c1ccc([N+](=O)[O-])n1C=O)=CC2=O,,2.6
train,1707,LIGZXHOITYIOTI-UHFFFAOYSA-N,N#Cc1cc(C#N)c2c(n1)C(=O)C(c1ncc(Cl)s1)=C(c1ncc(Cl)s1)C2=O,,1.91
train,4719,RHCSZQQSJFJDQM-WCWDXBQESA-N,Oc1c[nH]c(-c2ccc(N=Nc3ccc(-c4cc(O)c[nH]4)cc3)cc2)c1,,0.78
train,374,CHTCSWYEEMOJJD-UHFFFAOYSA-N,N#Cc1cc2c(nc1C#N)C(=O)C=C(c1ncc(Cl)s1)C2=O,,2.25
train,3040,URPTXFZZQQPYSX-UHFFFAOYSA-N,COc1ccc2c(n1)C(=O)C=C(c1cnc(OC)[nH]1)C2=O,,1.34
train,2324,OIGAXKHOMJMXLB-UHFFFAOYSA-N,COc1cnc2c(n1)C(=O)C(c1ncc(N(C)C)o1)=C(c1ncc(N(C)C)o1)C2=O,,0.51
train,4795,TXURIWKAZPDNHA-UHFFFAOYSA-N,FC(F)(F)c1coc(C2(C(F)(F)F)N=N2)n1,,3.07
train,5116,MPNBHPZARWGLBA-UHFFFAOYSA,ClN1c2ccccc2N(c2nccs2)c2ccccc21,,1.92
train,39,AFRXBYYFZRFXKM-UHFFFAOYSA-N,CC#CC1=CC(=O)c2ncc(C#N)c(C#N)c2C1=O,,2.85
train,1514,JWLAWEROGZCUJV-UHFFFAOYSA-N,N#Cc1cc2c(nc1C#N)C(=O)C=C(c1ccc(OC(F)(F)F)n1C=O)C2=O,,1.9
train,3505,XJXQRWKSFJARFE-UHFFFAOYSA-N,COc1cnc2c(n1)C(=O)C(c1nc([N+](=O)[O-])co1)=CC2=O,,2.78
train,777,GJBSTZZSTFXBHE-UHFFFAOYSA-N,N#Cc1cc2c(nc1C#N)C(=O)C(C1=CC=C(F)S1(=O)=O)=C(C1=CC=C(F)S1(=O)=O)C2=O,,2.44
train,3546,XNUCIECUVXDPOU-UHFFFAOYSA-N,N#Cc1cnc2c(n1)C(=O)C=C(C1=CC=C(OC(F)(F)F)S1(=O)=O)C2=O,,2.58
train,1264,IRVVSSHODAHSDM-UHFFFAOYSA-N,CC#CC1=C(C#CC)C(=O)c2nc(C#N)c(C#N)cc2C1=O,,2.39
train,5164,CWMVMUQUEONBDP-UHFFFAOYSA,C=NSN1c2ccccc2N(c2nnc(C(F)(F)F)nn2)c2ccccc21,,1.2
train,2957,UJGZUBNQYZSWAF-UHFFFAOYSA-N,COc1nc2c(nc1OC)C(=O)C(n1cc(C)nn1)=C(n1cc(C)nn1)C2=O,,2.48
train,4542,NGPARNWSSXPNDJ-UHFFFAOYSA-N,N#Cc1cc(-c2nc(O)cs2)c(C#N)c(-c2nc(O)cs2)c1,,-0.77
train,1138,ICKZUBJHLSNGJL-UHFFFAOYSA-N,N#Cc1cnc2c(n1)C(=O)C(n1cc(C#N)c3ccccc31)=CC2=O,,1.93
train,735,GCSCZNVGXZCFAE-UHFFFAOYSA-N,N#Cc1ccc2c(n1)C(=O)C(c1cc(F)c[nH]1)=C(c1cc(F)c[nH]1)C2=O,,1.12
train,2512,PEFWFQYJSSJVNU-UHFFFAOYSA-N,CN(C)c1nnc(C2=C(c3nnc(N(C)C)nn3)C(=O)c3nc(C#N)cnc3C2=O)nn1,,1.9
train,783,GKAQQTRFHRADLL-UHFFFAOYSA-N,N#Cc1cnc2c(c1C#N)C(=O)C(c1ccc([N+](=O)[O-])[nH]1)=CC2=O,,2.33
train,451,CUHFVALRFUSLGX-UHFFFAOYSA-N,O=C1C(c2cnc(Cl)[nH]2)=CC(=O)c2ncccc21,,1.86
train,1244,IOYXCQBBIUXBPE-UHFFFAOYSA-N,CN(C)C1=CC=C(C2=CC(=O)c3nc(C#N)cnc3C2=O)C1,,0.75
train,4929,WYDWJHYTZLOOAY-UHFFFAOYSA-N,N#Cc1cc(-c2ccc[nH]2)c(C#N)c(-c2ccc[nH]2)c1,,-1.22
train,4370,KAZFYAWLAUJJFO-QPLCGJKRSA-N,FC1=CC=C(c2ccc(N=Nc3ccc(C4=CC=C(F)C4)cc3)cc2)C1,,0.82
train,3051,UTGLJBLHIOQLLY-UHFFFAOYSA-N,N#Cc1ccnc2c1C(=O)C(n1ccnn1)=CC2=O,,2.94
train,4300,IRSDVNNMOVAYJK-OCEACIFDSA-N,Cn1c(Cl)ccc1-c1ccc(N=Nc2ccc(-c3ccc(Cl)n3C)cc2)cc1,,0.91
train,4400,KQDDRWCNRRTCIL-FMQUCBEESA-N,CC1=CC=C(c2ccc(N=Nc3ccc(C4=CC=C(C)S4(=O)=O)o3)o2)S1(=O)=O,,1.05
train,3744,ZCAUQECIHKAOHF-UHFFFAOYSA-N,CN(C)c1ccc(C2=CC(=O)c3nc(C#N)cc(C#N)c3C2=O)o1,,0.98
train,1245,IOZLLJJXTOVIGP-UHFFFAOYSA-N,N#Cc1cnc2c(n1)C(=O)C=C(c1cc(OC(F)(F)F)c[nH]1)C2=O,,1.77
train,2680,RKODNHTWRNWPLM-UHFFFAOYSA-N,N#Cc1ccc2c(n1)C(=O)C(c1ccc(C(F)(F)F)[nH]1)=C(c1ccc(C(F)(F)F)[nH]1)C2=O,,1.55
train,2739,RQPMXXTYNBMLSY-UHFFFAOYSA-N,N#CC1=CC=C(C2=C(C3=CC=C(C#N)S3(=O)=O)C(=O)c3c(ncc(C#N)c3C#N)C2=O)S1(=O)=O,,2.91
train,5330,CBDZSEBXODXSPD-UHFFFAOYSA,Cc1cc(-c2ccc(-c3ccc4c(c3)C(C)(C)c3cc(-c5ccc(-c6cnc(F)o6)cc5)ccc3N4c3ccc(-c4nc(F)cs4)cc3)cc2)n[nH]1,,0.72
train,630,FCGQFDRHXXXVSF-UHFFFAOYSA-N,N#Cc1cnc2c(c1)C(=O)C(c1ccc([N+](=O)[O-])[nH]1)=CC2=O,,2.26
train,2584,QKYBRTRULLLVCC-UHFFFAOYSA-N,N#Cc1cc(C#N)c2c(n1)C(=O)C(c1ncc(O)cn1)=C(c1ncc(O)cn1)C2=O,,2.4
train,5235,IJRNRUHGDKGDKK-UHFFFAOYSA,c1c[nH]c(N2c3ccccc3N(c3cc[nH]c3)c3ccccc32)c1,,0.2
train,3289,WLHQQDXMQRNXFV-UHFFFAOYSA-N,Cc1nnc(C2=CC(=O)c3nccc(C#N)c3C2=O)nn1,,2.23
train,3492,XIGOHQNKBQTHBJ-UHFFFAOYSA-N,CN(C)c1ccc(C2=CC(=O)c3nc(C#N)ccc3C2=O)o1,,0.82
train,871,GVSVAMITYUEXDW-UHFFFAOYSA-N,COc1cnc(C2=C(c3ncc(OC)cn3)C(=O)c3ncccc3C2=O)nc1,,2.2
train,3580,XSMHSEVUKODKFG-UHFFFAOYSA-N,N#Cc1cc(C#N)c2c(n1)C(=O)C=C(c1ccc(S)[nH]1)C2=O,,1.23
train,1574,KCVORBGGMCYYAY-UHFFFAOYSA-N,N#Cc1cnc2c(n1)C(=O)C(c1ccc(O)cc1)=C(c1ccc(O)cc1)C2=O,,1.57
train,1978,MQARIQLJHKPWMR-UHFFFAOYSA-N,COc1nc2c(nc1OC)C(=O)C(c1ncc(F)o1)=C(c1ncc(F)o1)C2=O,,2.03
train,1522,JXCWUQWPUIJBIR-UHFFFAOYSA-N,N#CC1=CC=C(C2=C(C3=CC=C(C#N)S3(=O)=O)C(=O)c3nccnc3C2=O)S1(=O)=O,,2.86
train,322,CAHQDRDUBBUBFP-UHFFFAOYSA-N,N#Cc1cnc(C2=CC(=O)c3nccc(C#N)c3C2=O)o1,,2.87
train,4000,CBDYBLAQSSFLSE-UHFFFAOYSA-N,O=S1(=O)C(C(F)(F)F)=CC=C1C1(C(F)(F)F)N=N1,,3.14
train,3715,YYWVYFQMPHVALM-UHFFFAOYSA-N,N#Cc1ccnc2c1C(=O)C(n1ccnc1[N+](=O)[O-])=CC2=O,,2.9
train,3559,XPVOUVYUPSVRDZ-UHFFFAOYSA-N,COc1ccnc2c1C(=O)C(c1ncccn1)=CC2=O,,2.35
train,145,ARMAYZYGXXWMOB-UHFFFAOYSA-N,COc1cnc2c(n1)C(=O)C(c1ncc(C#N)s1)=CC2=O,,2.57
train,1404,JJLCEDAWPKXEMK-UHFFFAOYSA-N,COc1cnc2c(c1)C(=O)C(c1ccc(N=C(C)O)s1)=CC2=O,,1.25
train,4832,UQBCVMRECREKJX-DQRAZIAOSA-N,Cc1ccc(-c2ccc(N=Nc3ccc(-c4ccc(C)[nH]4)s3)s2)[nH]1,,0.25
train,1489,JUADXLYPZLUGTR-UHFFFAOYSA-N,O=C1C(C2=CC=C(F)S2(=O)=O)=CC(=O)c2ncccc21,,2.54
train,579,DWCCEDAQVNBKAM-UHFFFAOYSA-N,N#Cc1ccc(C2=C(c3ccc(C#N)s3)C(=O)c3c(C#N)ccnc3C2=O)s1,,2.18
train,1486,JTQZTRWDFZXUOB-UHFFFAOYSA-N,O=C1C(n2cc(S)c3ccccc32)=C(n2cc(S)c3ccccc32)C(=O)c2ncccc21,,1.13
train,2137,NITYQZIUNBMCGA-UHFFFAOYSA-N,COC1=CC=C(C2=CC(=O)c3ncccc3C2=O)S1(=O)=O,,1.94
train,4759,SDSNBBBFQQHLOR-UHFFFAOYSA-N,Cn1c(OC(F)(F)F)ccc1C1(OC(F)(F)F)N=N1,,1.6
train,1228,INPDVYXRKQZMTP-UHFFFAOYSA-N,CC(O)=Nc1ccc(C2=C(c3ccc(N=C(C)O)cc3)C(=O)c3ncc(C#N)cc3C2=O)cc1,,1.43
train,529,DPNRUJNBHQNPQP-UHFFFAOYSA-N,N#Cc1nc2c(nc1C#N)C(=O)C(c1ncc(Cl)s1)=C(c1ncc(Cl)s1)C2=O,,1.95
train,4919,WUKPZEBIEFKFPO-UHFFFAOYSA-N,N#Cc1cc(-c2cc(Cl)c[nH]2)c(C#N)c(-c2cc(Cl)c[nH]2)c1,,-1.09
train,5107,HKVXYEZXGCJQPT-UHFFFAOYSA,Cc1nccc(N2c3ccccc3N(c3coc(C(F)(F)F)n3)c3ccccc32)n1,,0.6
train,4167,GMUNELMZIPFMDG-UHFFFAOYSA-N,O=C1c2ccc(-c3ccc(S)o3)cc2C(=O)c2cc(-c3ccc(S)o3)ccc21,,1.19
train,4571,NYZCKEGDULHRHW-QURGRASLSA-N,N#CC#Cc1ccc(N=Nc2ccc(C#CC#N)cc2)cc1,,2.08
train,150,ASTWKOISBGOKCW-UHFFFAOYSA-N,N#Cc1nc2c(nc1C#N)C(=O)C(c1nc([N+](=O)[O-])cs1)=CC2=O,,2.94
train,169,AVJMMPRJYUPKLT-OWOJBTEDSA-N,N#Cc1cnc2c(c1C#N)C(=O)C(C=CS)=CC2=O,,1.84
train,3591,XUTGMCPHHDMBEI-UHFFFAOYSA-N,CN(C)c1cnc(C2=C(c3ncc(N(C)C)cn3)C(=O)c3c(ncc(C#N)c3C#N)C2=O)nc1,,1.38
train,2359,OLWUQWWRKFFIRC-DXNYSGJVSA-N,COc1cnc2c(n1)C(=O)C(C=NC#N)=CC2=O,,2.98
train,5418,FTQITDGHDAWWMM-VQHVLOKHSA,O=c1oc2cc(-c3ccsc3C(F)(F)F)ccc2c2cc3ccccc3c(/C=C/C(F)(F)F)c12,,1.6
train,4317,JBXPDVJZVJRADK-DQRAZIAOSA-N,OC1=CC=C(c2ccc(N=Nc3ccc(C4=CC=C(O)C4)[nH]3)[nH]2)C1,,-0.81
train,464,CYWCYBUMWQUCTG-UHFFFAOYSA-N,N#Cc1cc2c(nc1C#N)C(=O)C=C(c1cnc(Cl)[nH]1)C2=O,,2.01
train,3926,AOYNWEXBKOHTIY-UHFFFAOYSA-N,O=C1c2ccc(-c3cc(S)c[nH]3)cc2C(=O)c2cc(-c3cc(S)c[nH]3)ccc21,,1.28
train,5518,ZKWAUEJZCBSCTE-UHFFFAOYSA,N#CC1=CC(c2c3ccccc3cc3c2c(=O)oc2cc(-c4ccsc4[N+](=O)[O-])ccc23)=CS1(=O)=O,,1.76
train,1704,KTOAJYNKBFNUHC-UHFFFAOYSA-N,N#Cc1coc(C2=CC(=O)c3ncccc3C2=O)n1,,2.77
train,3238,WEPBQZOMOCGKAM-UHFFFAOYSA-N,CN(C)c1ccc(C2=CC(=O)c3nccnc3C2=O)cc1,,1.05
train,4132,FVGJYQCTTZHHTI-UHFFFAOYSA-N,O=C1c2ccc(-c3cnc(Cl)[nH]3)cc2C(=O)c2cc(-c3cnc(Cl)[nH]3)ccc21,,1.88
train,3727,YZVGAVXNTDUYKV-LNKIKWGQSA-N,COc1cnc2c(c1)C(=O)C(C=NC#N)=CC2=O,,2.56
train,1272,ISWJUVOSRHWKIS-UHFFFAOYSA-N,N#Cc1cnc2c(c1)C(=O)C(c1ncc(C(F)(F)F)s1)=CC2=O,,2.78
train,3553,XPDVNWJBRPPNHL-UHFFFAOYSA-N,N#Cc1cnc2c(n1)C(=O)C(n1ccnc1F)=C(n1ccnc1F)C2=O,,2.29
train,1203,IKWOFOZHMXJLOY-UHFFFAOYSA-N,COc1ccc2c(n1)C(=O)C=C(c1ccc(F)n1C)C2=O,,1.42
train,5054,ZEQJMPVEKYRVSD-UHFFFAOYSA-N,Fc1ccc(C2(F)N=N2)[nH]1,,1.6
train,4247,HXOHUUAUAWGCPJ-UHFFFAOYSA-N,FN=CC1(F)N=N1,,3.64
train,780,GJQVESFWXJPEEV-UHFFFAOYSA-N,COc1cnc2c(c1)C(=O)C(c1ncc(F)s1)=CC2=O,,2.16
train,2508,PDVLYRQHONWVSF-UHFFFAOYSA-N,N#Cc1cnc2c(c1C#N)C(=O)C(c1ncc(F)s1)=CC2=O,,2.35
train,3421,XAYKGBSNLLBBRS-UHFFFAOYSA-N,N#Cc1cc(C#N)c2c(n1)C(=O)C=C(c1ccc(OC(F)(F)F)n1C=O)C2=O,,1.9
train,3988,BTMRGPHTEXTYNA-FOCLMDBBSA-N,Clc1nnc(-c2ccc(N=Nc3ccc(-c4nnc(Cl)nn4)o3)o2)nn1,,1.85
train,4413,KWAYRWYAVSZKQR-UHFFFAOYSA-N,Cc1cnc(-c2ccc3c(c2)C(=O)c2cc(-c4ncc(C)o4)ccc2C3=O)o1,,1.77
train,5094,BKCQLILLEDKCIB-QGOAFFKASA,C=CCN1c2ccccc2N(/C=N/C)c2ccccc21,,0.57
train,4375,KDMSTFVZHVDMGN-UHFFFAOYSA-N,N#Cc1cc(-c2cnc([N+](=O)[O-])[nH]2)c(C#N)c(-c2cnc([N+](=O)[O-])[nH]2)c1,,-0.3
train,1445,JNYAJHAXDCDEQJ-UHFFFAOYSA-N,CC(O)=Nc1ccc(C2=C(c3ccc(N=C(C)O)[nH]3)C(=O)c3c(C#N)cc(C#N)nc3C2=O)[nH]1,,0.55
train,2833,SBGOJBRPHDFPCT-UHFFFAOYSA-N,N#CC1=CC=C(C2=CC(=O)c3nc(C#N)c(C#N)cc3C2=O)C1,,2.12
train,722,GBCPELQZWINEEK-HQYXKAPLSA-N,COc1cnc2c(n1)C(=O)C(C=NC(F)(F)F)=CC2=O,,2.9
train,3759,ZDSKAVGMPZBGTG-UHFFFAOYSA-N,N#Cc1cc2c(nc1C#N)C(=O)C(c1nc(C(F)(F)F)co1)=C(c1nc(C(F)(F)F)co1)C2=O,,2.79
train,1326,IZJOTVVZLYDFOV-UHFFFAOYSA-N,O=Cn1c(C2=CC(=O)c3ncccc3C2=O)ccc1[N+](=O)[O-],,2.42
train,2419,OTUJHWKKAAZMFQ-UHFFFAOYSA-N,N#Cc1cnc2c(n1)C(=O)C(C1=CC=C([N+](=O)[O-])S1(=O)=O)=C(C1=CC=C([N+](=O)[O-])S1(=O)=O)C2=O,,3.18
train,3237,WEKNHIPFVVQLAB-UHFFFAOYSA-N,N#Cc1cc(C#N)c2c(n1)C(=O)C(c1nnc(S)nn1)=C(c1nnc(S)nn1)C2=O,,2.4
train,454,CUYQWCNNQRAPAC-UHFFFAOYSA-N,Cn1c(C2=CC(=O)c3nc(C#N)cnc3C2=O)ccc1[N+](=O)[O-],,2.36
train,2039,MXSLNYXGYMHNEL-UHFFFAOYSA-N,Cn1c(C2=CC(=O)c3ncc(C#N)c(C#N)c3C2=O)ccc1[N+](=O)[O-],,2.35
train,2849,SCWIEBYZFMUAPV-UHFFFAOYSA-N,COc1ccnc2c1C(=O)C(c1ncc(C)cn1)=CC2=O,,2.26
train,1277,ITPSHDFEBWJGND-UHFFFAOYSA-N,COc1nc2c(nc1OC)C(=O)C(n1cc(C(F)(F)F)nn1)=C(n1cc(C(F)(F)F)nn1)C2=O,,2.62
train,3874,ZSBANQCGVWGFSN-UHFFFAOYSA-N,N#Cc1ccc(C2=CC(=O)c3nc(C#N)c(C#N)nc3C2=O)nc1,,3.06
train,2192,NPKKVKXKRYFTMG-OWNHSFIXSA-N,COC=CC1=C(C=COC)C(=O)c2ncccc2C1=O,,1.18
train,3789,ZHLROVDCIAXKSJ-UHFFFAOYSA-N,N#Cc1cnc2c(c1)C(=O)C(c1cnc(C(F)(F)F)[nH]1)=CC2=O,,2.27
train,3016,UPCKHOTVCYLBBU-UHFFFAOYSA-N,Cc1ccc(C2=C(c3ccc(C)n3C=O)C(=O)c3nc(C#N)c(C#N)cc3C2=O)n1C=O,,1.29
train,2606,QNAFCPCEVAQYNP-UHFFFAOYSA-N,CC(O)=Nc1coc(C2=CC(=O)c3ncc(C#N)c(C#N)c3C2=O)n1,,1.89
train,3463,XEZDBOQFIQYREA-UHFFFAOYSA-N,COc1cnc2c(n1)C(=O)C(c1ccc(N(C)C)cn1)=C(c1ccc(N(C)C)cn1)C2=O,,0.91
train,3534,XMGVTGBHOCSRMH-UHFFFAOYSA-N,COc1ccc2c(n1)C(=O)C=C(c1ccc(Cl)cc1)C2=O,,2.22
train,4327,JGOURJXEELFIQX-UHFFFAOYSA-N,Clc1coc(C2(Cl)N=N2)n1,,2.46
train,2453,OXVWDUNMXSEPJO-UHFFFAOYSA-N,CC(O)=Nc1ncc(C2=CC(=O)c3nc(C#N)cc(C#N)c3C2=O)[nH]1,,1.75
train,2140,NJQIEMZAARUBDO-UHFFFAOYSA-N,CC(O)=Nc1ccc(C2=CC(=O)c3nc(C#N)cnc3C2=O)s1,,1.38
train,736,GCSJMEONRXLEPE-UHFFFAOYSA-N,N#Cc1cnc2c(c1C#N)C(=O)C(c1ccc(O)[nH]1)=CC2=O,,1.31
train,3336,WPLDOHWWDRKCLV-UHFFFAOYSA-N,N#Cc1cnc2c(c1C#N)C(=O)C(c1cnc[nH]1)=CC2=O,,1.99
train,85,ALQDOUACIXHWRX-UHFFFAOYSA-N,Cc1ccc(C2=C(c3ccc(C)[nH]3)C(=O)c3nc(C#N)ccc3C2=O)[nH]1,,0.65
train,1697,KSLADKFYJBCHTA-UHFFFAOYSA-N,Cn1c(C2=C(c3ccc(C(F)(F)F)n3C)C(=O)c3ncccc3C2=O)ccc1C(F)(F)F,,1.61
train,1018,HOYXPNWZGPTWKM-UHFFFAOYSA-N,Cc1ccc(C2=CC(=O)c3nc(C#N)c(C#N)cc3C2=O)s1,,1.89
train,837,GRTAQLPGDBNFPH-UHFFFAOYSA-N,O=C1C=C(C2=CC=C(Cl)S2(=O)=O)C(=O)c2nccnc21,,2.5
train,1990,MSDRONPAVDZLOL-UHFFFAOYSA-N,COc1ccc(C2=CC(=O)c3ncc(C#N)c(C#N)c3C2=O)n1C,,1.14
train,75,AJWBZGNGCFOUEI-YJGGCFATSA-N,O=C1C(C=NS)=C(C=NS)C(=O)c2nccnc21,,1.98
train,1471,JRYZWKGJLXMAOU-UHFFFAOYSA-N,COc1ccnc2c1C(=O)C(c1ccc(C)cc1)=CC2=O,,2.02
train,1129,IBQXPOLXXFATKL-UHFFFAOYSA-N,Cc1c[nH]c(C2=CC(=O)c3ncc(C#N)cc3C2=O)c1,,1.5
train,4085,FBSVTAZTGYJHQT-MYUULXRZSA-N,ON=Cc1ccc(N=Nc2ccc(C=NO)o2)o1,,1.4
train,2252,NYUYBDKSCPYSAH-UHFFFAOYSA-N,N#Cc1cnc2c(c1)C(=O)C(c1cnc(O)[nH]1)=C(c1cnc(O)[nH]1)C2=O,,1.09
train,241,BQSWUIISAHUBIN-UHFFFAOYSA-N,N#Cc1cnc2c(n1)C(=O)C=C(c1ccc(F)cc1)C2=O,,2.43
train,1761,LPHOBZSUDUEZQB-UHFFFAOYSA-N,CN(C)c1ccc(C2=CC(=O)c3ncccc3C2=O)n1C,,0.58
train,5233,HGQSJVXCEIKOOK-UHFFFAOYSA,c1ccc2c(c1)N(c1ccoc1)c1ccccc1N2c1ccoc1,,0.28
train,127,APGNHRVSUSUZFX-UHFFFAOYSA-N,COc1nc2c(nc1OC)C(=O)C(c1ncc(C)o1)=CC2=O,,1.94
train,5269,WRTOGCYOYSGUBU-UHFFFAOYSA,COc1cc(N2c3ccccc3N(c3ccoc3OC)c3ccccc32)co1,,0.27
train,841,GSHNZZRQMPAWEN-UHFFFAOYSA-N,Cc1ccc(C2=C(c3ccc(C)cn3)C(=O)c3ncccc3C2=O)nc1,,1.98
train,435,CRDCMSZPZCKFTC-UHFFFAOYSA-N,N#Cc1cnc2c(c1C#N)C(=O)C(c1ncco1)=C(c1ncco1)C2=O,,2.22
train,2203,NRCSWTORFZIQNC-UHFFFAOYSA-N,O=C1C=C(c2ncc([N+](=O)[O-])cn2)C(=O)c2nccnc21,,2.9
train,684,FIYXMHKXYCGYIN-UHFFFAOYSA-N,COc1cnc2c(c1)C(=O)C(c1ncc(C(F)(F)F)s1)=CC2=O,,2.4
train,375,CHUWTXYVJVTWHZ-UHFFFAOYSA-N,CN(C)C1=CC=C(C2=CC(=O)c3nccnc3C2=O)S1(=O)=O,,1.4
train,1430,JLXGCRDHTKZHLG-UHFFFAOYSA-N,COc1cnc2c(n1)C(=O)C(c1ccc(C#N)s1)=CC2=O,,2.29
train,3637,XZTZOYVTODDEDW-UHFFFAOYSA-N,COc1ccnc2c1C(=O)C(C#CN=C(C)O)=CC2=O,,2.02
train,2399,ORKLJPOHBTZLTO-UHFFFAOYSA-N,CN(C)c1ccc(C2=C(c3ccc(N(C)C)o3)C(=O)c3nccnc3C2=O)o1,,0.14
train,3983,BPDSIYOZJCFOKR-MNSGOHHFSA-N,O=[N+]([O-])N=Cc1ccc(N=Nc2ccc(C=N[N+](=O)[O-])cc2)cc1,,2.1
train,394,CJTACFZHROGVTA-IHWYPQMZSA-N,COc1cnc2c(c1)C(=O)C(C=CF)=CC2=O,,2.39
train,5283,CMRHQTUHNGRLQP-UHFFFAOYSA,COc1ccc(-c2ccc(-c3ccc4c(c3)C(C)(C)c3cc(-c5ccc(-c6ccc(OC)[nH]6)cc5)ccc3N4c3ccccc3)cc2)cn1,,0.38
train,3417,WZXFQSZMGYZKLL-UHFFFAOYSA-N,N#Cc1cnc2c(c1)C(=O)C(c1ccc(F)cn1)=C(c1ccc(F)cn1)C2=O,,2.34
train,2389,OQCPDDXGWCKIBU-UHFFFAOYSA-N,N#Cc1cnc2c(c1)C(=O)C(c1ncc(S)cn1)=C(c1ncc(S)cn1)C2=O,,2.18
train,2155,NLLQVPFRDLHEGO-UHFFFAOYSA-N,COc1ccc2c(n1)C(=O)C=C(c1ccc(N(C)C)cn1)C2=O,,1.18
train,3521,XLPIOFAPPYNLLK-UHFFFAOYSA-N,N#Cc1cnc2c(n1)C(=O)C=C(n1cc(OC(F)(F)F)nn1)C2=O,,2.91
train,2701,RMAFDSQHQXLUBY-XQRVVYSFSA-N,COC=CC1=CC(=O)c2nccc(OC)c2C1=O,,1.7
train,382,CIRLXLMVOBCNNR-UHFFFAOYSA-N,N#Cc1nc2c(nc1C#N)C(=O)C(C1=CC=C(S)C1)=C(C1=CC=C(S)C1)C2=O,,0.73
train,4894,WEJWGBQAEJMQEO-FMQUCBEESA-N,COc1ccc(-c2ccc(N=Nc3ccc(-c4ccc(OC)s4)o3)o2)s1,,0.37
train,1809,LVGRBEAAGRUKKV-UPHRSURJSA-N,N#Cc1cnc2c(c1)C(=O)C(C=CO)=CC2=O,,1.87
train,4670,QIBDVVJFGNLPRM-UHFFFAOYSA-N,Cn1c(O)ccc1-c1cc(C#N)cc(-c2ccc(O)n2C)c1C#N,,1.18
train,654,FFDNJJUXIVFNPG-UHFFFAOYSA-N,COC1=CC=C(C2=CC(=O)c3ncc(C#N)nc3C2=O)C1,,1.13
train,3807,ZKCQSRAGOLGMPP-UHFFFAOYSA-N,Cn1c(F)ccc1C1=C(c2ccc(F)n2C)C(=O)c2nc(C#N)c(C#N)nc2C1=O,,1.14
train,4056,DMTLMOZZRPENQI-DQSJHHFOSA-N,O=Cn1c(-c2ccc(N=Nc3ccc(-c4ccc(C(F)(F)F)n4C=O)s3)s2)ccc1C(F)(F)F,,1.05
train,622,FBNCKCIBEGMBSK-UHFFFAOYSA-N,N#Cc1cc(C#N)c2c(n1)C(=O)C(c1cc(S)c[nH]1)=C(c1cc(S)c[nH]1)C2=O,,0.9
train,843,GSOORYHZIQLKAM-UHFFFAOYSA-N,COc1cnc2c(n1)C(=O)C(c1ccc(C#N)cn1)=C(c1ccc(C#N)cn1)C2=O,,2.7
train,4998,YGFADCFQUXALFA-UHFFFAOYSA-N,O=C1c2ccc(-c3ccc(OC(F)(F)F)o3)cc2C(=O)c2cc(-c3ccc(OC(F)(F)F)o3)ccc21,,1.65
train,81,ALCLRCQHCKCXRL-SNAWJCMRSA-N,COc1ccc2c(n1)C(=O)C=C(C=CCl)C2=O,,2.34
train,1688,KQWTVTKUCRWTEI-UHFFFAOYSA-N,COc1cnc2c(n1)C(=O)C(c1ncc(S)s1)=C(c1ncc(S)s1)C2=O,,1.32
train,1262,IRMPWMOFFMWZCR-ISTSKNATSA-N,COc1cnc2c(n1)C(=O)C(C=NC(F)(F)F)=C(C=NC(F)(F)F)C2=O,,2.96
train,4852,VFKZMYNQAAXEPG-UHFFFAOYSA-N,Cc1ncc(C2(C)N=N2)[nH]1,,1.55
train,1982,MQNDHTYECAEUGU-UHFFFAOYSA-N,COc1ccc2c(n1)C(=O)C=C(c1ccc(N(C)C)s1)C2=O,,0.85
train,264,BTKNXVSNJZOOID-UHFFFAOYSA-N,COc1nc2c(nc1OC)C(=O)C(c1ccc(C(F)(F)F)[nH]1)=C(c1ccc(C(F)(F)F)[nH]1)C2=O,,1.44
train,4846,UZOGZEJPMLNCJB-UHFFFAOYSA-N,O=C1c2ccc(-c3ccc(F)cn3)cc2C(=O)c2cc(-c3ccc(F)cn3)ccc21,,2.21
train,2690,RLBXXLFTUYWGSF-UHFFFAOYSA-N,N#Cc1nc2c(nc1C#N)C(=O)C(c1ncc(OC(F)(F)F)cn1)=CC2=O,,2.86
train,3133,VCAAFGUVXDXFFY-UHFFFAOYSA-N,N#Cc1ccnc2c1C(=O)C(c1ccc(OC(F)(F)F)[nH]1)=C(c1ccc(OC(F)(F)F)[nH]1)C2=O,,1.01
train,685,FIZKLBMDXNYESV-BNCCVWRVSA-N,N#Cc1cnc2c(c1C#N)C(=O)C(C=NS)=CC2=O,,2.35
train,4098,FIXNIEAENJSSME-UHFFFAOYSA-N,N#Cc1cc(-c2ncc(C#N)o2)c(C#N)c(-c2ncc(C#N)o2)c1,,2.71
train,3097,UYDFFXBXKROPTK-UHFFFAOYSA-N,N#Cc1cnc2c(n1)C(=O)C=C(c1nnc(F)nn1)C2=O,,2.84
train,2869,SFDWQSFYNAECSV-UHFFFAOYSA-N,CN(C)c1ccc(C2=C(c3ccc(N(C)C)cn3)C(=O)c3nccnc3C2=O)nc1,,0.97
train,1026,HQDMYTLADKTUIY-UHFFFAOYSA-N,N#Cc1cc2c(nc1C#N)C(=O)C=C(c1ccc([N+](=O)[O-])s1)C2=O,,2.61
train,2998,UMYUMYKYYOGILA-UHFFFAOYSA-N,N#Cc1cnc2c(n1)C(=O)C(c1ccc(Cl)s1)=C(c1ccc(Cl)s1)C2=O,,1.6
train,1092,HXICCOSOMBTRRT-UHFFFAOYSA-N,N#Cc1nc2c(nc1C#N)C(=O)C(c1ncc(O)o1)=CC2=O,,1.95
train,5430,IGFBAXYWTFPEFP-UHFFFAOYSA,N#Cc1cc(-c2c3ccccc3cc3c2c(=O)oc2cc(-c4cnco4)ccc23)co1,,1.51
train,2371,ONMJKFLNXWHDHD-OWOJBTEDSA-N,N#Cc1cc2c(nc1C#N)C(=O)C=C(C=CCl)C2=O,,2.56
train,2920,SLIFPPGCOTXXMF-UHFFFAOYSA-N,N#Cc1cnc2c(n1)C(=O)C=C(C1=CC=C(C(F)(F)F)S1(=O)=O)C2=O,,3.08
train,2001,MTIYPEFMKYAJBC-UHFFFAOYSA-N,COc1cnc(C2=CC(=O)c3nccnc3C2=O)nc1,,2.43
train,4162,GKOPULUCZJLFOP-UHFFFAOYSA-N,FC(F)(F)c1ncc(C2(C(F)(F)F)N=N2)[nH]1,,2.57
train,1627,KINRJMVEBSAQHX-UHFFFAOYSA-N,COc1ccc2c(n1)C(=O)C=C(c1nnc(N(C)C)nn1)C2=O,,1.85
train,1969,MPGRCBAOIZTQER-UHFFFAOYSA-N,Cc1nnc(C2=C(c3nnc(C)nn3)C(=O)c3c(C#N)ccnc3C2=O)nn1,,2.3
train,1518,JWWCNONFKCSIGX-UHFFFAOYSA-N,COc1ccc2c(n1)C(=O)C=C(C1=CC=C(OC(F)(F)F)C1)C2=O,,1.48
train,2028,MWAQAEHVSQFWGZ-UHFFFAOYSA-N,N#Cc1cnc2c(c1C#N)C(=O)C(n1cc(C#N)c3ccccc31)=CC2=O,,1.95
train,5332,CRAQKXVBDXSFBG-MRCUWXFGSA,Cc1ncc(-c2ccc(N3c4ccc(-c5ccc(/C=C\Cl)cc5)cc4C(C)(C)c4cc(-c5ccc(-c6csc([N+](=O)[O-])n6)cc5)ccc43)cc2)o1,,0.73
train,2024,MVSYUXYRNKNASW-UHFFFAOYSA-N,O=C1C(c2ccc(Cl)[nH]2)=C(c2ccc(Cl)[nH]2)C(=O)c2ncccc21,,0.97
train,3110,UZVSITBFZREDFZ-UHFFFAOYSA-N,N#Cc1cnc2c(c1C#N)C(=O)C(c1ccc(S)n1C=O)=CC2=O,,1.64
train,4440,LIERIBVTPNMSIM-FMQUCBEESA-N,Sc1ccc(-c2ccc(N=Nc3ccc(-c4ccc(S)[nH]4)o3)o2)[nH]1,,0.38
train,3343,WQCGHCZGOCHPIH-UHFFFAOYSA-N,N#CC1=CC=C(C2=C(C3=CC=C(C#N)S3(=O)=O)C(=O)c3c(C#N)ccnc3C2=O)S1(=O)=O,,2.88
train,1290,IUWZDQBZHAXXGN-UHFFFAOYSA-N,O=C1C=C(c2ccc(Cl)s2)C(=O)c2nccnc21,,2.01
train,831,GREFMHLIWPAMTJ-UHFFFAOYSA-N,COc1nc2c(nc1OC)C(=O)C(c1ccc([N+](=O)[O-])[nH]1)=C(c1ccc([N+](=O)[O-])[nH]1)C2=O,,1.97
train,2401,ORRLALXIIQALBJ-UHFFFAOYSA-N,N#Cc1cnc2c(c1C#N)C(=O)C(c1ccc(F)[nH]1)=C(c1ccc(F)[nH]1)C2=O,,1.02
train,291,BWTYQDZXNQDMQX-UHFFFAOYSA-N,CC(O)=NC1=CC=C(C2=CC(=O)c3nc(C#N)c(C#N)cc3C2=O)C1,,1.07
train,2384,OPWRXMXIBQJSQU-UHFFFAOYSA-N,CC(O)=Nc1c[nH]c(C2=C(c3cc(N=C(C)O)c[nH]3)C(=O)c3nc(C#N)c(C#N)cc3C2=O)c1,,0.7
train,1909,MGUJJIOONQMPKB-UHFFFAOYSA-N,N#Cc1nnc(C2=CC(=O)c3nc(C#N)c(C#N)cc3C2=O)nn1,,2.85
train,2369,ONFMOCPWNZIBPA-UHFFFAOYSA-N,O=C1C(c2ccc([N+](=O)[O-])cc2)=C(c2ccc([N+](=O)[O-])cc2)C(=O)c2nccnc21,,2.66
train,3418,XAFBCCDFRAXJLJ-UHFFFAOYSA-N,N#Cc1nc(C2=CC(=O)c3nccnc3C2=O)c[nH]1,,2.34
train,1626,KIJMUVITJINZCN-UHFFFAOYSA-N,N#Cc1ccnc2c1C(=O)C(C1=CC=C(F)C1)=CC2=O,,1.55
train,4487,MIAWOSVGSUGHIC-ISLYRVAYSA-N,O=[N+]([O-])c1ccc(-c2ccc(N=Nc3ccc(-c4ccc([N+](=O)[O-])s4)s3)s2)s1,,1.3
train,765,GHJUTBYFRCMQTA-UHFFFAOYSA-N,N#Cc1ccnc2c1C(=O)C(c1ncc(Cl)cn1)=CC2=O,,2.71
train,1894,MFSWNSIUWSFDNZ-UHFFFAOYSA-N,CC(O)=Nc1ccc(C2=C(c3ccc(N=C(C)O)[nH]3)C(=O)c3nc(C#N)ccc3C2=O)[nH]1,,0.45
train,2777,RVFJXVCHYPBFQI-UHFFFAOYSA-N,N#Cc1cc2c(nc1C#N)C(=O)C(c1ccc(C(F)(F)F)cc1)=C(c1ccc(C(F)(F)F)cc1)C2=O,,2.55
train,1933,MKERXIAOXHTRLA-UHFFFAOYSA-N,Cc1cn(C2=C(n3cc(C)nn3)C(=O)c3nc(C#N)ccc3C2=O)nn1,,2.41
train,2973,UKNCDMVGZPILSJ-UHFFFAOYSA-N,N#Cc1ccc(C2=C(c3ccc(C#N)o3)C(=O)c3nc(C#N)c(C#N)nc3C2=O)o1,,2.06
train,1487,JTVFIIDCDSNSRT-UHFFFAOYSA-N,N#Cc1cnc2c(n1)C(=O)C=C(c1c[nH]c(C#N)n1)C2=O,,2.43
train,3219,WCXNQFOEXQUOFT-UHFFFAOYSA-N,N#Cc1cnc(C2=CC(=O)c3nc(C#N)c(C#N)cc3C2=O)nc1,,2.99
train,2557,PKJJYMZUWDQIDW-UHFFFAOYSA-N,CN(C)C#CC1=C(C#CN(C)C)C(=O)c2c(ncc(C#N)c2C#N)C1=O,,0.89
train,621,FBJLPXYTLZPJDL-UHFFFAOYSA-N,N#Cc1nc2c(nc1C#N)C(=O)C(c1cc(Cl)c[nH]1)=CC2=O,,1.81
train,2938,UGMDNBASQBMIPO-UHFFFAOYSA-N,N#Cc1cnc2c(n1)C(=O)C(c1nc(C(F)(F)F)co1)=CC2=O,,2.91
train,2779,RVJQVMYQHWIXRQ-UHFFFAOYSA-N,CC(O)=NC#CC1=C(C#CN=C(C)O)C(=O)c2nccnc2C1=O,,1.6
train,4654,PVPDQNNTDWHODP-SBXLLLBQSA-N,CC=Cc1ccc(N=Nc2ccc(C=CC)cc2)cc1,,1.22
train,5266,WPAFIZDZTBBADZ-UHFFFAOYSA,c1ccc2c(c1)N(c1ccsc1)c1ccccc1N2c1ccsc1,,0.17
train,4051,DKTALCSEAGZQJV-UHFFFAOYSA-N,O=C1c2ccc(-c3nc(S)cs3)cc2C(=O)c2cc(-c3nc(S)cs3)ccc21,,1.76
train,478,DDPBPJDPZFVGOF-UHFFFAOYSA-N,N#Cc1c[nH]c(C2=C(c3cc(C#N)c[nH]3)C(=O)c3c(C#N)ccnc3C2=O)c1,,1.57
train,3292,WLRVRSUBLCWVLT-UHFFFAOYSA-N,N#Cc1csc(C2=C(c3nc(C#N)cs3)C(=O)c3nc(C#N)ccc3C2=O)n1,,2.46
train,3933,ATGRWDMYXNXUKT-UHFFFAOYSA-N,COc1ccc(-c2cc(C#N)cc(-c3ccc(OC)n3C=O)c2C#N)n1C=O,,-1.12
train,1403,JJJGEFKZCZCNKO-UHFFFAOYSA-N,Cc1cnc(C2=C(c3ncc(C)o3)C(=O)c3nccnc3C2=O)o1,,1.79
train,4013,CLKYESVEFZGQIH-OCEACIFDSA-N,FC(F)(F)Oc1ccc(-c2ccc(N=Nc3ccc(-c4ccc(OC(F)(F)F)o4)s3)s2)o1,,0.87
train,4711,RDBSZYXISNQNJX-QPLCGJKRSA-N,COc1ccc(-c2ccc(N=Nc3ccc(-c4ccc(OC)cn4)[nH]3)[nH]2)nc1,,-0.38
train,2902,SJDZKAYZFHIGJW-UHFFFAOYSA-N,Cc1csc(C2=C(c3nc(C)cs3)C(=O)c3nc(C#N)c(C#N)nc3C2=O)n1,,1.8
train,2654,RHDXHJGDHWTCLT-UHFFFAOYSA-N,CC1=CC=C(C2=CC(=O)c3nc(C#N)c(C#N)cc3C2=O)C1,,1.5
train,5282,BGQKAMTUBGNYPV-UHFFFAOYSA,CO[C]1=N[CH]C(=CN=1)c1ccc(cc1)c1ccc2c(c1)C(C)(C)c1c(N2c2ccc(cc2)c2cnc(nc2)S)ccc(c1)c1ccc(cc1)S,,0.7
train,1412,JKERHFOPGYHVIO-UHFFFAOYSA-N,N#Cc1coc(C2=C(c3nc(C#N)co3)C(=O)c3c(ncc(C#N)c3C#N)C2=O)n1,,2.82
train,826,GQPJIQUQISRTBK-UHFFFAOYSA-N,COc1nc2c(nc1OC)C(=O)C(c1ncc(C(F)(F)F)o1)=C(c1ncc(C(F)(F)F)o1)C2=O,,2.45
train,4393,KMLJCMFJIAWLJB-AKNGNSEYSA-N,FC(F)(F)OC=Cc1ccc(N=Nc2ccc(C=COC(F)(F)F)[nH]2)[nH]1,,0.4
train,723,GBIWDIZZKBIBOE-UHFFFAOYSA-N,N#Cc1cc(C#N)c2c(n1)C(=O)C=C(c1ncc(Cl)cn1)C2=O,,2.79
train,2410,OSNRVAOAYMGFQB-UHFFFAOYSA-N,O=Cn1c(C2=CC(=O)c3nccnc3C2=O)ccc1C(F)(F)F,,2.41
train,1904,MGEWYIKIHBQYOT-UHFFFAOYSA-N,COc1ccc(C2=C(c3ccc(OC)[nH]3)C(=O)c3nc(C#N)ccc3C2=O)[nH]1,,0.43
train,3635,XZFFRLFSHBVLEP-DVZOWYKESA-N,N#Cc1ccnc2c1C(=O)C(C=NC(F)(F)F)=CC2=O,,3.46
train,4760,SENAMVZHIKAWOR-UCZXZSEYSA-N,ClN=Cc1ccc(N=Nc2ccc(C=NCl)o2)o1,,1.39
train,3634,XZFBFRKQBQUXMW-UHFFFAOYSA-N,CN(C)c1ccc(C2=C(c3ccc(N(C)C)o3)C(=O)c3ncc(C#N)cc3C2=O)o1,,0.08
train,4183,GSYMHWKULSIHAR-UHFFFAOYSA-N,Cl/N=C\[C@]1(Cl)N=N1,,3.17
train,4079,DYUIOFTWGALLIW-VHXPQNKSSA-N,Cc1ccc(-c2ccc(N=Nc3ccc(-c4ccc(C)cn4)s3)s2)nc1,,0.96
train,2969,UKBKLCYJHGVREN-UHFFFAOYSA-N,O=C1C(c2cc(S)c[nH]2)=C(c2cc(S)c[nH]2)C(=O)c2nccnc21,,0.94
train,940,HDLUERFEUMDSLR-UHFFFAOYSA-N,CC(O)=Nc1ccc(C2=C(c3ccc(N=C(C)O)[nH]3)C(=O)c3nccnc3C2=O)[nH]1,,0.49
train,3677,YTYFNMJHEBKVFX-UHFFFAOYSA-N,N#Cc1cnc2c(n1)C(=O)C(C1=CC=C([N+](=O)[O-])C1)=CC2=O,,2.44
train,4905,WMZSWGHCDQZISW-DQRAZIAOSA-N,Cc1ccc(-c2ccc(N=Nc3ccc(-c4ccc(C)n4C=O)s3)s2)n1C=O,,0.68
train,2631,QPUOQIUHZAFTGH-UHFFFAOYSA-N,CC(O)=Nc1cnc(C2=C(c3ncc(N=C(C)O)s3)C(=O)c3c(ncc(C#N)c3C#N)C2=O)s1,,1.43
train,2157,NLUDWQJASMXBEI-UHFFFAOYSA-N,COc1cnc2c(c1)C(=O)C(c1ccc(C#N)s1)=CC2=O,,2.2
train,234,BQDSEGVUMGJUJK-UHFFFAOYSA-N,COc1cnc2c(n1)C(=O)C(c1cnc(OC)[nH]1)=C(c1cnc(OC)[nH]1)C2=O,,0.93
train,1812,LVOFHPPIVFJQAO-HNQUOIGGSA-N,N#CC=CC1=CC(=O)c2ncccc2C1=O,,2.95
train,4589,OGABMUGEMPKQHC-NXVVXOECSA-N,C#Cc1ccc(N=Nc2ccc(C#C)[nH]2)[nH]1,,0.82
train,5041,YZFOMHGOODFLRG-QPLCGJKRSA-N,Clc1ccc(-c2ccc(N=Nc3ccc(-c4ccc(Cl)cc4)[nH]3)[nH]2)cc1,,0.52
train,223,BBSWLVAFSRMLIU-UHFFFAOYSA-N,N#Cc1ccnc2c1C(=O)C(c1ccc(Cl)s1)=CC2=O,,1.96
train,4626,OZWAPSSRUGNEMS-DQRAZIAOSA-N,Sc1ccc(-c2ccc(N=Nc3ccc(-c4ccc(S)s4)cc3)cc2)s1,,0.96
train,2251,NYRLDSQHOVDFMI-UHFFFAOYSA-N,N#Cc1cnc2c(n1)C(=O)C(n1ccnn1)=C(n1ccnn1)C2=O,,2.8
train,3068,UVMBAKTWDAZIKM-UHFFFAOYSA-N,Cc1cnc(C2=CC(=O)c3ncc(C#N)nc3C2=O)s1,,2.05
train,4651,PTHJBCVBJNKSLY-ISLYRVAYSA-N,O=S1(=O)C(S)=CC=C1c1ccc(N=Nc2ccc(C3=CC=C(S)S3(=O)=O)s2)s1,,1.06
train,772,GIDIDQYSKKTISX-RJRFIUFISA-N,O=C1C=C(C=COC(F)(F)F)C(=O)c2nccnc21,,2.51
train,4049,DHKXEATUBLFLPP-SEUONAGBSA-N,O=[N+]([O-])N=Cc1ccc(N=Nc2ccc(C=N[N+](=O)[O-])[nH]2)[nH]1,,1.55
train,3055,UTZPXXRYPKGKPO-UHFFFAOYSA-N,CC(O)=NC1=CC=C(C2=C(C3=CC=C(N=C(C)O)S3(=O)=O)C(=O)c3ncccc3C2=O)S1(=O)=O,,1.53
train,1003,HMMXOTRWXQCKQS-UHFFFAOYSA-N,N#CC#CC1=CC(=O)c2nc(C#N)c(C#N)nc2C1=O,,3.68
train,2684,RKSFVGVJKNZNMV-UHFFFAOYSA-N,N#Cc1cnc2c(n1)C(=O)C=C(n1ccnc1F)C2=O,,2.26
train,2041,MXUBNFQBLMHEKQ-UHFFFAOYSA-N,COc1cnc2c(c1)C(=O)C(c1nc(O)co1)=CC2=O,,1.81
train,2175,NNNVNXKIVMWZCJ-HWKANZROSA-N,COc1ccnc2c1C(=O)C(C=C[N+](=O)[O-])=CC2=O,,2.9
train,2880,SGLDTYHVRIVDSF-UHFFFAOYSA-N,N#Cc1cnc2c(n1)C(=O)C(c1cc(F)c[nH]1)=CC2=O,,1.7
train,1429,JLWREBAEPUEUBE-UHFFFAOYSA-N,Cn1c(OC(F)(F)F)ccc1C1=CC(=O)c2ncccc2C1=O,,1.47
train,2974,UKQYMBCGMVGRMK-UHFFFAOYSA-N,N#Cc1ccc2c(n1)C(=O)C=C(c1ccc(C(F)(F)F)n1C=O)C2=O,,2.36
train,3262,WHTVUGOQBLCIQF-UHFFFAOYSA-N,Cc1ccc(C2=C(c3ccc(C)cn3)C(=O)c3c(C#N)cc(C#N)nc3C2=O)nc1,,2.1
train,4220,HNAWZOLTHHDZLP-VHXPQNKSSA-N,c1ncc(-c2ccc(N=Nc3ccc(-c4cnc[nH]4)cc3)cc2)[nH]1,,1.09
train,2536,PGORXEAAJUMTMN-UHFFFAOYSA-N,Cc1cnc(C2=CC(=O)c3nc(C#N)ccc3C2=O)o1,,2.11
train,514,DOAMQNLDGKVQIB-UHFFFAOYSA-N,COc1cnc2c(c1)C(=O)C(C1=CC=C(C)S1(=O)=O)=CC2=O,,2.31
train,2199,NQQQIFPRUYRPMH-UHFFFAOYSA-N,N#Cc1nc2c(nc1C#N)C(=O)C(c1cnc(O)[nH]1)=C(c1cnc(O)[nH]1)C2=O,,1.23
train,1685,KQUPALRWEYCXMR-UHFFFAOYSA-N,O=C1C=C(C2=CC=C(OC(F)(F)F)C2)C(=O)c2nccnc21,,1.5
train,1475,JSFAPFCXLNPQRY-UHFFFAOYSA-N,Cc1ncc(C2=CC(=O)c3ncccc3C2=O)[nH]1,,1.59
train,2210,NSOWZCSRNZTPLK-UHFFFAOYSA-N,C=CC1=C(C=C)C(=O)c2nccnc2C1=O,,2.08
train,2097,NEVGLJFVQFVZBT-UHFFFAOYSA-N,COc1cnc2c(n1)C(=O)C=C(c1ncc(O)s1)C2=O,,1.72
train,2045,MYIPNSLIBLJYMK-BNNQUZSASA-N,N#CN=CC1=CC(=O)c2ncc(C#N)nc2C1=O,,3.23
train,1288,IUTGRGPBMTZTHW-UHFFFAOYSA-N,COc1ccc2c(n1)C(=O)C=C(c1ccc([N+](=O)[O-])[nH]1)C2=O,,2.13
train,1507,JVKZXLQHJJIITP-UHFFFAOYSA-N,N#Cc1ccnc2c1C(=O)C(c1ncc(C(F)(F)F)o1)=CC2=O,,2.9
train,146,ARPMBGZXCQEPEW-UHFFFAOYSA-N,Cn1cccc1C1=C(c2cccn2C)C(=O)c2c(C#N)cc(C#N)nc2C1=O,,1.14
train,1893,MFSBSIWEPCCIFK-UHFFFAOYSA-N,N#Cc1ccc2c(n1)C(=O)C=C(c1ccc(C#N)[nH]1)C2=O,,2.07
train,2180,NNYNMJFGRMGHRI-UHFFFAOYSA-N,COc1ccc2c(n1)C(=O)C=C(c1cc(O)c[nH]1)C2=O,,1.27
train,2254,NZDHPDSJUCSJEI-UHFFFAOYSA-N,N#Cc1cc2c(nc1C#N)C(=O)C(c1ccc(O)s1)=C(c1ccc(O)s1)C2=O,,1.08
train,4283,ILAFQLIBURJUFD-BYYHNAKLSA-N,Cn1c(-c2ccc(N=Nc3ccc(-c4ccc(C(F)(F)F)n4C)s3)s2)ccc1C(F)(F)F,,0.98
train,3457,XEFPIQHGKJRGCK-UHFFFAOYSA-N,N#Cc1ccc2c(n1)C(=O)C=C(c1c[nH]c(C#N)n1)C2=O,,2.38
train,3800,ZJFOWFCSBQVCOL-UHFFFAOYSA-N,COc1ccc(C2=C(c3ccc(OC)cc3)C(=O)c3ncccc3C2=O)cc1,,1.41
train,5066,ZLSVJFDXOBLGGN-WCWDXBQESA-N,Clc1cnc(-c2ccc(N=Nc3ccc(-c4ncc(Cl)o4)cc3)cc2)o1,,1.7
train,3092,UXLJTSDVUFPMJQ-ZPUQHVIOSA-N,N#Cc1cnc2c(c1C#N)C(=O)C(C=CC(F)(F)F)=C(C=CC(F)(F)F)C2=O,,2.95
train,627,FCEHABIBUSSDDP-OWOJBTEDSA-N,N#Cc1cnc2c(c1C#N)C(=O)C(C=C[N+](=O)[O-])=CC2=O,,3.42
train,5212,XNGAFLORXMOGRX-FYJGNVAPSA,O=[N+]([O-])/N=C/N1c2ccccc2N(c2cccc(F)c2)c2ccccc21,,1.15
train,3162,VEPIJFWQQIBRMT-UHFFFAOYSA-N,N#Cc1ccc(C2=C(c3ccc(C#N)[nH]3)C(=O)c3nc(C#N)c(C#N)cc3C2=O)[nH]1,,1.55
train,5215,ZQHMCHWBSUFNSI-CRKCGEKBSA,C/C=C/N1c2ccccc2N(c2cccc(OC)n2)c2ccccc21,,0.15
train,705,FLSBSUGOTSGXHX-UHFFFAOYSA-N,O=C1C(c2cccs2)=CC(=O)c2ncccc21,,1.93
train,5171,GWZFGMFDDHLOEP-ZHACJKMWSA,C=NOCN1c2ccccc2N(/C=C/OC(F)(F)F)c2ccccc21,,0.48
train,2950,UIHZMZMPPXJQKX-UHFFFAOYSA-N,Cc1ccc(C2=C(c3ccc(C)cn3)C(=O)c3nc(C#N)c(C#N)nc3C2=O)nc1,,2.11
train,4641,PNTHJSBCHUYZLS-UHFFFAOYSA-N,Cc1c[nH]c(C2(C)N=N2)c1,,1.14
train,2009,MUDFGMCBRMYDJK-UHFFFAOYSA-N,N#Cc1ccc2c(n1)C(=O)C=C(c1ccc(C(F)(F)F)o1)C2=O,,2.39
train,659,FFXPNJIXSILKME-UHFFFAOYSA-N,COC#CC1=CC(=O)c2nc(C#N)cnc2C1=O,,2.43
train,1119,IALFVLOSMISUHN-UHFFFAOYSA-N,N#Cc1cc2c(nc1C#N)C(=O)C(c1ccccn1)=C(c1ccccn1)C2=O,,2.36
train,3994,BYCCZHWWRXPEOH-UHFFFAOYSA-N,O=C1c2ccc(-c3ccc(S)cn3)cc2C(=O)c2cc(-c3ccc(S)cn3)ccc21,,1.9
train,3714,YYTKIQKZPWDUEY-UHFFFAOYSA-N,COc1cnc2c(n1)C(=O)C=C(c1ncc(N(C)C)cn1)C2=O,,1.45
train,2171,NNJHJIBTWRXJNP-UHFFFAOYSA-N,N#Cc1nc2c(nc1C#N)C(=O)C(c1ncc(OC(F)(F)F)s1)=C(c1ncc(OC(F)(F)F)s1)C2=O,,2.07
train,2846,SCJIHVDSVFFLKJ-UHFFFAOYSA-N,N#Cc1ccnc2c1C(=O)C(c1ncccn1)=CC2=O,,2.56
train,2169,NNAAMMJQCXDAOA-UHFFFAOYSA-N,Cn1c(Cl)ccc1C1=C(c2ccc(Cl)n2C)C(=O)c2c(C#N)cc(C#N)nc2C1=O,,1.19
train,5277,ZPUWNDYAZAVETD-UHFFFAOYSA,Clc1ccc(N2c3ccccc3N(c3cccc(Cl)c3)c3ccccc32)cc1,,0.25
train,3515,XLJFUYXNHAFBIL-UHFFFAOYSA-N,CC(O)=Nc1ccc(C2=CC(=O)c3nc(C#N)c(C#N)cc3C2=O)cc1,,1.65
train,2636,QSYVSZAATDCAPF-UHFFFAOYSA-N,N#Cc1nc2c(nc1C#N)C(=O)C(c1nnc(C(F)(F)F)nn1)=C(c1nnc(C(F)(F)F)nn1)C2=O,,3.03
train,5053,ZEPMUHKMRPHFOV-UXPOPVFASA-N,COC=Cc1ccc(N=Nc2ccc(C=COC)s2)s1,,0.57
train,3586,XTZKTULPEAPSTO-UHFFFAOYSA-N,COc1ccnc2c1C(=O)C(c1ccc([N+](=O)[O-])s1)=CC2=O,,2.48
train,769,GHOVMUFJVUVIOQ-UHFFFAOYSA-N,Cn1c(OC(F)(F)F)ccc1C1=C(c2ccc(OC(F)(F)F)n2C)C(=O)c2nc(C#N)ccc2C1=O,,1.13
train,4597,OJMDVDGDEDIZET-QPLCGJKRSA-N,c1ccc(-c2ccc(N=Nc3ccc(-c4ccccn4)cc3)cc2)nc1,,1.3
train,2027,MVXBPWYOJQLCKO-UHFFFAOYSA-N,N#Cc1csc(C2=C(c3nc(C#N)cs3)C(=O)c3nc(C#N)c(C#N)cc3C2=O)n1,,2.55
train,3183,VXNXJJUVWUHHLH-UHFFFAOYSA-N,N#Cc1cnc2c(n1)C(=O)C(c1ncc(F)cn1)=CC2=O,,2.77
train,4659,PWSOXMIAJFSXQL-UHFFFAOYSA-N,N#Cc1nnc(-c2ccc3c(c2)C(=O)c2cc(-c4nnc(C#N)nn4)ccc2C3=O)nn1,,2.83
train,5270,XBQYSVSZKWOQKS-UHFFFAOYSA,C#CSN1c2ccccc2N(C#CS)c2ccccc21,,0.74
train,817,GPNWFUWCRMBCCF-UHFFFAOYSA-N,N#Cc1cnc2c(c1)C(=O)C(n1cc(C#N)nn1)=C(n1cc(C#N)nn1)C2=O,,3.25
train,4212,HIIQRJZJKGEARV-BUHFOSPRSA-N,OC#Cc1ccc(N=Nc2ccc(C#CO)s2)s1,,0.96
train,5242,KDENWZDNZGXZNH-UHFFFAOYSA,FC(F)(F)c1ccc(N2c3ccccc3N(c3cccc(C(F)(F)F)c3)c3ccccc32)cc1,,0.38
train,4911,WRBZLQSSDGNMIB-BYYHNAKLSA-N,FC(F)(F)OC1=CC=C(c2ccc(N=Nc3ccc(C4=CC=C(OC(F)(F)F)C4)o3)o2)C1,,0.46
train,109,ANWMRZAGSNLYAE-UHFFFAOYSA-N,COc1ccc(C2=CC(=O)c3ncc(C#N)nc3C2=O)n1C=O,,1.44
train,2626,QPHTYJXVOZUPIQ-UHFFFAOYSA-N,N#Cc1nc2c(nc1C#N)C(=O)C(C#COC(F)(F)F)=CC2=O,,2.97
train,1024,HPSGXDRMFFTVIF-UHFFFAOYSA-N,N#Cc1nc2c(nc1C#N)C(=O)C(c1ccc([N+](=O)[O-])cc1)=C(c1ccc([N+](=O)[O-])cc1)C2=O,,2.86
train,338,CDHLUYZDUAYEED-UHFFFAOYSA-N,N#Cc1cnc2c(c1)C(=O)C(c1cc(O)c[nH]1)=CC2=O,,1.29
train,1799,LUDUAMRRJIHGQQ-UHFFFAOYSA-N,N#Cc1cnc2c(c1)C(=O)C(c1c[nH]c(C#N)n1)=C(c1c[nH]c(C#N)n1)C2=O,,1.98
train,2564,QGGDKBDWLOQNAR-UHFFFAOYSA-N,N#Cc1nc2c(nc1C#N)C(=O)C(c1ccc(S)s1)=C(c1ccc(S)s1)C2=O,,1.29
train,3990,BVXNHAFCAIKWJO-FLWNBWAVSA-N,N#Cc1cnc(-c2ccc(N=Nc3ccc(-c4ncc(C#N)cn4)cc3)cc2)nc1,,1.67
train,510,DNQMXAPZBYXYFQ-UHFFFAOYSA-N,O=Cn1c(OC(F)(F)F)ccc1C1=C(c2ccc(OC(F)(F)F)n2C=O)C(=O)c2ncccc2C1=O,,1.56
train,5320,YKYKAQCNXUMKLQ-UHFFFAOYSA,COc1ccc(-c2ccc(-c3ccc4c(c3)C(C)(C)c3cc(-c5ccc(-c6ccc(S)o6)cc5)ccc3N4c3ccc(-c4ccco4)cc3)cc2)cc1,,0.65
train,5102,FNUSSDWOSJBDMO-UHFFFAOYSA,Oc1cc(N2c3ccccc3N(c3ccoc3C(F)(F)F)c3ccccc32)co1,,0.37
train,3849,ZPZFPCFALBZAEG-UHFFFAOYSA-N,N#Cc1cnc2c(c1)C(=O)C(c1nnc(Cl)nn1)=CC2=O,,2.54
train,2090,NEBJAAUXKXJXCQ-UHFFFAOYSA-N,N#Cc1cnc2c(n1)C(=O)C(C1=CC=C(OC(F)(F)F)C1)=CC2=O,,1.63
train,2740,RQPPHDZIHPJLEM-CNHKJKLMSA-N,CN(C)N=CC1=CC(=O)c2ncc(C#N)c(C#N)c2C1=O,,1.57
train,259,BTDWHFJYCDNMAD-UHFFFAOYSA-N,CC(O)=Nc1ccc(C2=CC(=O)c3ncccc3C2=O)n1C,,0.97
train,2490,PBKAOLFLAQBDMN-UHFFFAOYSA-N,N#Cc1nc2c(nc1C#N)C(=O)C(n1ccc3ccccc31)=C(n1ccc3ccccc31)C2=O,,1.36
train,3283,WLALWUIFVSVKBM-UHFFFAOYSA-N,N#Cc1cc2c(nc1C#N)C(=O)C=C(C1=CC=C(O)C1)C2=O,,1.34
train,3545,XNNIQBZXKMDGOT-UHFFFAOYSA-N,O=C1C(c2cc(OC(F)(F)F)c[nH]2)=C(c2cc(OC(F)(F)F)c[nH]2)C(=O)c2ncccc21,,1.2
train,5012,YKOBTTYFPBVGJT-UHFFFAOYSA-N,N#Cc1cc(C2=CC=C(C(F)(F)F)S2(=O)=O)c(C#N)c(C2=CC=C(C(F)(F)F)S2(=O)=O)c1,,3.0
train,3420,XASVPZJARBPZBE-UHFFFAOYSA-N,N#Cc1nc2c(nc1C#N)C(=O)C(n1cc(S)nn1)=CC2=O,,2.16
train,4067,DPRIFTDICSSESH-UHFFFAOYSA-N,C#Cc1cc2c3cc(C#C)c4cccc5c(C#C)cc(c6cc(C#C)c7cccc1c7c26)c3c45,,0.9
train,3502,XJRYFUBREMFHKW-UHFFFAOYSA-N,CC(O)=Nc1ncc(C2=CC(=O)c3nccc(C#N)c3C2=O)[nH]1,,1.34
train,4773,SMYUZYZNCSOQKO-DQRAZIAOSA-N,N#Cc1cnc(-c2ccc(N=Nc3ccc(-c4ncc(C#N)s4)s3)s2)s1,,1.3
train,3838,ZOTUIZPHGXVJLB-UHFFFAOYSA-N,CN(C)c1csc(C2=C(c3nc(N(C)C)cs3)C(=O)c3ncccc3C2=O)n1,,0.8
train,2504,PDGAAYFFUWQEOM-UHFFFAOYSA-N,CC#CC1=CC(=O)c2nccc(OC)c2C1=O,,2.59
train,321,BZXBQRAZQLHLOL-FMQZQXMHSA-N,CC(O)=NN=CC1=CC(=O)c2nc(C#N)c(C#N)cc2C1=O,,1.95
train,162,AUNPWPJEEUUARR-UHFFFAOYSA-N,N#Cc1nc2c(nc1C#N)C(=O)C(c1nc(F)co1)=C(c1nc(F)co1)C2=O,,2.34
train,358,CFUGLKYZPUBBAL-NSCUHMNNSA-N,CC=CC1=CC(=O)c2nc(C#N)c(C#N)cc2C1=O,,2.38
train,3249,WGBXEYDBWCBNQP-UHFFFAOYSA-N,N#Cc1cnc2c(c1C#N)C(=O)C(c1cc(S)c[nH]1)=CC2=O,,1.36
train,4401,KQKHCXXGPHCGAE-UHFFFAOYSA-N,OC=CC1(O)N=N1,,1.75
train,1065,HUNHQVQHEJREAI-UHFFFAOYSA-N,COc1ccc2c(n1)C(=O)C=C(c1ccc(F)n1C=O)C2=O,,1.86
train,2828,SBAROTBHDXPVCG-UHFFFAOYSA-N,N#Cc1cnc2c(n1)C(=O)C=C(c1ccc(O)s1)C2=O,,1.58
train,1015,HOLKCLWTLSYEEJ-UHFFFAOYSA-N,N#Cc1nc2c(nc1C#N)C(=O)C(c1ccc(O)n1C=O)=CC2=O,,1.53
train,3500,XJDKDZOXWFHMJC-UHFFFAOYSA-N,N#Cc1cc2c(nc1C#N)C(=O)C=C(c1ccc(Cl)n1C=O)C2=O,,1.96
train,5228,FJJAFPNGLKURFD-UHFFFAOYSA,C#CCN1c2ccccc2N(C#CC)c2ccccc21,,0.32
train,3930,AROPSCIYRDYONR-BYYHNAKLSA-N,FC(F)(F)C1=CC=C(c2ccc(N=Nc3ccc(C4=CC=C(C(F)(F)F)C4)o3)o2)C1,,0.73
train,161,AUMVVCIMLOVTGP-UHFFFAOYSA-N,N#Cc1cnc2c(c1)C(=O)C(c1ccc(O)n1C=O)=CC2=O,,1.48
train,1730,LKYAQDCYMHSTKK-UHFFFAOYSA-N,COc1cnc2c(c1)C(=O)C(c1ccc(Cl)o1)=CC2=O,,1.8
train,1197,IKLNLDUAJOJSMA-ZPUQHVIOSA-N,N#Cc1cc(C#N)c2c(n1)C(=O)C(C=CS)=C(C=CS)C2=O,,1.27
train,2356,OLUBTDTVGFGRLE-UHFFFAOYSA-N,COc1c[nH]c(C2=C(c3cc(OC)c[nH]3)C(=O)c3nc(C#N)cnc3C2=O)c1,,0.71
train,419,COLLSTDINLXDFL-UHFFFAOYSA-N,CN(C)c1cnc(C2=C(c3ncc(N(C)C)o3)C(=O)c3c(ncc(C#N)c3C#N)C2=O)o1,,0.67
train,4545,NIAFOSMNTKOEGH-UHFFFAOYSA-N,O=C1c2ccc(-c3cnc(C(F)(F)F)[nH]3)cc2C(=O)c2cc(-c3cnc(C(F)(F)F)[nH]3)ccc21,,2.03
train,253,BSFKENNGPDPDIU-UHFFFAOYSA-N,O=C1C(c2cc([N+](=O)[O-])c[nH]2)=C(c2cc([N+](=O)[O-])c[nH]2)C(=O)c2ncccc21,,1.55
train,5334,DGHMGRYDGUFYJS-UHFFFAOYSA,CC1(C)c2cc(-c3ccc(Cl)cc3)ccc2N(c2ccc(-c3cc(F)[nH]n3)cc2)c2ccc(-c3ccc(C#CC(F)(F)F)cc3)cc21,,0.8
train,4986,XZUJYXLHLMOXGB-UHFFFAOYSA-N,ON=CC1(O)N=N1,,2.45
train,4950,XHSAZBNXKNIAKB-UHFFFAOYSA-N,O=[N+]([O-])c1ncc(C2([N+](=O)[O-])N=N2)[nH]1,,2.93
train,3958,BDZZBEZJWZHGIU-ISLYRVAYSA-N,Sc1coc(-c2ccc(N=Nc3ccc(-c4nc(S)co4)s3)s2)n1,,1.14
train,2559,PSDVQISZVFTELA-UHFFFAOYSA-N,N#Cc1cnc2c(c1)C(=O)C(C1=CC=C(S)C1)=C(C1=CC=C(S)C1)C2=O,,0.69
train,3836,ZOCLQFKOYJYMMM-UHFFFAOYSA-N,Cc1cnc(C2=CC(=O)c3nc(C#N)cc(C#N)c3C2=O)o1,,2.14
train,4409,KUPYCWQOMWMFLN-UHFFFAOYSA-N,N#Cc1cc(-c2ccc(F)[nH]2)c(C#N)c(-c2ccc(F)[nH]2)c1,,-1.23
train,5495,UVMWSZMNRVWPQP-UHFFFAOYSA,Cc1sccc1-c1ccc2c(c1)oc(=O)c1c(Cl)c3ccccc3cc12,,1.4
train,2212,NSXWVGQRNPRYQZ-UHFFFAOYSA-N,CC(O)=Nc1c[nH]c(C2=CC(=O)c3nc(C#N)cnc3C2=O)c1,,1.28
train,1832,LXTQUJUHAKCNCN-UHFFFAOYSA-N,COC1=CC=C(C2=C(C3=CC=C(OC)C3)C(=O)c3ncc(C#N)cc3C2=O)C1,,0.33
train,1565,KBZFCRGSXYGENO-UHFFFAOYSA-N,Cc1ccc(C2=CC(=O)c3nccc(C#N)c3C2=O)s1,,1.72
train,1444,JNLXVTQRCIVWLR-UHFFFAOYSA-N,N#CC1=CC=C(C2=CC(=O)c3nccnc3C2=O)S1(=O)=O,,2.92
train,4501,MQVCYKGFUVSGAY-HUWOUMPJSA-N,SN=Cc1ccc(N=Nc2ccc(C=NS)s2)s1,,0.96
train,644,FDOLWDHJMQYBEQ-UHFFFAOYSA-N,N#Cc1c[nH]c(C2=C(c3cc(C#N)c[nH]3)C(=O)c3c(ncc(C#N)c3C#N)C2=O)c1,,1.64
train,1563,KBTHQZPHZISOLT-UHFFFAOYSA-N,N#Cc1nc2c(nc1C#N)C(=O)C(n1ccnc1C#N)=C(n1ccnc1C#N)C2=O,,2.91
train,4853,VFWAKHCXWFHKRR-UHFFFAOYSA-N,O=C1c2ccc(-c3ncc(OC(F)(F)F)o3)cc2C(=O)c2cc(-c3ncc(OC(F)(F)F)o3)ccc21,,2.08
train,4149,GEBRRLGBUHAWKA-BYYHNAKLSA-N,FC(F)(F)Oc1ccc(-c2ccc(N=Nc3ccc(-c4ccc(OC(F)(F)F)[nH]4)o3)o2)[nH]1,,0.45
train,4344,JTJAODTXIAIKGV-DQRAZIAOSA-N,Oc1cnc(-c2ccc(N=Nc3ccc(-c4ncc(O)cn4)o3)o2)nc1,,0.99
train,2404,ORTUPNBHJZPPSG-UHFFFAOYSA-N,CC(O)=Nc1coc(C2=CC(=O)c3nc(C#N)c(C#N)cc3C2=O)n1,,1.86
train,5447,KUSRSJIAGGRLNY-UHFFFAOYSA,C=NOc1ccc2c(c1)oc(=O)c1c(-c3cc([N+](=O)[O-])n(C=O)c3)c3ccccc3cc12,,1.45
train,5121,ONVDLDRRRIZBME-UHFFFAOYSA,FC(F)(F)C#CN1c2ccccc2N(Cl)c2ccccc21,,1.87
train,5268,WRBQGRZETZRUKF-UHFFFAOYSA,O=[N+]([O-])c1cc(N2c3ccccc3N(c3ccoc3[N+](=O)[O-])c3ccccc32)co1,,0.56
train,3520,XLPCRWHXUYXRAP-UHFFFAOYSA-N,COC1=CC=C(C2=CC(=O)c3nc(C#N)c(C#N)nc3C2=O)S1(=O)=O,,2.15
train,3518,XLNNIRWKBKONKX-UHFFFAOYSA-N,CN(C)c1c[nH]c(C2=CC(=O)c3nc(C#N)c(C#N)nc3C2=O)c1,,0.76
train,4807,UCWMJHQNTGWUIG-UHFFFAOYSA-N,N#Cc1cc(-c2ccc(S)o2)c(C#N)c(-c2ccc(S)o2)c1,,-1.21
train,2885,SHDQXGIONFENNC-UHFFFAOYSA-N,CC1=CC=C(C2=CC(=O)c3ncc(C#N)nc3C2=O)C1,,1.34
train,4298,IQZVXSAFFQJWRD-PEIUIALNSA-N,CON=Cc1ccc(N=Nc2ccc(C=NOC)s2)s1,,1.04
train,3621,XXUMUAMKYSDTFP-UHFFFAOYSA-N,N#Cc1cnc2c(n1)C(=O)C(c1ccc([N+](=O)[O-])n1C=O)=CC2=O,,2.69
train,1122,IASOBTYVSJCLRB-UHFFFAOYSA-N,N#Cc1cc(C#N)c2c(n1)C(=O)C(c1ccc(F)[nH]1)=C(c1ccc(F)[nH]1)C2=O,,1.03
train,3287,WLGQCHBQGYEXEQ-UHFFFAOYSA-N,N#Cc1cnc2c(n1)C(=O)C=C(c1ccc(O)[nH]1)C2=O,,1.2
train,459,CVKMJONDYKNPTP-UHFFFAOYSA-N,N#Cc1cc(C#N)c2c(n1)C(=O)C(c1nc(F)cs1)=C(c1nc(F)cs1)C2=O,,2.06
train,2704,RMHOYBPXMWXIIL-UHFFFAOYSA-N,Cc1cnc(C2=CC(=O)c3nccc(C#N)c3C2=O)nc1,,2.49
train,1701,KTAXYCCUPSCZQD-UHFFFAOYSA-N,N#Cc1ccc2c(n1)C(=O)C=C(c1ccc(C#N)n1C=O)C2=O,,2.44
train,2303,OFETVXJPWXTNCE-UHFFFAOYSA-N,N#Cc1ccc(C2=CC(=O)c3nccnc3C2=O)s1,,2.38
train,261,BTHOUHNXQTYYJQ-UHFFFAOYSA-N,N#Cc1cn(C2=CC(=O)c3ncc(C#N)nc3C2=O)nn1,,3.32
train,4010,CHLNYXQJUPTEJZ-VHXPQNKSSA-N,Oc1ccc(-c2ccc(N=Nc3ccc(-c4ccc(O)[nH]4)cc3)cc2)[nH]1,,0.53
train,213,BAQWSGSRXCUVNN-UHFFFAOYSA-N,CC1=CC=C(C2=C(C3=CC=C(C)C3)C(=O)c3nccnc3C2=O)C1,,0.75
train,196,AYQZAAWQUVEAAC-UHFFFAOYSA-N,COc1cnc2c(c1)C(=O)C(c1ccc(C)s1)=CC2=O,,1.64
train,3923,AMDDGRBWNRIHLU-BYYHNAKLSA-N,Clc1cnc(-c2ccc(N=Nc3ccc(-c4ncc(Cl)cn4)cc3)cc2)nc1,,1.71
train,4850,VDZSWUCMDYZEDG-DQRAZIAOSA-N,O=[N+]([O-])c1ncc(-c2ccc(N=Nc3ccc(-c4cnc([N+](=O)[O-])[nH]4)[nH]3)[nH]2)[nH]1,,0.91
train,1091,HXFAAOQBXRNCLO-UHFFFAOYSA-N,COc1cnc2c(c1OC)C(=O)C(C1=CC=C(C#N)S1(=O)=O)=CC2=O,,2.22
train,3153,VDXPKWRETUJVPB-UHFFFAOYSA-N,N#Cc1cnc2c(c1C#N)C(=O)C(c1ccccc1)=C(c1ccccc1)C2=O,,2.07
train,2612,QNXOKPHANQZOTE-UHFFFAOYSA-N,COc1cnc2c(c1)C(=O)C(c1ncc(O)s1)=CC2=O,,1.65
train,1443,JNKKKEZWZOIESD-UHFFFAOYSA-N,COc1ccc2c(n1)C(=O)C=C(c1nc(N=C(C)O)cs1)C2=O,,1.54
train,2800,RXRYCYLLRJBAOD-UHFFFAOYSA-N,N#Cc1cnc2c(c1C#N)C(=O)C(C1=CC=C(O)S1(=O)=O)=CC2=O,,2.24
train,1946,MMNVMEPIXGHCPJ-UHFFFAOYSA-N,C#CC1=CC(=O)c2nc(C#N)cnc2C1=O,,3.4
train,935,HCZYMLMZFYTGDW-UHFFFAOYSA-N,CC(O)=Nc1ccc(C2=CC(=O)c3nc(C#N)ccc3C2=O)o1,,1.37
train,3999,CAPLPTYMGWJUSV-FMQUCBEESA-N,Fc1cnc(-c2ccc(N=Nc3ccc(-c4ncc(F)o4)o3)o2)o1,,1.14
train,2997,UMYPUKSMQNIEPS-UHFFFAOYSA-N,Cc1ccc(C2=C(c3ccc(C)n3C)C(=O)c3ncc(C#N)cc3C2=O)n1C,,0.81
train,5493,ULLLRYHERKIGCB-UHFFFAOYSA,C#CCc1ccc2c(c1)oc(=O)c1c(-c3ccc(C)nc3)c3ccccc3cc12,,1.59
train,3346,WQSFKGPXCPQNTE-UHFFFAOYSA-N,N#Cc1cnc2c(c1)C(=O)C(c1nc(O)cs1)=CC2=O,,1.82
train,1466,JQZGYWQYYKLGKM-UHFFFAOYSA-N,N#Cc1nc2c(nc1C#N)C(=O)C(c1ccc(O)s1)=CC2=O,,1.64
train,5374,WGNUXHRXFGRXIX-UHFFFAOYSA,CC1(C)c2cc(-c3ccc(-c4ccc(S)[nH]4)cc3)ccc2N(c2ccc(-c3ccc(S)[nH]3)cc2)c2ccc(-c3ccc(-c4ccc(S)[nH]4)cc3)cc21,,0.59
train,4859,VHLGNIDZOUYILC-DQRAZIAOSA-N,Clc1ccc(-c2ccc(N=Nc3ccc(-c4ccc(Cl)[nH]4)o3)o2)[nH]1,,0.46
train,3241,WEQRCKQUOSHTPX-UHFFFAOYSA-N,N#Cc1nc2c(nc1C#N)C(=O)C(C1=CC=C(Cl)S1(=O)=O)=CC2=O,,2.59
train,2163,NMKPGLNCSBNBFZ-UHFFFAOYSA-N,N#Cc1ccnc2c1C(=O)C(c1cnc[nH]1)=CC2=O,,2.1
train,4357,JXTWNJLAJDOLPS-UHFFFAOYSA-N,COC1=CC=C(c2cc(C#N)cc(C3=CC=C(OC)S3(=O)=O)c2C#N)S1(=O)=O,,1.96
train,120,AOOLNGKTPCIDSD-UHFFFAOYSA-N,N#Cc1cnc2c(n1)C(=O)C(c1nc(F)cs1)=CC2=O,,2.39
train,2811,RZCSCZBPAMXQFD-UHFFFAOYSA-N,Cc1ccc(C2=C(c3ccc(C)[nH]3)C(=O)c3nc(C#N)cnc3C2=O)[nH]1,,0.72
train,5462,NDMCUQNDXQNQQA-UHFFFAOYSA,C=NSc1ccc2c(c1)oc(=O)c1c(-c3cc(C)n(C=O)c3)c3ccccc3cc12,,1.3
train,5404,BELFFIJBLSMKJK-UHFFFAOYSA,O=c1oc2cc(-c3ccnc([N+](=O)[O-])n3)ccc2c2cc3ccccc3c(-c3c[nH]c(S)c3)c12,,1.02
train,1696,KSKLHGWVZYORLC-UHFFFAOYSA-N,N#Cc1ccc2c(n1)C(=O)C=C(c1cc(O)c[nH]1)C2=O,,1.31
train,1580,KDSBFJINHYXLET-UHFFFAOYSA-N,COC#CC1=CC(=O)c2ncc(C#N)c(C#N)c2C1=O,,2.43
train,3503,XJTVZALISOBION-UHFFFAOYSA-N,N#Cc1nc2c(nc1C#N)C(=O)C(c1ncc(Cl)o1)=CC2=O,,2.42
train,1352,JDFSDCXWTHDAJB-UHFFFAOYSA-N,CC#CC1=C(C#CC)C(=O)c2nc(C#N)ccc2C1=O,,2.15
train,345,CEIDDUSDJIMASG-UHFFFAOYSA-N,COc1nc2c(nc1OC)C(=O)C(c1nc(S)co1)=C(c1nc(S)co1)C2=O,,1.76
train,5159,CDYHYHCIPLFSMO-UHFFFAOYSA,FC(O[C]1=NC=C[C](N=1)n1c2ccccc2n(c2c1cccc2)c1ccc(nc1)OC(F)(F)F)(F)F,,1.3
train,1464,JQUDDXZNSLBGDE-UHFFFAOYSA-N,Cc1ccc(C2=CC(=O)c3nccnc3C2=O)cc1,,2.1
train,3308,WMZFEGOYBILMFX-UHFFFAOYSA-N,N#Cc1cnc2c(n1)C(=O)C(c1ccc([N+](=O)[O-])cc1)=CC2=O,,3.0
train,3898,ADAZAFCPASNDPP-FMQUCBEESA-N,O=Cn1c(O)ccc1-c1ccc(N=Nc2ccc(-c3ccc(O)n3C=O)s2)s1,,0.62
train,4102,FKMUAZBUZZBVDI-FMQUCBEESA-N,Cn1c(S)ccc1-c1ccc(N=Nc2ccc(-c3ccc(S)n3C)o2)o1,,0.38
train,3563,XQEHZNULCXGQQU-UHFFFAOYSA-N,N#Cc1ccc(C2=C(c3ccc(C#N)cc3)C(=O)c3ncc(C#N)cc3C2=O)cc1,,2.5
train,1021,HPHVCGYJZUFZAD-UHFFFAOYSA-N,Cc1cn(C2=CC(=O)c3nc(C#N)c(C#N)nc3C2=O)c2ccccc12,,1.41
train,600,DZDVDRNLSVHYPS-UHFFFAOYSA-N,Cc1cnc(C2=CC(=O)c3nc(C#N)cnc3C2=O)s1,,2.08
train,2719,RNYSOBOEBHNPLF-UHFFFAOYSA-N,COc1ccc2c(n1)C(=O)C=C(c1cc(C)c[nH]1)C2=O,,1.33
train,3396,WXCZJPMOSUIJLW-UHFFFAOYSA-N,COc1ccnc2c1C(=O)C(c1ccc(OC)n1C=O)=CC2=O,,1.28
train,2989,UMFSOXSMZFVUPG-UHFFFAOYSA-N,COc1ccc2c(n1)C(=O)C=C(c1cc(OC(F)(F)F)c[nH]1)C2=O,,1.74
train,2268,OAVVOZJWSFAYPY-UHFFFAOYSA-N,Cn1c(C#N)ccc1C1=C(c2ccc(C#N)n2C)C(=O)c2nc(C#N)c(C#N)cc2C1=O,,1.82
train,237,BQOJDNKBIXOGJX-ONEGZZNKSA-N,O=C1C(C=CCl)=CC(=O)c2ncccc21,,2.45
train,2260,NZRNEHVFPWKZHV-UHFFFAOYSA-N,CN(C)c1csc(C2=CC(=O)c3nc(C#N)cnc3C2=O)n1,,1.08
train,4483,MFFGMCMMQWGAGK-VHXPQNKSSA-N,COc1ccc(-c2ccc(N=Nc3ccc(-c4ccc(OC)s4)cc3)cc2)s1,,0.8
train,4159,GILKGSLZIWEGKT-DQRAZIAOSA-N,COc1ccc(-c2ccc(N=Nc3ccc(-c4ccc(OC)s4)[nH]3)[nH]2)s1,,-0.48
train,5420,GKBMBHBHCVNBON-UHFFFAOYSA,O=c1oc2cc(-c3cccc(OC(F)(F)F)n3)ccc2c2cc3ccccc3c(C#CC(F)(F)F)c12,,1.68
train,3269,WIVDQUPYWRSFGK-IHWYPQMZSA-N,CC=CC1=CC(=O)c2nc(C#N)ccc2C1=O,,2.29
train,4495,MLQVDPVOFZOQHD-UHFFFAOYSA-N,COc1ncc(-c2cc(C#N)cc(-c3cnc(OC)[nH]3)c2C#N)[nH]1,,-1.13
train,1628,KISHZIDMXYGJSD-UHFFFAOYSA-N,CN(C)c1ccc(C2=C(c3ccc(N(C)C)o3)C(=O)c3nc(C#N)c(C#N)cc3C2=O)o1,,0.24
train,3903,AEGULJNXPWYZNH-FMQUCBEESA-N,COc1coc(-c2ccc(N=Nc3ccc(-c4nc(OC)co4)o3)o2)n1,,0.99
train,5111,JAODURMVCDZSRW-UHFFFAOYSA,C=NSN1c2ccccc2N(c2coc([N+](=O)[O-])n2)c2ccccc21,,0.74
train,1493,JUOUBUGILQZTES-UHFFFAOYSA-N,N#Cc1nc2c(nc1C#N)C(=O)C(c1ccc(Cl)o1)=C(c1ccc(Cl)o1)C2=O,,1.61
train,238,BQOOFVKZVLNVEG-UHFFFAOYSA-N,CC(O)=Nc1cnc(C2=CC(=O)c3ncc(C#N)nc3C2=O)nc1,,2.06
train,340,CDWKFCSVALPWAA-UHFFFAOYSA-N,COc1ccc(C2=CC(=O)c3nc(C#N)c(C#N)cc3C2=O)cc1,,1.85
train,3674,YTKIYWSVPITXAK-UHFFFAOYSA-N,CN(C)C1=CC=C(C2=CC(=O)c3ncccc3C2=O)C1,,0.55
train,4921,WVESBXZBBPNCRX-VHXPQNKSSA-N,O=Cn1c(O)ccc1-c1ccc(N=Nc2ccc(-c3ccc(O)n3C=O)cc2)cc1,,0.96
train,5455,LWDNIGQSABSGII-UHFFFAOYSA,O=c1oc2cc(-c3ccccn3)ccc2c2cc3ccccc3c(-c3cocn3)c12,,1.54
train,3766,ZEQNAUKODMQKLP-UHFFFAOYSA-N,CC(O)=Nc1ccc(C2=CC(=O)c3nccc(C#N)c3C2=O)n1C=O,,1.25
train,139,AQVJTDLGKMIVGQ-UHFFFAOYSA-N,O=C1C(c2ncc(C(F)(F)F)cn2)=CC(=O)c2ncccc21,,2.76
train,2143,NKATUOLXUNRBSH-UHFFFAOYSA-N,N#Cc1cnc2c(n1)C(=O)C(c1ncc(S)cn1)=CC2=O,,2.28
train,3257,WHHDHALKJBXEPH-UPHRSURJSA-N,N#CC=CC1=CC(=O)c2nc(C#N)c(C#N)nc2C1=O,,3.27
train,1532,JYFGNAXBSHDRAL-UHFFFAOYSA-N,Cc1cn(C2=C(n3cc(C)nn3)C(=O)c3c(ncc(C#N)c3C#N)C2=O)nn1,,2.44
train,3776,ZFUHBMABRHABOT-UHFFFAOYSA-N,CC(O)=Nc1nccn1C1=CC(=O)c2nccnc2C1=O,,1.57
train,1953,MNCBARLFRPAHNI-UHFFFAOYSA-N,COc1cnc2c(c1)C(=O)C(C1=CC=CC1)=CC2=O,,1.47
train,449,CUGUZOIQZJQFHY-UHFFFAOYSA-N,COc1ccc(C2=CC(=O)c3nc(C#N)c(C#N)nc3C2=O)n1C=O,,1.51
train,3412,WYZAZWWZJCKJGC-UHFFFAOYSA-N,N#Cc1ccnc2c1C(=O)C(c1ncc(O)s1)=C(c1ncc(O)s1)C2=O,,1.51
train,4195,GZJJJOPTJVVSJD-DQRAZIAOSA-N,c1csc(-c2ccc(N=Nc3ccc(-c4nccs4)cc3)cc2)n1,,1.34
train,366,CHARJXQHBFNGLL-UHFFFAOYSA-N,N#Cc1cc2c(nc1C#N)C(=O)C=C(c1cnc(OC(F)(F)F)[nH]1)C2=O,,2.01
train,1591,KEPHPRYCMICDAU-UHFFFAOYSA-N,N#Cc1nc(C2=C(c3c[nH]c(C#N)n3)C(=O)c3nc(C#N)c(C#N)cc3C2=O)c[nH]1,,2.05
train,1368,JFLBFUWQYXANQN-UHFFFAOYSA-N,COc1nc2c(nc1OC)C(=O)C(c1cnc(C(F)(F)F)[nH]1)=C(c1cnc(C(F)(F)F)[nH]1)C2=O,,1.87
train,740,GDWFHQJUMHODOY-UHFFFAOYSA-N,COc1ccnc2c1C(=O)C(c1nccs1)=CC2=O,,2.13
train,4337,JPIGCUPCUXNSSH-UHFFFAOYSA-N,O=[N+]([O-])c1coc(C2([N+](=O)[O-])N=N2)n1,,3.47
train,502,DMWIQVGIBUFAQF-UHFFFAOYSA-N,N#CC1=CC=C(C2=CC(=O)c3ncccc3C2=O)C1,,2.06
train,4916,WTJYNBQOACSSJQ-VVAFTLCXSA-N,O=[N+]([O-])N=Cc1ccc2ccc3c4ccc5ccc(C=N[N+](=O)[O-])c6ccc(c7ccc1c2c37)c4c56,,1.07
train,493,DLWLDFAPVJWFNP-UHFFFAOYSA-N,N#Cc1cc(C#N)c2c(n1)C(=O)C(n1cc(O)nn1)=C(n1cc(O)nn1)C2=O,,2.21
train,4540,NFXINJMTLZWKOI-UHFFFAOYSA-N,Cc1ccc(-c2cc(C#N)cc(-c3ccc(C)s3)c2C#N)s1,,1.55
train,5074,ZPVTVRMMTGPKME-UHFFFAOYSA-N,N#Cc1cc(C2=CC=C(S)C2)c(C#N)c(C2=CC=C(S)C2)c1,,-1.23
train,1819,LWHKVJZISLGLQA-UHFFFAOYSA-N,COc1cnc2c(c1)C(=O)C(c1nnc(N(C)C)nn1)=CC2=O,,1.81
train,3069,UVMXOMWIKGFSGZ-UHFFFAOYSA-N,N#CC1=CC=C(C2=CC(=O)c3ncc(C#N)c(C#N)c3C2=O)S1(=O)=O,,3.07
train,4398,KOONMAVXNWLHHF-UHFFFAOYSA-N,N#Cc1cc(-c2ccc(OC(F)(F)F)cn2)c(C#N)c(-c2ccc(OC(F)(F)F)cn2)c1,,-0.87
train,1736,LLOPERIOXQVLQG-CCAGOZQPSA-N,N#Cc1cnc2c(n1)C(=O)C(C=COC(F)(F)F)=C(C=COC(F)(F)F)C2=O,,2.14
train,2710,RMXVGRHJRJGUND-UHFFFAOYSA-N,COc1cnc2c(c1)C(=O)C(c1nnc(C)nn1)=CC2=O,,2.17
train,2295,OEJJJRIZBBDOGK-UHFFFAOYSA-N,COc1ncc(C2=CC(=O)c3nccc(C#N)c3C2=O)[nH]1,,1.49
train,855,GTYVWSGTBDKIFL-UHFFFAOYSA-N,O=C1C(C2=CC=C(S)S2(=O)=O)=C(C2=CC=C(S)S2(=O)=O)C(=O)c2nccnc21,,1.73
train,1126,IBASRHSULWPFHU-UHFFFAOYSA-N,N#Cc1cnc2c(n1)C(=O)C=C(c1nnc([N+](=O)[O-])nn1)C2=O,,3.0
train,4223,HNKPVMWJQGWNLD-VHXPQNKSSA-N,Cc1coc(-c2ccc(N=Nc3ccc(-c4nc(C)co4)cc3)cc2)n1,,1.31
train,2977,UKVYMFHXPZEHCP-UHFFFAOYSA-N,N#Cc1cnc2c(n1)C(=O)C=C(n1cc(C#N)c3ccccc31)C2=O,,1.92
train,1302,IVSWYVMOANZOLG-UHFFFAOYSA-N,N#Cc1cc(C#N)c2c(n1)C(=O)C(c1ncc(O)s1)=C(c1ncc(O)s1)C2=O,,1.38
train,1870,MCFQHJKCTWKBHQ-UHFFFAOYSA-N,O=C1C=C(c2ccc(O)cc2)C(=O)c2nccnc21,,1.88
train,1059,HTXCXBRKYAVNLT-UHFFFAOYSA-N,N#Cc1cnc2c(n1)C(=O)C(C1=CC=C(O)C1)=C(C1=CC=C(O)C1)C2=O,,0.58
train,4021,CPHBILXMSQZFRE-UHFFFAOYSA-N,COc1nnc(-c2cc(C#N)cc(-c3nnc(OC)nn3)c2C#N)nn1,,2.35
train,3104,UYZAHCRZCYQQPJ-UHFFFAOYSA-N,CN(C)c1csc(C2=C(c3nc(N(C)C)cs3)C(=O)c3nccnc3C2=O)n1,,0.81
train,461,CXLKMMBFEULGCX-UHFFFAOYSA-N,COc1cnc2c(n1)C(=O)C(c1ccc([N+](=O)[O-])[nH]1)=CC2=O,,2.18
train,2859,SDPKEWDEXJDPNR-UHFFFAOYSA-N,Cc1ccc(C2=C(c3ccc(C)cn3)C(=O)c3nc(C#N)ccc3C2=O)nc1,,2.02
train,4321,JDWGUJKXJSJPJX-UHFFFAOYSA-N,Cc1cnc(-c2cc(C#N)cc(-c3ncc(C)cn3)c2C#N)nc1,,2.5
train,4176,GQSXUHRCHGRIGH-DQRAZIAOSA-N,c1cnc(-c2ccc(N=Nc3ccc(-c4ncccn4)o3)o2)nc1,,1.41
train,1592,KETGJCNPMFVTFP-UHFFFAOYSA-N,N#Cc1nc2c(nc1C#N)C(=O)C(c1nc(C(F)(F)F)cs1)=CC2=O,,2.75
train,329,CBTODXFXLLVYDN-UHFFFAOYSA-N,CN(C)C1=CC=C(C2=CC(=O)c3nc(C#N)ccc3C2=O)S1(=O)=O,,1.34
train,2489,PAYBVXMVOGGDLB-UHFFFAOYSA-N,CN(C)C1=CC=C(C2=C(C3=CC=C(N(C)C)S3(=O)=O)C(=O)c3nc(C#N)c(C#N)nc3C2=O)S1(=O)=O,,0.95
train,3888,ZTDNMMUFQJJTEP-UHFFFAOYSA-N,N#Cc1nc2c(nc1C#N)C(=O)C(c1ccc(Cl)n1C=O)=CC2=O,,1.98
train,1076,HVTZCUHMVLFEBT-UHFFFAOYSA-N,COc1cnc2c(c1)C(=O)C(c1ccc(Cl)cc1)=CC2=O,,2.22
train,3829,ZNFNYFUHDSUFNC-UHFFFAOYSA-N,COc1cnc2c(n1)C(=O)C=C([n+]1cc(=O)[n-][nH]1)C2=O,,1.64
train,4812,UHPUQOUDFQFJMC-UHFFFAOYSA-N,Cn1c(-c2ccc3c(c2)C(=O)c2cc(-c4ccc([N+](=O)[O-])n4C)ccc2C3=O)ccc1[N+](=O)[O-],,2.2
train,2814,RZLSQXIKRNVYJE-UHFFFAOYSA-N,N#Cc1ccc(C2=CC(=O)c3nccnc3C2=O)[nH]1,,2.02
train,2312,OHGUCXGJUUOOCW-UHFFFAOYSA-N,COc1cnc2c(n1)C(=O)C(c1ccc([N+](=O)[O-])cc1)=C(c1ccc([N+](=O)[O-])cc1)C2=O,,2.63
train,202,AYWIWXQEBPRJAO-UHFFFAOYSA-N,CC(O)=Nc1ccc(C2=CC(=O)c3nc(C#N)ccc3C2=O)s1,,1.29
train,5170,GJCGUCSJPRNQRT-UHFFFAOYSA,COc1occc1N1c2ccccc2N(c2cc(OC)n(C=O)c2)c2ccccc21,,0.19
train,4757,SCLNROQCMNGMHX-FMQUCBEESA-N,Fc1cnc(-c2ccc(N=Nc3ccc(-c4ncc(F)o4)s3)s2)o1,,1.19
train,3657,YRKJXFGYYAPYJH-UHFFFAOYSA-N,COc1cnc2c(n1)C(=O)C(c1ccc(C#N)[nH]1)=C(c1ccc(C#N)[nH]1)C2=O,,1.68
train,4384,KHPJYWVSKYTXIO-UHFFFAOYSA-N,N=CC1N=N1,,3.25
train,1108,HYTRPOQZBDEDPM-ACAGNQJTSA-N,N#Cc1ccnc2c1C(=O)C(C=N)=CC2=O,,2.89
train,304,BYLAJRFJLHUPPT-UHFFFAOYSA-N,COc1ccc2c(n1)C(=O)C=C(c1ccc(N=C(C)O)n1C=O)C2=O,,1.3
train,5222,CZBWDQLRCAAERK-UHFFFAOYSA,O=[N+]([O-])c1nc(N2c3ccccc3N(c3cnc([N+](=O)[O-])o3)c3ccccc32)co1,,0.97
train,4480,MCZWYCQBHDTYLI-IHQLGVTJSA-N,FC(F)(F)OC=Cc1ccc(N=Nc2ccc(C=COC(F)(F)F)o2)o1,,0.7
train,2367,OMYZMLNSLFITBB-UHFFFAOYSA-N,O=C1C(c2nnc(Cl)nn2)=CC(=O)c2ncccc21,,2.53
train,3790,ZHNSURLZVNHKFF-UHFFFAOYSA-N,N#Cc1nc2c(nc1C#N)C(=O)C(c1ccc(F)cn1)=CC2=O,,2.72
train,4932,WZWMCUBBMSCZSX-FMQUCBEESA-N,Fc1coc(-c2ccc(N=Nc3ccc(-c4nc(F)co4)o3)o2)n1,,1.26
train,3876,ZSGLTZZLYXZBNQ-IHWYPQMZSA-N,CC=CC1=CC(=O)c2ncc(C#N)cc2C1=O,,2.29
train,1965,MOYHSUJTRAWKJK-UHFFFAOYSA-N,COc1c[nH]c(C2=CC(=O)c3nc(C#N)c(C#N)cc3C2=O)c1,,1.27
train,407,CMQAABLEJVDSGQ-UHFFFAOYSA-N,Cc1ccc(C2=CC(=O)c3nc(C#N)c(C#N)cc3C2=O)n1C,,1.33
train,5239,JAIHGAWRSMUPSR-UHFFFAOYSA,N#Cc1cc(N2c3ccccc3N(c3ccsc3C#N)c3ccccc32)cs1,,0.3
train,32,AEUPEPYOWDQRRB-UHFFFAOYSA-N,Cc1coc(C2=C(c3nc(C)co3)C(=O)c3c(ncc(C#N)c3C#N)C2=O)n1,,1.96
train,2442,OWHCFIVLZURQFQ-UHFFFAOYSA-N,N#Cc1cc(C#N)c2c(n1)C(=O)C(c1ccc(C#N)[nH]1)=C(c1ccc(C#N)[nH]1)C2=O,,1.69
train,2562,QBTWYZCCWGRVPW-UHFFFAOYSA-N,O=C1C(c2cc([N+](=O)[O-])c[nH]2)=CC(=O)c2ncccc21,,2.05
train,4445,LKZLJDDIGGYRGC-LBPZLPHVSA-N,OC=Cc1ccc(N=Nc2ccc(C=CO)s2)s1,,0.59
train,5027,YSQSAYOCEAZPMB-OCEACIFDSA-N,N#Cc1cnc(-c2ccc(N=Nc3ccc(-c4ncc(C#N)cn4)o3)o2)nc1,,1.55
train,5055,ZFAHPQZHYPEXBS-RDIYVQNMSA-N,SN=Cc1ccc(N=Nc2ccc(C=NS)[nH]2)[nH]1,,0.82
train,3583,XTFWPSVKCNBCKR-UHFFFAOYSA-N,N#Cc1cc2c(nc1C#N)C(=O)C(c1ccc(C(F)(F)F)n1C=O)=C(c1ccc(C(F)(F)F)n1C=O)C2=O,,2.18
train,1041,HRUKDDWMJJDGKL-UHFFFAOYSA-N,O=C1C(c2ncco2)=CC(=O)c2ncccc21,,2.34
train,3950,AZQLWKPFVGCQSP-IESJRNOISA-N,N#CN=Cc1ccc(N=Nc2ccc(C=NC#N)cc2)cc1,,1.81
train,2668,RIUYWJGFNGPDIE-UHFFFAOYSA-N,N#Cc1cc(C#N)c2c(n1)C(=O)C=C(c1cc([N+](=O)[O-])c[nH]1)C2=O,,2.18
train,195,AYQMUCSRKZFJJQ-UHFFFAOYSA-N,N#Cc1ccnc2c1C(=O)C(c1nc(C(F)(F)F)cs1)=C(c1nc(C(F)(F)F)cs1)C2=O,,2.4
train,5026,YSCIQPMCPYOBAJ-WCWDXBQESA-N,COc1ccc(-c2ccc(N=Nc3ccc(-c4ccc(OC)cc4)o3)o2)cc1,,0.61
train,5160,CGQXIHOVZVFSQD-MOSHPQCFSA,CO/N=C\N1c2ccccc2N(c2ccc(OC)[nH]2)c2ccccc21,,0.34
train,5524,CIYADSCGKLKXCZ-UHFFFAOYSA,Fc1ccc(N2c3ccccc3Sc3ccccc32)[nH]1,,0.78
train,4028,CTJDWVMZNHKDKG-VHXPQNKSSA-N,Fc1ccc(-c2ccc(N=Nc3ccc(-c4ccc(F)cn4)s3)s2)nc1,,1.0
train,5169,FWDZHYOZXNLHSY-UHFFFAOYSA,C#CSN1c2ccccc2N(C2=CS(=O)(=O)C(C#N)=C2)c2ccccc21,,0.99
train,1846,LZHKKWYEAHODIK-UHFFFAOYSA-N,Cc1c[nH]c(C2=C(c3cc(C)c[nH]3)C(=O)c3ncc(C#N)cc3C2=O)c1,,0.81
train,2901,SJBFLVOQFQLLRU-UHFFFAOYSA-N,COc1cnc2c(c1)C(=O)C(c1cnc(S)[nH]1)=CC2=O,,1.54
train,2798,RXPCBAJMYFGQEW-UHFFFAOYSA-N,COc1cnc2c(n1)C(=O)C=C(c1ccc(C#N)s1)C2=O,,2.35
train,1805,LUXAUPBWEIAGIX-UHFFFAOYSA-N,Cn1c(S)ccc1C1=C(c2ccc(S)n2C)C(=O)c2nc(C#N)ccc2C1=O,,0.83
train,4103,FKSZKTDIWCRBOE-UHFFFAOYSA-N,O=S1(=O)C(F)=CC=C1C1(F)N=N1,,2.69
train,2088,NDVQTFAHKWWCPF-UHFFFAOYSA-N,N#Cc1nc(C2=C(c3c[nH]c(C#N)n3)C(=O)c3c(C#N)ccnc3C2=O)c[nH]1,,1.97
train,5207,UUHOFIRKKDZZIH-UHFFFAOYSA,C=NOCN1c2ccccc2N(C#C[N+](=O)[O-])c2ccccc21,,1.02
train,2978,UKWPTUJJHSMBFZ-UHFFFAOYSA-N,N#Cc1nc2c(nc1C#N)C(=O)C(c1ccc(Cl)s1)=C(c1ccc(Cl)s1)C2=O,,1.62
train,5178,KRDMFHBOBYIWIF-UHFFFAOYSA,C=NSN1c2ccccc2N(c2ccc(C(F)(F)F)nc2)c2ccccc21,,0.55
train,86,ALQHZLDCFXMEBJ-UHFFFAOYSA-N,N#Cc1nc(C2=C(c3c[nH]c(C#N)n3)C(=O)c3ncccc3C2=O)c[nH]1,,1.9
train,198,AYSWSGWHJRRLBN-UHFFFAOYSA-N,COc1cnc2c(n1)C(=O)C(c1ncc(OC)s1)=C(c1ncc(OC)s1)C2=O,,1.22
train,1168,IFKCYLPZMPZQTM-UHFFFAOYSA-N,COc1nccn1C1=CC(=O)c2nc(C#N)cc(C#N)c2C1=O,,1.64
train,5318,WTRHZEQAAFIJEH-UHFFFAOYSA,CC1(C)c2cc(-c3ccc(-c4nncnn4)cc3)ccc2N(c2ccc(S)cc2)c2ccc(-c3ccc(-c4nnc(S)nn4)cc3)cc21,,0.84
train,1529,JYBUEWSDONGLAJ-UHFFFAOYSA-N,N#Cc1cc(C#N)c2c(n1)C(=O)C=C(c1nncnn1)C2=O,,2.47
train,5398,AIFZNIDQTCNKAW-UHFFFAOYSA,COc1cc(-c2c3ccccc3cc3c2c(=O)oc2ccccc23)c[nH]1,,0.79
train,3083,UWMVJPPJHIZAAI-UHFFFAOYSA-N,N#Cc1cc2c(nc1C#N)C(=O)C(c1cnc(F)[nH]1)=C(c1cnc(F)[nH]1)C2=O,,1.67
train,2070,NBBDNTNCEHQKSC-UHFFFAOYSA-N,O=C1C(c2ccc(F)s2)=C(c2ccc(F)s2)C(=O)c2ncccc21,,1.54
train,3712,YYPLYNHOZGMWJQ-UHFFFAOYSA-N,N#Cc1nc2c(nc1C#N)C(=O)C(c1ncc(Cl)s1)=CC2=O,,2.29
train,1653,KMIOKNFRKNUQAB-UHFFFAOYSA-N,COc1ccnc2c1C(=O)C(c1ncc(Cl)s1)=CC2=O,,2.08
train,4938,XBKZEOZOEUANNE-OCEACIFDSA-N,Cc1ccc(-c2ccc(N=Nc3ccc(-c4ccc(C)[nH]4)cc3)cc2)[nH]1,,0.66
train,3809,ZKIWXFLIVYTAOT-UHFFFAOYSA-N,COc1ccc2c(n1)C(=O)C=C(c1ccc(Cl)n1C)C2=O,,1.43
train,1556,KBGFOKUKKFGUHQ-UHFFFAOYSA-N,N#Cc1ccnc2c1C(=O)C(c1ccc(S)[nH]1)=C(c1ccc(S)[nH]1)C2=O,,0.66
train,996,HLYHMOXHIYDVJQ-UHFFFAOYSA-N,O=C1C(c2nc(Cl)cs2)=CC(=O)c2ncccc21,,2.26
train,4241,HVZNZCGZNIZWIY-UHFFFAOYSA-N,COC#Cc1cc(C#N)cc(C#COC)c1C#N,,-1.16
train,2474,OZVZIGGHUPTISN-UHFFFAOYSA-N,COc1nc2c(nc1OC)C(=O)C(C#C[N+](=O)[O-])=C(C#C[N+](=O)[O-])C2=O,,2.42
train,3737,ZBMWKMCDGJTYOP-UHFFFAOYSA-N,COc1cnc2c(c1)C(=O)C(c1ccco1)=CC2=O,,1.84
train,1810,LVKQOTDWKCKXQZ-UHFFFAOYSA-N,N#Cc1cc(C#N)c2c(n1)C(=O)C(c1ncc(Cl)cn1)=C(c1ncc(Cl)cn1)C2=O,,2.83
train,4450,LNXJJQIACHHUTR-UHFFFAOYSA-N,N#Cc1cc(-c2cnc(O)[nH]2)c(C#N)c(-c2cnc(O)[nH]2)c1,,-1.11
train,1000,HMDPLQWEXOZZFW-UHFFFAOYSA-N,Cc1ccc(C2=CC(=O)c3nc(C#N)cc(C#N)c3C2=O)o1,,1.72
train,4232,HTUIZLGTZNAKJD-UHFFFAOYSA-N,O=S1(=O)C=CC=C1C1N=N1,,2.41
train,1891,MFENQPJTQJUNHP-UHFFFAOYSA-N,N#Cc1cnc2c(n1)C(=O)C(n1cc(Cl)nn1)=CC2=O,,2.79
val,1477,JSHZMBNIMJMTIG-UHFFFAOYSA-N,O=C1C=C(c2nnc(S)nn2)C(=O)c2nccnc21,,2.3
val,2831,SBFPMLXJFVFLBH-UHFFFAOYSA-N,O=C1C(c2nncnn2)=C(c2nncnn2)C(=O)c2nccnc21,,2.56
val,3296,WMAGPTUZYRHPMI-CCAGOZQPSA-N,N#Cc1cc(C#N)c2c(n1)C(=O)C(C=C[N+](=O)[O-])=C(C=C[N+](=O)[O-])C2=O,,3.29
val,2006,MTYDNWWHHVJJTL-UHFFFAOYSA-N,O=C1C(c2ccc(S)cn2)=C(c2ccc(S)cn2)C(=O)c2ncccc21,,1.76
val,463,CXXBZCNKZCUOLK-UHFFFAOYSA-N,N#Cc1cnc2c(n1)C(=O)C(c1nc(F)co1)=C(c1nc(F)co1)C2=O,,2.32
val,5056,ZGEVBMPCRGTMLK-FMQUCBEESA-N,C1=CCC(c2ccc(N=Nc3ccc(C4=CC=CC4)o3)o2)=C1,,0.43
val,4634,PIKWSLLRPAJIDA-UHFFFAOYSA-N,O=C1c2ccc(-c3nc(O)co3)cc2C(=O)c2cc(-c3nc(O)co3)ccc21,,1.97
val,2064,NAKYZKSHPFPPGK-UHFFFAOYSA-N,N#Cc1ccnc2c1C(=O)C(c1ncc(Cl)cn1)=C(c1ncc(Cl)cn1)C2=O,,2.76
val,4574,NZVKOQOJZNWYEO-FMQUCBEESA-N,COC#Cc1ccc(N=Nc2ccc(C#COC)cc2)cc1,,1.29
val,4786,SXHLYOKFIAHHDV-UHFFFAOYSA-N,O=Cn1c(S)ccc1-c1ccc2c(c1)C(=O)c1cc(-c3ccc(S)n3C=O)ccc1C2=O,,1.24
val,1724,LKGPIWKWCXSZOD-UHFFFAOYSA-N,COc1nc2c(nc1OC)C(=O)C(c1nc(F)cs1)=C(c1nc(F)cs1)C2=O,,1.89
val,4836,UUFYZVJOYMWMAU-VXPUYCOJSA-N,O=[N+]([O-])c1ccc(-c2ccc(N=Nc3ccc(-c4ccc([N+](=O)[O-])o4)[nH]3)[nH]2)o1,,0.36
val,3091,UXGDBOAHKHXXFQ-UHFFFAOYSA-N,N#Cc1cnc2c(c1)C(=O)C(c1ccc(C(F)(F)F)cn1)=CC2=O,,2.99
val,2444,OWPUABZPCZDVEN-UHFFFAOYSA-N,COc1ccc2c(n1)C(=O)C=C(c1nnc(F)nn1)C2=O,,2.66
val,3018,UPLXDRCTTAXWRP-UHFFFAOYSA-N,Cc1coc(C2=CC(=O)c3nccnc3C2=O)n1,,2.12
val,5018,YNZXZWNGKFZVFG-ISLYRVAYSA-N,c1coc(-c2ccc(N=Nc3ccc(-c4ccco4)s3)s2)c1,,0.75
val,4960,XNWSCCZGXTUIAV-WCWDXBQESA-N,Fc1coc(-c2ccc(N=Nc3ccc(-c4nc(F)co4)cc3)cc2)n1,,1.69
val,1887,MEPQMAOPWRJLTO-UHFFFAOYSA-N,N#Cc1ccc2c(n1)C(=O)C(n1ccnn1)=C(n1ccnn1)C2=O,,2.75
val,931,HCMCKUHJBUAETA-UHFFFAOYSA-N,CN(C)c1nnc(C2=C(c3nnc(N(C)C)nn3)C(=O)c3c(C#N)cc(C#N)nc3C2=O)nn1,,1.93
val,2638,QVNMHIVMEPQTIK-UHFFFAOYSA-N,N#Cc1cc(C#N)c2c(n1)C(=O)C=C(c1ccc([N+](=O)[O-])cn1)C2=O,,3.18
val,1401,JJIKLZXWMQRJDA-UHFFFAOYSA-N,CN(C)c1cn(C2=CC(=O)c3nc(C#N)cnc3C2=O)c2ccccc12,,0.57
val,3499,XJCFVWQLYPAXKN-UHFFFAOYSA-N,COc1cnc2c(c1)C(=O)C(c1ccc([N+](=O)[O-])s1)=CC2=O,,2.37
val,1915,MHVFJLPAEIZKCV-UHFFFAOYSA-N,COc1cnc(C2=CC(=O)c3nccc(C#N)c3C2=O)nc1,,2.48
val,4973,XUDDEHLBXFUORL-DQRAZIAOSA-N,O=[N+]([O-])c1cnc(-c2ccc(N=Nc3ccc(-c4ncc([N+](=O)[O-])cn4)s3)s2)nc1,,1.42
val,638,FCRVKGCBYDPMRY-UHFFFAOYSA-N,N#Cc1cnc2c(c1)C(=O)C(c1cc(F)c[nH]1)=CC2=O,,1.65
val,27,AEHIUOTZEMNJLZ-UHFFFAOYSA-N,N#Cc1cc2c(nc1C#N)C(=O)C(c1ncc(C(F)(F)F)s1)=C(c1ncc(C(F)(F)F)s1)C2=O,,2.49
val,2596,QMCNEYKKYWPULN-CPSFFCFKSA-N,N#Cc1cc(C#N)c2c(n1)C(=O)C=C(C=N)C2=O,,2.95
val,1752,LNXQDMGBLVKASN-UHFFFAOYSA-N,COc1cnc(C2=C(c3ncc(OC)cn3)C(=O)c3nc(C#N)c(C#N)cc3C2=O)nc1,,2.28
val,363,CGFSCXKRDMAROZ-UHFFFAOYSA-N,N#Cc1cc2c(nc1C#N)C(=O)C(C1=CC=CC1)=C(C1=CC=CC1)C2=O,,1.18
val,2542,PHFNDZAVBGGJFI-UHFFFAOYSA-N,O=C1C(n2ccnc2F)=C(n2ccnc2F)C(=O)c2ncccc21,,2.21
val,53,AHQZTGWRVNUGDC-UHFFFAOYSA-N,Cc1cnc(C2=CC(=O)c3ncc(C#N)c(C#N)c3C2=O)s1,,2.12
val,339,CDIMSLYUUADEJM-UHFFFAOYSA-N,N#Cc1ccc2c(n1)C(=O)C=C(c1nc(C(F)(F)F)co1)C2=O,,2.89
val,1831,LXPWRKXJBLSMTA-BBAUMNPJSA-N,CC(O)=NN=CC1=C(C=NN=C(C)O)C(=O)c2nccnc2C1=O,,1.48
val,4349,JVIAWTOETIGNIE-UHFFFAOYSA-N,Cc1ccc(C2(C)N=N2)[nH]1,,1.01
val,677,FILHMSSBJFGTLB-UHFFFAOYSA-N,CN(C)C1=CC=C(C2=C(C3=CC=C(N(C)C)C3)C(=O)c3nccnc3C2=O)C1,,-0.12
val,2915,SKRXQXPUSSCSLC-UHFFFAOYSA-N,N#Cc1ccc2c(n1)C(=O)C(n1cc(S)nn1)=C(n1cc(S)nn1)C2=O,,2.14
val,3407,WYBFZJPOTJUHTA-UHFFFAOYSA-N,N#Cc1cnc2c(n1)C(=O)C=C(c1ncc(O)o1)C2=O,,1.83
val,3064,UVCRONYITYBNNL-UHFFFAOYSA-N,N#Cc1cnc2c(c1)C(=O)C(c1ccc(F)[nH]1)=C(c1ccc(F)[nH]1)C2=O,,0.98
val,7,ABGYAPVQQNIGGD-UHFFFAOYSA-N,CN(C)c1cn(C2=CC(=O)c3ncc(C#N)nc3C2=O)nn1,,1.21
val,2176,NNPDVNAXGACIQX-UHFFFAOYSA-N,CN(C)C1=CC=C(C2=C(C3=CC=C(N(C)C)C3)C(=O)c3ncc(C#N)cc3C2=O)C1,,-0.18
val,4922,WVLJMPMAIXBWFH-DQRAZIAOSA-N,Oc1ccc(-c2ccc(N=Nc3ccc(-c4ccc(O)cn4)o3)o2)nc1,,0.7
val,1380,JHCQCGCDCNGVEV-UHFFFAOYSA-N,N#Cc1cc2c(nc1C#N)C(=O)C=C(c1cc(O)c[nH]1)C2=O,,1.34
val,2917,SLASTOVYMJWIAQ-UHFFFAOYSA-N,COc1cnc2c(n1)C(=O)C(c1ncc(OC(F)(F)F)cn1)=CC2=O,,2.72
val,4505,MRVDIWCRWWNSIW-UHFFFAOYSA-N,c1nnc(C2N=N2)nn1,,2.41
val,2881,SGPOXKAVDOXVEP-UHFFFAOYSA-N,CC(O)=Nc1ccc(C2=C(c3ccc(N=C(C)O)n3C)C(=O)c3ncccc3C2=O)n1C,,0.56
val,129,APPIGFDUDJRVBN-UHFFFAOYSA-N,N#Cc1cc(C#N)c2c(n1)C(=O)C=C(c1cnc(OC(F)(F)F)[nH]1)C2=O,,1.97
val,4083,FADSGBOBFPCRGL-DQRAZIAOSA-N,O=S1(=O)C(O)=CC=C1c1ccc(N=Nc2ccc(C3=CC=C(O)S3(=O)=O)cc2)cc1,,1.25
val,3970,BICVEIWRKBPNNS-UHFFFAOYSA-N,N#CC#Cc1cc(C#N)cc(C#CC#N)c1C#N,,3.24
val,3204,WAHLNOBWSSYNCC-UHFFFAOYSA-N,COc1ccnc2c1C(=O)C(c1ccc(O)[nH]1)=CC2=O,,1.2
val,2435,OVPZMPLASBTWGD-UHFFFAOYSA-N,CC1=CC=C(C2=CC(=O)c3nc(C#N)c(C#N)cc3C2=O)S1(=O)=O,,2.47
val,4245,HXDCISMUJVUYNF-DQRAZIAOSA-N,COC1=CC=C(c2ccc(N=Nc3ccc(C4=CC=C(OC)C4)s3)s2)C1,,0.09
val,1690,KQXJVGJRKWADTR-UHFFFAOYSA-N,O=C1C(n2cc([N+](=O)[O-])nn2)=C(n2cc([N+](=O)[O-])nn2)C(=O)c2ncccc21,,3.39
val,5192,QBFWRVJURPUABK-UHFFFAOYSA,OC#CN1c2ccccc2Nc2ccccc21,,0.32
val,816,GPLXYKWCQVCZRX-UHFFFAOYSA-N,N#Cc1cc2c(nc1C#N)C(=O)C(c1ccc([N+](=O)[O-])s1)=C(c1ccc([N+](=O)[O-])s1)C2=O,,2.48
val,1608,KGJOCUFSULJIPX-UHFFFAOYSA-N,CC(O)=Nc1ccc(C2=C(c3ccc(N=C(C)O)s3)C(=O)c3ncc(C#N)cc3C2=O)s1,,0.84
val,432,CQJWTPFQCFFTMP-UHFFFAOYSA-N,N#Cc1cc2c(nc1C#N)C(=O)C(C#CC(F)(F)F)=C(C#CC(F)(F)F)C2=O,,3.65
val,3650,YQGURTGQLSBXHT-UHFFFAOYSA-N,COc1cnc2c(n1)C(=O)C=C(c1ccc([N+](=O)[O-])[nH]1)C2=O,,2.16
val,1611,KGNXXCUQJBUZAO-UHFFFAOYSA-N,N#Cc1ccnc2c1C(=O)C(c1ccc(F)n1C=O)=C(c1ccc(F)n1C=O)C2=O,,1.61
val,1314,IWXUJJYWFFHTQN-UHFFFAOYSA-N,CC(O)=Nc1coc(C2=CC(=O)c3nc(C#N)ccc3C2=O)n1,,1.86
val,3081,UWKNLWCFFMRKRS-UHFFFAOYSA-N,COc1nc2c(nc1OC)C(=O)C(c1nnc(O)nn1)=C(c1nnc(O)nn1)C2=O,,2.46
val,666,FGWDECPVZNDKRL-UHFFFAOYSA-N,COc1ccc2c(n1)C(=O)C=C(c1ccc(O)s1)C2=O,,1.48
val,1369,JFVQQPGZWUOHTE-UHFFFAOYSA-N,N#Cc1cnc2c(n1)C(=O)C=C(C#CF)C2=O,,3.2
val,3730,ZAKNAMKEHUQOEU-UHFFFAOYSA-N,COc1ccc2c(n1)C(=O)C=C(c1cnc(N=C(C)O)[nH]1)C2=O,,1.29
val,1835,LYGHHHYMVJQPCC-UHFFFAOYSA-N,COc1nnc(C2=CC(=O)c3ncc(C#N)cc3C2=O)nn1,,2.28
val,5020,YOLBCXVMUVLQFI-UHFFFAOYSA-N,N#Cc1cc(-c2ccc(OC(F)(F)F)o2)c(C#N)c(-c2ccc(OC(F)(F)F)o2)c1,,1.7
val,3684,YUZOVSHCWVQVBR-UHFFFAOYSA-N,Cn1c(C2=C(c3ccc([N+](=O)[O-])n3C)C(=O)c3nc(C#N)c(C#N)nc3C2=O)ccc1[N+](=O)[O-],,2.2
val,5340,FDKNGZAKHYPEPM-MRCUWXFGSA,CC1=CC(c2ccc(N3c4ccc(-c5ccc(/C=C\[N+](=O)[O-])cc5)cc4C(C)(C)c4cc(-c5ccc(-c6cc(F)n(C=O)c6)cc5)ccc43)cc2)=CS1(=O)=O,,0.83
val,3268,WIQQKUMXMLJEOS-UHFFFAOYSA-N,COc1cnc2c(n1)C(=O)C(c1nnc(N=C(C)O)nn1)=CC2=O,,2.11
val,347,CENGPYFJEBRNJD-UHFFFAOYSA-N,Cc1coc(C2=CC(=O)c3nc(C#N)c(C#N)nc3C2=O)n1,,2.25
val,1750,LNRRPRLRXHEALB-UHFFFAOYSA-N,N#Cc1cnc2c(n1)C(=O)C(c1nc([N+](=O)[O-])cs1)=CC2=O,,2.95
val,4587,OFJSZMQSSJNTON-OCEACIFDSA-N,N#Cc1coc(-c2ccc(N=Nc3ccc(-c4nc(C#N)co4)cc3)cc2)n1,,2.02
val,3122,VAUGADQQZWQHTC-UHFFFAOYSA-N,COc1cnc2c(n1)C(=O)C=C(c1ncc(F)o1)C2=O,,2.3
val,1325,IZFKWBXPRKTUCY-UHFFFAOYSA-N,O=Cn1c(OC(F)(F)F)ccc1C1=CC(=O)c2ncccc2C1=O,,1.87
val,3300,WMEJFWJSCLNKES-UHFFFAOYSA-N,N#Cc1ccnc2c1C(=O)C(c1cc(O)c[nH]1)=CC2=O,,1.29
val,913,HALLCJOKCNASJI-UHFFFAOYSA-N,COc1cnc2c(c1)C(=O)C(c1ccc(N(C)C)s1)=CC2=O,,0.91
val,3644,YAKJBVKWNIERDY-UHFFFAOYSA-N,N#Cc1ccc2c(n1)C(=O)C(n1cc(F)nn1)=C(n1cc(F)nn1)C2=O,,2.81
val,4158,GIBUFQBNXMFZJR-UHFFFAOYSA-N,N#Cc1cc(C2=CC=C([N+](=O)[O-])C2)c(C#N)c(C2=CC=C([N+](=O)[O-])C2)c1,,2.19
val,2168,NMVYGPDIUJCLKN-UHFFFAOYSA-N,N#Cc1cc(C#N)c2c(n1)C(=O)C=C(c1nnc(S)nn1)C2=O,,2.33
val,1815,LVXXVUCFADDNKT-UHFFFAOYSA-N,O=C1C(C2=CC=C(OC(F)(F)F)C2)=C(C2=CC=C(OC(F)(F)F)C2)C(=O)c2nccnc21,,1.07
val,156,ATROQSUNRBUIFN-HNQUOIGGSA-N,N#Cc1ccnc2c1C(=O)C(C=CF)=CC2=O,,2.65
val,2072,NBRRJCYTJSROBP-UHFFFAOYSA-N,COc1ncc(C2=C(c3cnc(OC)[nH]3)C(=O)c3nc(C#N)c(C#N)cc3C2=O)[nH]1,,1.06
val,3846,ZPRINHWIJQIMFG-UHFFFAOYSA-N,O=C1C(c2ncc(C(F)(F)F)s2)=C(c2ncc(C(F)(F)F)s2)C(=O)c2ncccc21,,2.36
val,4175,GQRCYGIZBXPLRU-FMQUCBEESA-N,O=Cn1c(S)ccc1-c1ccc(N=Nc2ccc(-c3ccc(S)n3C=O)s2)s1,,0.7
val,55,AIAWPYSHTNSXJF-UHFFFAOYSA-N,N#Cc1cnc2c(c1)C(=O)C(c1ccc(C(F)(F)F)o1)=C(c1ccc(C(F)(F)F)o1)C2=O,,2.04
val,1782,LSKMXHMUVZIOLF-UHFFFAOYSA-N,COc1nc2c(nc1OC)C(=O)C(C1=CC=C([N+](=O)[O-])C1)=CC2=O,,2.04
val,1802,LUUSWPAVAVFMPM-UHFFFAOYSA-N,COc1ccc(C2=C(c3ccc(OC)n3C)C(=O)c3nccnc3C2=O)n1C,,0.51
val,3957,BDYLORXWYMEOLC-MWQXNLTMSA-N,FC(F)(F)N=Cc1ccc(N=Nc2ccc(C=NC(F)(F)F)o2)o1,,1.84
val,3721,YZFJBJGJRMZEOK-UHFFFAOYSA-N,COc1cnc2c(n1)C(=O)C=C(c1nnc(C(F)(F)F)nn1)C2=O,,2.67
val,546,DROBYLLLAVSQTC-UHFFFAOYSA-N,CN(C)c1ccc(C2=C(c3ccc(N(C)C)s3)C(=O)c3ncccc3C2=O)s1,,0.16
val,708,FMDKGAWNDWSAHN-UHFFFAOYSA-N,O=C1C(c2cnc(O)[nH]2)=C(c2cnc(O)[nH]2)C(=O)c2ncccc21,,1.02
val,2535,PGJXFZHFCCLEGQ-UHFFFAOYSA-N,N#Cc1ccnc2c1C(=O)C(c1ncc(Cl)o1)=CC2=O,,2.29
val,2599,QMIAUEKPUPSYDM-UHFFFAOYSA-N,Cn1c(OC(F)(F)F)ccc1C1=C(c2ccc(OC(F)(F)F)n2C)C(=O)c2nc(C#N)cnc2C1=O,,1.13
val,4073,DVRXPAXGMPLRHV-ISLYRVAYSA-N,Sc1ccc(-c2ccc(N=Nc3ccc(-c4ccc(S)s4)o3)o2)s1,,0.46
val,3743,ZBZVMORZQQKTEN-UHFFFAOYSA-N,COc1ccnc2c1C(=O)C(c1ccc([N+](=O)[O-])o1)=CC2=O,,2.48
val,953,HFECYTDWKMBBMR-UHFFFAOYSA-N,O=C1C(c2ncc([N+](=O)[O-])cn2)=C(c2ncc([N+](=O)[O-])cn2)C(=O)c2ncccc21,,2.9
val,2883,SGSXYCLBCYEJMU-UHFFFAOYSA-N,COc1ccc2c(n1)C(=O)C=C(c1nc([N+](=O)[O-])cs1)C2=O,,2.52
val,1914,MHTGOABJYPLXPJ-UHFFFAOYSA-N,N#Cc1nc2c(nc1C#N)C(=O)C(c1ccc(O)cc1)=C(c1ccc(O)cc1)C2=O,,1.58
val,35,AFHLKNVTLZXQEP-UHFFFAOYSA-N,Cc1c[nH]c(C2=CC(=O)c3nc(C#N)c(C#N)nc3C2=O)c1,,1.62
val,5413,DVDNZNDSECOFMO-UHFFFAOYSA,CO[C]1=NC=C[C](N=1)c1ccc2c(c1)oc(=O)c1c2cc2ccccc2c1c1n[nH]c(c1)OC,,1.59
val,4523,MYZXZTIAXGTQLV-UHFFFAOYSA-N,Fc1cnc(C2(F)N=N2)nc1,,3.08
val,5314,UBLNYRQAPUKGOU-UHFFFAOYSA,COc1ccc(-c2ccc(N3c4ccc(-c5ccc(-c6ccc(O)cc6)cc5)cc4C(C)(C)c4cc(-c5ccc(-c6cncnc6)cc5)ccc43)cc2)cc1,,0.7
val,4730,ROWJQBZDSJZGRP-UHFFFAOYSA-N,N#Cc1cc(-c2ccc(C#N)n2C=O)c(C#N)c(-c2ccc(C#N)n2C=O)c1,,-0.63
val,5232,HBXABQOHGLENHL-UHFFFAOYSA,Fc1cc(N2c3ccccc3N(c3ccc(F)[nH]3)c3ccccc32)c[nH]1,,0.28
val,866,GVGITRRWFUALEV-UHFFFAOYSA-N,Cn1c(C#N)ccc1C1=C(c2ccc(C#N)n2C)C(=O)c2nccnc2C1=O,,1.77
val,4346,JUDXSGWCARZGAW-HSFFGMMNSA-N,N#Cc1cc(C=CO)c(C#N)c(C=CO)c1,,-1.22
val,512,DNWKQWRTHAPMGC-UHFFFAOYSA-N,N#Cc1nc2c(nc1C#N)C(=O)C(c1nnc(F)nn1)=C(c1nnc(F)nn1)C2=O,,3.01
val,4177,GQSYPWODQFRQIJ-BYYHNAKLSA-N,FC(F)(F)c1ncc(-c2ccc(N=Nc3ccc(-c4cnc(C(F)(F)F)[nH]4)s3)s2)[nH]1,,1.05
val,945,HECNSWVXYZFSQE-UHFFFAOYSA-N,N#Cc1cnc2c(n1)C(=O)C(c1nnc(F)nn1)=C(c1nnc(F)nn1)C2=O,,2.96
val,2852,SDDLQYKYMFXEOT-UHFFFAOYSA-N,N#Cc1nc2c(nc1C#N)C(=O)C(n1cc(C(F)(F)F)nn1)=C(n1cc(C(F)(F)F)nn1)C2=O,,3.34
val,5396,AGBQWKMNXPJDCT-UHFFFAOYSA,O=c1oc2cc(-c3ccc(C(F)(F)F)[nH]3)ccc2c2cc3ccccc3c(-c3cnc([N+](=O)[O-])o3)c12,,1.43
val,1054,HTEDOBXRANDRAH-UHFFFAOYSA-N,COc1nc2c(nc1OC)C(=O)C(c1ncc(OC(F)(F)F)cn1)=CC2=O,,2.4
val,5200,SNKJDZAQGVOMTI-UHFFFAOYSA,C=NON1c2ccccc2N(OC)c2ccccc21,,0.47
val,2790,RWOYXPHLSSLFCT-UHFFFAOYSA-N,N#Cc1cc(C#N)c2c(n1)C(=O)C=C(c1ccc(S)n1C=O)C2=O,,1.47
val,2566,QICXDSZSSFBOGT-UHFFFAOYSA-N,COc1cnc2c(c1)C(=O)C(c1ncc(N=C(C)O)cn1)=CC2=O,,1.99
val,5461,NBIFOXSLLKPASN-LUOAPIJWSA,O=c1oc2cc(-c3ccsc3[N+](=O)[O-])ccc2c2cc3ccccc3c(/C=N/OC(F)(F)F)c12,,1.71
val,4493,MKVRCXSUZXRYQG-UHFFFAOYSA-N,O=C1c2ccc(-c3ccc[nH]3)cc2C(=O)c2cc(-c3ccc[nH]3)ccc21,,1.35
val,270,BUMZJVLKPPSGGE-UHFFFAOYSA-N,N#Cc1cnc2c(n1)C(=O)C(C1=CC=CC1)=CC2=O,,1.64
val,4520,MXLHCQJJQHKRNB-UHFFFAOYSA-N,Oc1coc(C2(O)N=N2)n1,,1.94
val,4269,IGJZAOPSTCTJKB-HSFFGMMNSA-N,N#Cc1cc(C=CF)c(C#N)c(C=CF)c1,,-1.01
val,894,GXPOTFSQRUBIJO-UHFFFAOYSA-N,CC(O)=Nc1coc(C2=CC(=O)c3ncccc3C2=O)n1,,1.76
val,891,GXMWKXLKQXRHLA-UHFFFAOYSA-N,COc1cnc2c(n1)C(=O)C(C#CC#N)=CC2=O,,2.92
val,3768,ZFAWDEXVDJHQDK-UHFFFAOYSA-N,N#Cc1ccc2c(n1)C(=O)C(c1ccco1)=C(c1ccco1)C2=O,,1.38
val,4548,NNLCGKGYRBFIHI-OCEACIFDSA-N,N#Cc1ccc(-c2ccc(N=Nc3ccc(-c4ccc(C#N)cn4)o3)o2)nc1,,1.37
val,3989,BVVQEJRHOTVAAT-DQRAZIAOSA-N,COc1c[nH]c(-c2ccc(N=Nc3ccc(-c4cc(OC)c[nH]4)o3)o2)c1,,0.29
val,3666,YSMGHFQWQJXUJZ-UHFFFAOYSA-N,Cc1ccc(C2=C(c3ccc(C)cn3)C(=O)c3nccnc3C2=O)nc1,,2.02
val,383,CIUQSWXLOUQPPP-UHFFFAOYSA-N,CC(O)=Nc1ccc(C2=CC(=O)c3nccc(C#N)c3C2=O)o1,,1.4
val,2267,OAUMOPGWZIYAIJ-UHFFFAOYSA-N,N#Cc1cnc2c(n1)C(=O)C(c1ccc(Cl)o1)=C(c1ccc(Cl)o1)C2=O,,1.42
val,2886,SHHCQWNACDJRCO-UHFFFAOYSA-N,CN(C)c1ccc(C2=CC(=O)c3nc(C#N)ccc3C2=O)n1C,,0.64
val,842,GSMHXALXLCDNFR-UHFFFAOYSA-N,CN(C)c1cnc(C2=C(c3ncc(N(C)C)o3)C(=O)c3c(C#N)cc(C#N)nc3C2=O)o1,,0.52
val,3446,XCWZTVBZUKVLKN-CCAGOZQPSA-N,N#Cc1cnc2c(c1)C(=O)C(C=CS)=C(C=CS)C2=O,,1.51
val,2652,RGVFTQRCHJOAFP-UHFFFAOYSA-N,N#Cc1cc2c(nc1C#N)C(=O)C(c1ccc([N+](=O)[O-])cn1)=C(c1ccc([N+](=O)[O-])cn1)C2=O,,2.31
val,193,AYDOVXNBTGHAQP-UHFFFAOYSA-N,N#Cc1cnc2c(c1C#N)C(=O)C(c1ccc(O)cc1)=C(c1ccc(O)cc1)C2=O,,1.6
val,1781,LSKLPZMJKIPQSY-UHFFFAOYSA-N,CC(O)=Nc1nccn1C1=CC(=O)c2nc(C#N)c(C#N)nc2C1=O,,1.67
val,987,HLFXFXPEKGMKKB-UHFFFAOYSA-N,COc1ccc2c(n1)C(=O)C=C(c1ncc(Cl)cn1)C2=O,,2.53
val,370,CHHAQDWCSQTNCD-UHFFFAOYSA-N,N#Cc1ccc2c(n1)C(=O)C=C(c1ccc(O)cc1)C2=O,,1.9
val,1866,MBWSXODABREQKC-UHFFFAOYSA-N,Cn1c(S)ccc1C1=C(c2ccc(S)n2C)C(=O)c2c(ncc(C#N)c2C#N)C1=O,,0.85
val,2109,NGDJGIGSZCIBNV-UHFFFAOYSA-N,COc1nc2c(nc1OC)C(=O)C(c1nc(C#N)co1)=CC2=O,,2.44
val,910,GZZKLKACZUTMBB-UHFFFAOYSA-N,COc1cnc(C2=CC(=O)c3nccc(C#N)c3C2=O)s1,,1.68
val,3261,WHTMIBNRSHHRLP-UHFFFAOYSA-N,COc1cnc2c(n1)C(=O)C(C1=CC=C(C#N)S1(=O)=O)=C(C1=CC=C(C#N)S1(=O)=O)C2=O,,2.76
val,3547,XNWDTFZCPZPAQB-UHFFFAOYSA-N,N#Cc1cnc2c(n1)C(=O)C(c1ncc(C(F)(F)F)s1)=CC2=O,,2.84
val,1943,MLWHRJHQYUWELX-UHFFFAOYSA-N,Cc1ccc(C2=CC(=O)c3nc(C#N)c(C#N)cc3C2=O)cc1,,2.16
val,1863,MBRBGRNTFSBPRV-UHFFFAOYSA-N,COc1cnc2c(c1)C(=O)C(c1nc(N=C(C)O)cs1)=CC2=O,,1.69
val,3044,URYNIQPMKSBOKE-UHFFFAOYSA-N,Cc1csc(C2=C(c3nc(C)cs3)C(=O)c3nc(C#N)cnc3C2=O)n1,,1.69
val,1939,MLMOSXQKDKCAGI-UHFFFAOYSA-N,COc1cnc2c(n1)C(=O)C(n1ccnc1S)=C(n1ccnc1S)C2=O,,1.77
val,4816,UIOQQLJJBLCLAV-QPLCGJKRSA-N,COc1ccc(-c2ccc(N=Nc3ccc(-c4ccc(OC)cc4)[nH]3)[nH]2)cc1,,-0.36
val,2314,OHJKTTARWHYEMJ-UHFFFAOYSA-N,CN(C)c1ccc(C2=CC(=O)c3ncc(C#N)nc3C2=O)n1C,,0.69
val,3338,WPMVQUBGBZUKES-UHFFFAOYSA-N,N#Cc1cnc2c(n1)C(=O)C(n1cc(Cl)c3ccccc31)=CC2=O,,1.59
val,2842,SCGSGROXYHGDAI-UHFFFAOYSA-N,CN(C)C1=CC=C(C2=CC(=O)c3ncc(C#N)nc3C2=O)C1,,0.68
val,725,GBVQYCFNAIOZLR-UHFFFAOYSA-N,N#Cc1cc2c(nc1C#N)C(=O)C=C(c1nc(C(F)(F)F)cs1)C2=O,,2.66
val,5299,LUOUVRICSNDCAM-UHFFFAOYSA,CC1(C)c2cc(-c3ccc(OC(F)(F)F)cc3)ccc2N(c2ccc(-c3cc[nH]c3)cc2)c2ccc(-c3ccc(-c4cccnc4)cc3)cc21,,0.73
val,1267,ISEGPXKVTAUPBL-UHFFFAOYSA-N,CN(C)c1nccn1C1=C(n2ccnc2N(C)C)C(=O)c2nccnc2C1=O,,0.95
val,5528,GKCGJIFQDSJBRN-UHFFFAOYSA,Fc1cccc(N2c3ccccc3Sc3ccccc32)c1,,0.67
val,1945,MMEPWWYPOSIWDK-UHFFFAOYSA-N,N#Cc1ccnc2c1C(=O)C(c1nc(O)co1)=C(c1nc(O)co1)C2=O,,1.75
val,748,GEOSZJKXVIALHY-UHFFFAOYSA-N,COc1cnc2c(n1)C(=O)C(n1cc(C#N)nn1)=CC2=O,,2.89
val,4264,IEWIDNXUTWTAAH-PGQPTCQNSA-N,SN=Cc1ccc2ccc3c4ccc5ccc(C=NS)c6ccc(c7ccc1c2c37)c4c56,,0.74
val,3432,XBRVJTRYLRADJW-UHFFFAOYSA-N,N#Cc1ccc2c(n1)C(=O)C(c1cc(Cl)c[nH]1)=C(c1cc(Cl)c[nH]1)C2=O,,1.17
val,1133,ICANMGWNLIYEMY-UHFFFAOYSA-N,COc1nc2c(nc1OC)C(=O)C(n1cc(Cl)nn1)=C(n1cc(Cl)nn1)C2=O,,2.52
val,4486,MGCNBKSGJJONKA-UHFFFAOYSA-N,Fc1ccc(C2(F)N=N2)nc1,,2.66
val,2121,NHMBQZMFRVHQMQ-UHFFFAOYSA-N,Cc1ccc(C2=CC(=O)c3ncc(C#N)nc3C2=O)nc1,,2.37
val,4389,KKQUYSZCWDVINF-FLWNBWAVSA-N,FC(F)(F)OC1=CC=C(c2ccc(N=Nc3ccc(C4=CC=C(OC(F)(F)F)C4)[nH]3)[nH]2)C1,,0.3
val,1187,IJRTWAGPZVLLLE-UHFFFAOYSA-N,COc1cnc2c(n1)C(=O)C(c1ccc(Cl)cn1)=C(c1ccc(Cl)cn1)C2=O,,1.8
val,612,FAKDYFWIYCKRGI-UHFFFAOYSA-N,N#Cc1ccc2c(n1)C(=O)C=C(c1nnc(S)nn1)C2=O,,2.32
val,1437,JMLXDACZSVIIEW-QLKAYGNNSA-N,N#Cc1cnc2c(n1)C(=O)C=C(C=NO)C2=O,,2.82
val,3797,ZIOGPXYZSFGQLO-UHFFFAOYSA-N,N#Cc1cnc2c(c1)C(=O)C(c1nnc(C(F)(F)F)nn1)=C(c1nnc(C(F)(F)F)nn1)C2=O,,2.95
val,515,DOAQEOPJKBFKRE-UHFFFAOYSA-N,COc1cnc(C2=C(c3ncc(OC)cn3)C(=O)c3nc(C#N)ccc3C2=O)nc1,,2.24
val,5407,CMPSTHTTWGOAPW-UHFFFAOYSA,N#CC#Cc1c2ccccc2cc2c1c(=O)oc1cc(-c3cnc(OC(F)(F)F)o3)ccc12,,1.57
val,1922,MISHVPPKBCAQBX-UHFFFAOYSA-N,Cc1ncc(C2=C(c3cnc(C)[nH]3)C(=O)c3nc(C#N)c(C#N)nc3C2=O)[nH]1,,1.32
val,1640,KKCANEIOGFBGGX-UHFFFAOYSA-N,N#Cc1cc(C#N)c2c(n1)C(=O)C(c1nnc(C#N)nn1)=C(c1nnc(C#N)nn1)C2=O,,3.0
val,276,BVHLECMGVXAQCB-UHFFFAOYSA-N,N#Cc1ccc2c(n1)C(=O)C(c1ncc(OC(F)(F)F)s1)=C(c1ncc(OC(F)(F)F)s1)C2=O,,1.97
val,4278,IIMMTZQVKQHJIB-FMQUCBEESA-N,N#CC#Cc1ccc(N=Nc2ccc(C#CC#N)[nH]2)[nH]1,,1.19
val,3531,XMCFAIPYVHHJMM-UHFFFAOYSA-N,CC(O)=Nc1csc(C2=CC(=O)c3nccnc3C2=O)n1,,1.61
val,1201,IKSHBRJVONPJIG-UHFFFAOYSA-N,N#Cc1nc2c(nc1C#N)C(=O)C(c1ccc(Cl)cc1)=C(c1ccc(Cl)cc1)C2=O,,2.11
val,3213,WCDOAGHYTGZSJB-UHFFFAOYSA-N,N#Cc1cnc(C2=CC(=O)c3ncc(C#N)nc3C2=O)nc1,,2.97
val,5039,YWZJLCKUEBIUGH-VHXPQNKSSA-N,Cn1c(F)ccc1-c1ccc(N=Nc2ccc(-c3ccc(F)n3C)[nH]2)[nH]1,,-0.42
val,4699,QXXZMVAHNVGQPA-VVAFTLCXSA-N,N=Cc1ccc2ccc3c4ccc5ccc(C=N)c6ccc(c7ccc1c2c37)c4c56,,0.82
val,1211,ILMZSMWGRLCUAY-UHFFFAOYSA-N,CN(C)C1=CC=C(C2=CC(=O)c3nc(C#N)cnc3C2=O)S1(=O)=O,,1.5
val,2721,RODDXQVPXNCBSH-UHFFFAOYSA-N,O=C1C(c2cnc(OC(F)(F)F)[nH]2)=C(c2cnc(OC(F)(F)F)[nH]2)C(=O)c2ncccc21,,1.5
val,1392,JIGATXYUTAHFBA-UHFFFAOYSA-N,N#Cc1nc2c(nc1C#N)C(=O)C(c1ncc(OC(F)(F)F)o1)=CC2=O,,2.45
val,1125,IAVNXVVMAWTSEL-VTBWALSUSA-N,CN(C)C=CC1=C(C=CN(C)C)C(=O)c2nccnc2C1=O,,0.3
val,4125,FTMYJLFIPCHZTR-UHFFFAOYSA-N,O=C1c2ccc(-c3nnc(S)nn3)cc2C(=O)c2cc(-c3nnc(S)nn3)ccc21,,2.63
val,1286,IUKUXKVXEWBQMZ-UHFFFAOYSA-N,COc1cnc2c(n1)C(=O)C(c1nnc(C#N)nn1)=C(c1nnc(C#N)nn1)C2=O,,2.94
val,5547,WTZXRBRJMOGYNS-UHFFFAOYSA,ClN1c2ccccc2Sc2ccccc21,,0.9
val,4180,GRSQEIRQXVSEST-UHFFFAOYSA-N,N#Cc1cc(-c2nnc(Cl)nn2)c(C#N)c(-c2nnc(Cl)nn2)c1,,2.64
val,4422,KZXQANUVFJQDNS-FMQUCBEESA-N,Cc1coc(-c2ccc(N=Nc3ccc(-c4nc(C)co4)s3)s2)n1,,1.11
val,3469,XFKXHXWOQMKHGJ-UHFFFAOYSA-N,N#Cc1ccc2c(n1)C(=O)C=C(c1ccc([N+](=O)[O-])cc1)C2=O,,2.91
val,926,HCASDGWKXVVBFU-UHFFFAOYSA-N,N#Cc1cnc2c(c1)C(=O)C(c1nnc(S)nn1)=CC2=O,,2.31
val,294,BXALMBMEOQEHSI-UHFFFAOYSA-N,N#Cc1cnc2c(n1)C(=O)C(c1ccc(F)cc1)=C(c1ccc(F)cc1)C2=O,,2.07
val,3686,YVHRXSRXINSDSI-UHFFFAOYSA-N,Cc1ccc(C2=C(c3ccc(C)cn3)C(=O)c3c(ncc(C#N)c3C#N)C2=O)nc1,,2.16
val,1216,ILRWEKVXFBSJRY-UHFFFAOYSA-N,N#Cc1cnc2c(n1)C(=O)C=C(C#CCl)C2=O,,3.38
val,5472,PXJIKFMNGYCXCF-GATIEOLUSA,O=c1oc2cc(-c3ccnc(Cl)n3)ccc2c2cc3ccccc3c(/C=N\O)c12,,1.68
val,5231,HBTPVYHZUWTJES-UHFFFAOYSA,O=[N+]([O-])c1cc(N2c3ccccc3N(c3ccc([N+](=O)[O-])[nH]3)c3ccccc32)c[nH]1,,0.51
val,669,FHBNLHFOYFPPOG-UHFFFAOYSA-N,N#Cc1cc2c(nc1C#N)C(=O)C=C(c1cnc(S)[nH]1)C2=O,,1.72
val,5442,KDVJCDKJYSMKPK-UHFFFAOYSA,Cc1ccc2c(c1)oc(=O)c1c(-c3nc(C#N)cs3)c3ccccc3cc12,,1.62
val,1603,KFQPUSNZOSGVGI-UHFFFAOYSA-N,COc1ccc2c(n1)C(=O)C=C(c1ncc(C#N)s1)C2=O,,2.5
val,1605,KFWQELXOTJWUQY-UHFFFAOYSA-N,C#CC1=CC(=O)c2nc(C#N)c(C#N)cc2C1=O,,3.25
val,4766,SGNSTVSLEXEUOI-UHFFFAOYSA-N,COc1ccc(-c2cc(C#N)cc(-c3ccc(OC)o3)c2C#N)o1,,-1.37
val,3658,YROSUVPLMVTVAO-UHFFFAOYSA-N,N#Cc1nc2c(nc1C#N)C(=O)C(c1nnc([N+](=O)[O-])nn1)=C(c1nnc([N+](=O)[O-])nn1)C2=O,,3.27
val,5319,WZOKFCJDUOHRDY-UHFFFAOYSA,CC1(C)c2cc(-c3ccc(S)cc3)ccc2N(c2ccccc2)c2ccc(-c3ccc(OC(F)(F)F)cc3)cc21,,0.7
val,1034,HQVBFZIRVHZXJT-VVEIRKSESA-N,N#CN=CC1=C(C=NC#N)C(=O)c2c(ncc(C#N)c2C#N)C1=O,,3.35
val,5473,PXMSXOZKZWYDAT-UHFFFAOYSA,Cc1ccc2c(c1)oc(=O)c1cc3ccccc3cc12,,1.49
val,1329,JABKWCJVPVOYOK-UHFFFAOYSA-N,COc1ccnc2c1C(=O)C(c1ncc(O)cn1)=CC2=O,,2.31
val,4261,IDTVAHHFYSDNMA-OCEACIFDSA-N,FC(F)(F)c1csc(-c2ccc(N=Nc3ccc(-c4nc(C(F)(F)F)cs4)s3)s2)n1,,1.34
val,357,CFQQAZCHBWTGTE-UHFFFAOYSA-N,COc1cnc2c(n1)C(=O)C=C(n1cc(N(C)C)nn1)C2=O,,1.17
val,3765,ZEQLNZRFYFUMTK-UHFFFAOYSA-N,CC(O)=Nc1ccc(C2=C(c3ccc(N=C(C)O)cc3)C(=O)c3c(ncc(C#N)c3C#N)C2=O)cc1,,1.39
val,3932,ASXQSPLVGNGJLQ-UHFFFAOYSA-N,O=C1c2ccc(-c3ccc(S)[nH]3)cc2C(=O)c2cc(-c3ccc(S)[nH]3)ccc21,,1.15
val,2215,NTDHOCOUNFMGAU-UHFFFAOYSA-N,COc1ccnc2c1C(=O)C(c1ccc(O)n1C=O)=CC2=O,,1.41
val,541,DQXYPRNOOHTOJA-UHFFFAOYSA-N,N#Cc1cnc2c(n1)C(=O)C(c1nc([N+](=O)[O-])co1)=CC2=O,,3.09
val,4771,SLWVFYRLDSROPP-WCWDXBQESA-N,O=Cn1cccc1-c1ccc(N=Nc2ccc(-c3cccn3C=O)cc2)cc1,,1.32
val,4920,WVBQAPORXBSOSF-XHVJHNBZSA-N,ClC=Cc1ccc(N=Nc2ccc(C=CCl)o2)o1,,0.93
val,642,FDLJMMVXCSLTCT-UHFFFAOYSA-N,N#Cc1nc2c(nc1C#N)C(=O)C(c1nnc(S)nn1)=CC2=O,,2.35
val,272,BUTHBEKSEZCINS-UHFFFAOYSA-N,N#Cc1cnc2c(c1C#N)C(=O)C(C#COC(F)(F)F)=CC2=O,,2.92
val,405,CMMGKCDLQFLSKY-UHFFFAOYSA-N,Cc1ccc(C2=CC(=O)c3nc(C#N)ccc3C2=O)[nH]1,,1.37
val,2611,QNQJPUONTGVTBL-UHFFFAOYSA-N,COc1nc2c(nc1OC)C(=O)C(c1ccc([N+](=O)[O-])s1)=CC2=O,,2.33
val,4154,GGKQLHMRMIRNRP-VHXPQNKSSA-N,C1=CCC(c2ccc(N=Nc3ccc(C4=CC=CC4)cc3)cc2)=C1,,0.82
val,4781,SUZZXDDMFIUOCE-UHFFFAOYSA-N,N#Cc1cc(-c2ccc(F)cn2)c(C#N)c(-c2ccc(F)cn2)c1,,-0.9
val,4227,HQNBDAOJHKGJIX-UHFFFAOYSA-N,N#Cc1cc(-c2ncc(O)o2)c(C#N)c(-c2ncc(O)o2)c1,,-1.02
val,2588,QLDRAPWCLCBPQQ-UHFFFAOYSA-N,N#Cc1ccc2c(n1)C(=O)C=CC2=O,,3.52
val,1703,KTNVJRLYSRIJIH-UHFFFAOYSA-N,O=C1C(C2=CC=C(C(F)(F)F)C2)=C(C2=CC=C(C(F)(F)F)C2)C(=O)c2nccnc21,,1.75
val,1460,JQDZVRDFLYVYLJ-UHFFFAOYSA-N,N#Cc1c[nH]c(C2=CC(=O)c3ncc(C#N)c(C#N)c3C2=O)c1,,1.93
val,4121,FSHGDHWXDWQWLY-BYYHNAKLSA-N,FC(F)(F)c1c[nH]c(-c2ccc(N=Nc3ccc(-c4cc(C(F)(F)F)c[nH]4)o3)o2)c1,,0.75
val,389,CJLYXTHUJMJHEM-UHFFFAOYSA-N,N#Cc1nc2c(nc1C#N)C(=O)C(C1=CC=C(C(F)(F)F)C1)=C(C1=CC=C(C(F)(F)F)C1)C2=O,,1.78
val,5291,IJOUWVXSOWTKOV-UHFFFAOYSA,CO[C]1=N[CH]C(=CN=1)c1ccc(cc1)N1c2ccc(cc2C(c2c1ccc(c2)c1ccc(cc1)C1=CN=[C](=N[CH]1)OC)(C)C)c1ccc(cc1)C1=CN=[C](=N[CH]1)OC,,0.76
val,1409,JKCASEIFUHDRMR-UHFFFAOYSA-N,CC(O)=Nc1ccc(C2=CC(=O)c3nccnc3C2=O)n1C,,1.02
val,3655,YREHOACUWGDUCR-UHFFFAOYSA-N,COc1ccc2c(n1)C(=O)C=C(c1ccc(O)[nH]1)C2=O,,1.06
val,2396,OQVVXGFOHGZADD-UHFFFAOYSA-N,COc1cnc2c(n1)C(=O)C=C(c1nc(F)co1)C2=O,,2.33
val,5062,ZIZZUWNWIMBSAR-ZCXUNETKSA-N,FC#Cc1ccc(N=Nc2ccc(C#CF)[nH]2)[nH]1,,0.72
val,1853,MAPKAOVBQQDJNI-UHFFFAOYSA-N,CN(C)c1c[nH]c(C2=CC(=O)c3ncccc3C2=O)c1,,0.63
val,487,DKYCKRHETBXGJA-UHFFFAOYSA-N,Cc1ccc(C2=C(c3ccc(C)s3)C(=O)c3nc(C#N)cnc3C2=O)s1,,1.31
val,1062,HUKZCZUGTMPNNA-UHFFFAOYSA-N,N#Cc1cc(C#N)c2c(n1)C(=O)C(c1ccc(S)s1)=C(c1ccc(S)s1)C2=O,,1.2
val,2274,OBMUJNPARLESKE-UHFFFAOYSA-N,Cn1c(OC(F)(F)F)ccc1C1=CC(=O)c2nc(C#N)c(C#N)nc2C1=O,,1.61
val,2996,UMQLLXIJNCMLAK-UHFFFAOYSA-N,N#Cc1cnc2c(n1)C(=O)C(C1=CC=C(Cl)C1)=C(C1=CC=C(Cl)C1)C2=O,,1.2
val,5042,YZFXKRKWQLVXQM-UQTXLMIWSA-N,SC=Cc1ccc(N=Nc2ccc(C=CS)[nH]2)[nH]1,,-0.54
val,3437,XBXSMHRQDDFZQI-UHFFFAOYSA-N,N#Cc1nc2c(nc1C#N)C(=O)C(C1=CC=CS1(=O)=O)=CC2=O,,2.81
val,929,HCJHBCWSMKAPNY-UHFFFAOYSA-N,O=Cn1cccc1C1=C(c2cccn2C=O)C(=O)c2ncccc2C1=O,,1.6
val,1667,KOEVFPHZOKYCOZ-UHFFFAOYSA-N,COc1cnc2c(n1)C(=O)C(c1ncc(F)s1)=CC2=O,,2.21
val,3484,XHKWQTANNURQIN-UHFFFAOYSA-N,O=C1C(c2cnc(S)[nH]2)=C(c2cnc(S)[nH]2)C(=O)c2nccnc21,,0.98
val,1130,IBTISSNMGLFLKA-UHFFFAOYSA-N,Cn1c(S)ccc1C1=C(c2ccc(S)n2C)C(=O)c2ncccc2C1=O,,0.79
val,2079,NCDAONNVHJTJAD-UHFFFAOYSA-N,COc1cnc2c(n1)C(=O)C(C1=CC=C(C(F)(F)F)S1(=O)=O)=CC2=O,,2.79
val,2868,SFAQKBSMUKFJGR-UHFFFAOYSA-N,N#Cc1nc2c(nc1C#N)C(=O)C(n1cc(Cl)c3ccccc31)=C(n1cc(Cl)c3ccccc31)C2=O,,1.48
val,299,BXVLVODCNHUWKO-UHFFFAOYSA-N,N#Cc1cnc2c(n1)C(=O)C(c1ccccn1)=CC2=O,,2.65
val,1358,JDXADEDMVFVGFG-UHFFFAOYSA-N,N#Cc1cnc2c(c1)C(=O)C(c1ccc([N+](=O)[O-])s1)=CC2=O,,2.53
val,5316,URHRVFBVHFUNFS-UHFFFAOYSA,FC(O[C]1=N[CH]C(=CN=1)c1ccc(cc1)N1c2ccc(cc2C(c2c1ccc(c2)c1ccc(cc1)C1=CN=[C](=N[CH]1)OC(F)(F)F)(C)C)c1ccc(cc1)C1=CN=[C](=N[CH]1)OC(F)(F)F)(F)F,,0.77
val,991,HLINFIRWAXEOGE-UHFFFAOYSA-N,N#Cc1cc(C#N)c2c(n1)C(=O)C(c1cc(C(F)(F)F)c[nH]1)=C(c1cc(C(F)(F)F)c[nH]1)C2=O,,1.53
val,4992,YDJAGHQEEIVKPW-ISLYRVAYSA-N,Oc1ccc(-c2ccc(N=Nc3ccc(-c4ccc(O)s4)s3)s2)s1,,0.5
val,4503,MRANAFHCHCCNBT-OCEACIFDSA-N,FC(F)(F)c1cnc(-c2ccc(N=Nc3ccc(-c4ncc(C(F)(F)F)o4)s3)s2)o1,,1.5
val,3812,ZKZPLSHAPICDAT-UHFFFAOYSA-N,N#Cc1cnc2c(c1C#N)C(=O)C(n1ccnn1)=C(n1ccnn1)C2=O,,2.83
val,2802,RXYRGIRNGUXMNX-UHFFFAOYSA-N,N#Cc1nc2c(nc1C#N)C(=O)C(c1ccc(OC(F)(F)F)s1)=CC2=O,,2.07
val,3252,WGRHJMHJCUVLQC-UHFFFAOYSA-N,N#Cc1cc2c(nc1C#N)C(=O)C=C(c1ncc(OC(F)(F)F)s1)C2=O,,2.32
val,481,DFHZLNKKFMGIQA-UHFFFAOYSA-N,O=C1C(c2ncc(C(F)(F)F)o2)=CC(=O)c2ncccc21,,2.81
val,1331,JAKKLWDXPUYAIR-ZPUQHVIOSA-N,O=C1C(C=CC(F)(F)F)=C(C=CC(F)(F)F)C(=O)c2nccnc21,,2.73
val,3870,ZRUISNQVUQYJJG-UHFFFAOYSA-N,N#Cc1cc(C#N)c2c(n1)C(=O)C(C1=CC=C(C(F)(F)F)S1(=O)=O)=C(C1=CC=C(C(F)(F)F)S1(=O)=O)C2=O,,2.98
val,1972,MPLMLYWNAUUYPJ-UHFFFAOYSA-N,N#Cc1ccc(C2=CC(=O)c3nc(C#N)cnc3C2=O)cc1,,2.8
val,243,BQWXOFNZXUKBQI-UHFFFAOYSA-N,N#Cc1cnc2c(c1)C(=O)C(c1ccc(C#N)n1C=O)=C(c1ccc(C#N)n1C=O)C2=O,,2.27
val,3266,WIGGKEKUZHZHNA-UHFFFAOYSA-N,N#Cc1cnc2c(n1)C(=O)C(c1cnc(Cl)[nH]1)=CC2=O,,2.0
val,4624,OZMKGQOFGIVELM-VHXPQNKSSA-N,Sc1ccc(-c2ccc(N=Nc3ccc(-c4ccc(S)cn4)[nH]3)[nH]2)nc1,,0.39
val,756,GFYAWUJOKOSDNK-UHFFFAOYSA-N,C=CC1=C(C=C)C(=O)c2ncc(C#N)cc2C1=O,,2.13
val,3474,XFQHZAWZIIPQMS-UHFFFAOYSA-N,COc1cnc2c(n1)C(=O)C=C(n1cc(Cl)nn1)C2=O,,2.73
val,2238,NWXVMCQSAOEARD-UHFFFAOYSA-N,CC(O)=Nc1cnc(C2=C(c3ncc(N=C(C)O)cn3)C(=O)c3c(C#N)ccnc3C2=O)nc1,,2.0
val,5423,GZUWUNYRVZEVFE-UHFFFAOYSA,C=CCc1ccc2c(c1)oc(=O)c1c(-c3nc(Cl)cs3)c3ccccc3cc12,,1.61
val,1335,JAZYURWCKINMOF-UHFFFAOYSA-N,Cn1c(S)ccc1C1=C(c2ccc(S)n2C)C(=O)c2c(C#N)cc(C#N)nc2C1=O,,0.88
val,3892,ZTUUNIJPIVSUMW-UHFFFAOYSA-N,N#Cc1cnc2c(n1)C(=O)C=C(n1cc([N+](=O)[O-])nn1)C2=O,,3.61
val,687,FJLBSKCXTNXILR-UHFFFAOYSA-N,CC(O)=Nc1ncc(C2=CC(=O)c3ncccc3C2=O)[nH]1,,1.29
val,4438,LHKQAPDMRCMVMH-WLCXKFCSSA-N,ClC=Cc1ccc(N=Nc2ccc(C=CCl)cc2)cc1,,1.51
val,3344,WQJFNNFZCDGLQC-UHFFFAOYSA-N,N#Cc1cc2c(nc1C#N)C(=O)C=C(c1ccc(S)[nH]1)C2=O,,1.17
val,886,GWXWBEBTLIIMRN-UHFFFAOYSA-N,COc1cnc2c(n1)C(=O)C=C(c1ccc(N=C(C)O)cn1)C2=O,,1.7
val,952,HEZHXSHFSFFHSZ-UHFFFAOYSA-N,CN(C)c1ccc(C2=C(c3ccc(N(C)C)[nH]3)C(=O)c3nc(C#N)c(C#N)cc3C2=O)[nH]1,,-0.1
val,3652,YQQNMFNRROUNGZ-UHFFFAOYSA-N,CN(C)c1ccc(C2=C(c3ccc(N(C)C)n3C)C(=O)c3ncccc3C2=O)n1C,,0.11
val,2549,PHWMYLDYPLOIGR-UHFFFAOYSA-N,CC1=CC=C(C2=C(C3=CC=C(C)S3(=O)=O)C(=O)c3nc(C#N)c(C#N)cc3C2=O)S1(=O)=O,,2.18
val,2248,NXYZFGVCBBKGKY-UHFFFAOYSA-N,CC#CC1=CC(=O)c2nccc(C#N)c2C1=O,,2.76
val,1583,KEDIOYNHIKUQBX-UHFFFAOYSA-N,CC(O)=NC#CC1=CC(=O)c2ncccc2C1=O,,2.03
val,4599,OJUDDNUXMGCXRM-GFIWHYBVSA-N,N#Cc1cc(C=NO)c(C#N)c(C=NO)c1,,-0.91
val,1028,HQEYVMILNBBSKH-UHFFFAOYSA-N,CC(O)=Nc1cnc(C2=CC(=O)c3ncccc3C2=O)o1,,1.65
val,1661,KNITTYRFQKVSHB-UHFFFAOYSA-N,N#Cc1ccnc2c1C(=O)C(c1ncc([N+](=O)[O-])o1)=C(c1ncc([N+](=O)[O-])o1)C2=O,,3.1
val,221,BBMIIWBFPKRYLZ-UHFFFAOYSA-N,COc1cnc2c(n1)C(=O)C(c1nc(C#N)cs1)=C(c1nc(C#N)cs1)C2=O,,2.4
val,4842,UWYCWGVQWXUALU-BUHFOSPRSA-N,Sc1nnc(-c2ccc(N=Nc3ccc(-c4nnc(S)nn4)o3)o2)nn1,,1.48
val,775,GIVGFAPESNFGNF-RZNTYIFUSA-N,N#Cc1cnc2c(c1)C(=O)C(C=NO)=CC2=O,,2.9
val,4390,KKUQQWPRCOLPOU-FLWNBWAVSA-N,FC(F)(F)c1coc(-c2ccc(N=Nc3ccc(-c4nc(C(F)(F)F)co4)cc3)cc2)n1,,1.53
val,2598,QMHXNUHNXUAIKP-UHFFFAOYSA-N,COc1ccnc2c1C(=O)C(c1nc(N=C(C)O)cs1)=CC2=O,,1.52
val,1213,ILOXMAFZRSGXDX-UHFFFAOYSA-N,O=C1C(c2nc(F)cs2)=C(c2nc(F)cs2)C(=O)c2nccnc21,,2.0
val,2959,UJNJQBSHMXKQCB-UHFFFAOYSA-N,O=C1C(C2=CC=CC2)=C(C2=CC=CC2)C(=O)c2nccnc21,,1.09
val,4403,KRUMPIYRKNRXGF-AFPVCRNPSA-N,OC=Cc1ccc(N=Nc2ccc(C=CO)cc2)cc1,,1.13
val,4722,RLNGOQFOPWYVGF-VXRZQSTGSA-N,FC=Cc1ccc(N=Nc2ccc(C=CF)[nH]2)[nH]1,,0.55
val,4277,IIJOFLGKCVZISI-UHFFFAOYSA-N,N#Cc1cc(-c2ncc(S)s2)c(C#N)c(-c2ncc(S)s2)c1,,1.6
val,3108,UZKWRQNHRLTBHE-UHFFFAOYSA-N,O=C1C=C(c2ccc(O)s2)C(=O)c2nccnc21,,1.53
val,1857,MBBPWOMGQGJZBC-UHFFFAOYSA-N,N#Cc1ccc2c(n1)C(=O)C(c1ccc(O)cc1)=C(c1ccc(O)cc1)C2=O,,1.53
val,1869,MCEPMMICASUTGQ-UHFFFAOYSA-N,COc1ccnc2c1C(=O)C(c1ccc(S)[nH]1)=CC2=O,,1.05
val,3608,XWMDSYAZZXQDHF-UHFFFAOYSA-N,N#Cc1cnc2c(c1C#N)C(=O)C(c1ncc([N+](=O)[O-])s1)=C(c1ncc([N+](=O)[O-])s1)C2=O,,2.82
val,4062,DOYMAAFUYSNDCW-VXPUYCOJSA-N,O=[N+]([O-])C1=CC=C(c2ccc(N=Nc3ccc(C4=CC=C([N+](=O)[O-])C4)s3)s2)C1,,1.02
val,303,BYJYSFDEBFNURB-UHFFFAOYSA-N,N#Cc1cc2c(nc1C#N)C(=O)C=C(c1ncc(O)s1)C2=O,,1.83
val,3855,ZQOUZGUTDDWQSG-UHFFFAOYSA-N,N#Cc1cc2c(nc1C#N)C(=O)C(c1ncc(S)s1)=C(c1ncc(S)s1)C2=O,,1.39
val,5525,DUFNGTGYCZMZAO-UHFFFAOYSA,C=NCN1c2ccccc2Sc2ccccc21,,0.78
val,3370,WUFVQRDDXVNHRN-UHFFFAOYSA-N,N#Cc1nc2c(nc1C#N)C(=O)C(c1cc(C(F)(F)F)c[nH]1)=CC2=O,,1.99
val,3076,UWGHCNJRQWFJMD-UHFFFAOYSA-N,COc1cnc2c(n1)C(=O)C(c1nnc(OC)nn1)=CC2=O,,2.29
val,2464,OYYDZWMCBWJKJP-UHFFFAOYSA-N,CC(O)=Nc1c[nH]c(C2=CC(=O)c3nc(C#N)c(C#N)nc3C2=O)c1,,1.29
val,455,CVCZUKRJDBRFLT-UHFFFAOYSA-N,CN(C)c1ccc(C2=C(c3ccc(N(C)C)cc3)C(=O)c3nc(C#N)ccc3C2=O)cc1,,0.76
val,2939,UGPXXEOPGBEWOW-UHFFFAOYSA-N,CC(O)=Nc1nnc(C2=CC(=O)c3nc(C#N)c(C#N)nc3C2=O)nn1,,2.06
val,2607,QNCDDDSUUZGXQO-UHFFFAOYSA-N,COc1ccnc2c1C(=O)C(c1cnc(F)[nH]1)=CC2=O,,1.81
val,5191,PLHFEBBUYUAJJV-UHFFFAOYSA,O=[N+]([O-])c1nc(N2c3ccccc3Nc3ccccc32)co1,,0.44
val,3992,BXNYECZHWNLIPS-UHFFFAOYSA-N,N#CC#CC1(C#N)N=N1,,3.64
val,3596,XVFWSAOACBFORP-UHFFFAOYSA-N,O=C1C(c2ncccn2)=CC(=O)c2ncccc21,,2.48
val,5001,YHNUAYSEBUKOJD-VHXPQNKSSA-N,N#Cc1csc(-c2ccc(N=Nc3ccc(-c4nc(C#N)cs4)[nH]3)[nH]2)n1,,0.44
val,1552,KAQFUNHCEHZMEC-UHFFFAOYSA-N,N#Cc1ccc2c(n1)C(=O)C(c1nnc(S)nn1)=C(c1nnc(S)nn1)C2=O,,2.41
val,2524,PFQJDNGOXQFNNS-UHFFFAOYSA-N,N#Cc1cc(C#N)c2c(n1)C(=O)C(c1ncc(F)o1)=C(c1ncc(F)o1)C2=O,,2.18
val,3270,WIWWWAYEKZISBO-UHFFFAOYSA-N,N#Cc1ccc2c(n1)C(=O)C(c1ncc(F)s1)=C(c1ncc(F)s1)C2=O,,1.87
val,4595,OJFBAGYPOFXMPY-DQRAZIAOSA-N,Cn1c(Cl)ccc1-c1ccc(N=Nc2ccc(-c3ccc(Cl)n3C)s2)s1,,0.54
val,4442,LJDXSTNIBCAULL-UHFFFAOYSA-N,Cn1c(F)ccc1-c1ccc2c(c1)C(=O)c1cc(-c3ccc(F)n3C)ccc1C2=O,,1.24
val,4891,WBVXYFYRGLTZKS-UHFFFAOYSA-N,Clc1cnc(C2(Cl)N=N2)o1,,2.37
val,2362,OMCQVIKFAKBFDZ-UHFFFAOYSA-N,COC1=CC=C(C2=C(C3=CC=C(OC)C3)C(=O)c3nc(C#N)ccc3C2=O)C1,,0.51
val,4187,GVFYPBOGKUTCEJ-NURZGURASA-N,ClC=COC=Cc1ccc(N=Nc2ccc(C=COC=CCl)s2)s1,,0.66
val,3845,ZPMYCJVTDBYENV-UHFFFAOYSA-N,N#Cc1cnc2c(n1)C(=O)C(c1ncc(F)o1)=CC2=O,,2.49
val,682,FITGFVFKFLSMSZ-UHFFFAOYSA-N,COc1cnc2c(c1)C(=O)C(C1=CC=C(OC(F)(F)F)C1)=CC2=O,,1.48
val,3847,ZPRKZBPBEFCJAW-UHFFFAOYSA-N,CN(C)c1ccc(C2=C(c3ccc(N(C)C)n3C)C(=O)c3nc(C#N)cnc3C2=O)n1C,,0.2
val,3799,ZIZOJHMWVIAIBO-UHFFFAOYSA-N,O=C1C(C2=CC=C(F)C2)=C(C2=CC=C(F)C2)C(=O)c2ncccc21,,1.05
val,1307,IWGSCPNMXZLEMQ-UHFFFAOYSA-N,COc1ccnc2c1C(=O)C(c1ccc([N+](=O)[O-])cn1)=CC2=O,,2.84
val,1826,LXDHPLABZWLKTG-UHFFFAOYSA-N,COC1=CC=C(C2=CC(=O)c3ncc(C#N)c(C#N)c3C2=O)C1,,1.19
val,4303,ISYFGKVSQIFLNE-ISLYRVAYSA-N,Oc1coc(-c2ccc(N=Nc3ccc(-c4nc(O)co4)o3)o2)n1,,1.05
val,1560,KBPSIDIYHBGSNC-UHFFFAOYSA-N,N#Cc1cc(C#N)c2c(n1)C(=O)C(c1ccc(S)cn1)=C(c1ccc(S)cn1)C2=O,,1.81
val,1538,JZCGJKHNKYJDGV-ZPUQHVIOSA-N,N#Cc1cnc2c(n1)C(=O)C(C=CO)=C(C=CO)C2=O,,1.38
val,1609,KGLUFWVEOGSQTM-DUXPYHPUSA-N,N#Cc1ccnc2c1C(=O)C(C=CS)=CC2=O,,1.8
val,1678,KPYAXAWCMYCSAJ-UHFFFAOYSA-N,COc1ccc2c(n1)C(=O)C=C(C#CN(C)C)C2=O,,1.31
val,300,BXXFMFFMUUAWLN-UHFFFAOYSA-N,COc1cnc2c(n1)C(=O)C(C#CC#N)=C(C#CC#N)C2=O,,2.97
val,1557,KBIKGMMVJSXDLD-UHFFFAOYSA-N,N#Cc1cn(C2=C(n3cc(C#N)nn3)C(=O)c3nc(C#N)cnc3C2=O)nn1,,3.29
val,3887,ZTAKBSDLERNXMI-UHFFFAOYSA-N,O=C1C(c2cc(F)c[nH]2)=C(c2cc(F)c[nH]2)C(=O)c2nccnc21,,0.99
val,1758,LOSSIJBJXFOMJT-UHFFFAOYSA-N,N#Cc1ccnc2c1C(=O)C(c1nnc(O)nn1)=C(c1nnc(O)nn1)C2=O,,2.52
val,5279,ZXTXDSNJHDKOHT-UHFFFAOYSA,Cc1cc(N2c3ccccc3N(c3ccoc3C)c3ccccc32)co1,,0.22
val,4186,GUPDNHRKPLXXFK-UHFFFAOYSA-N,O=[N+]([O-])c1ccc(C2([N+](=O)[O-])N=N2)nc1,,3.45
val,4610,OSJGEZJAJVQANY-UHFFFAOYSA-N,Cn1c(Cl)ccc1C1(Cl)N=N1,,1.58
val,3254,WHAGAZSYEGLUCE-UHFFFAOYSA-N,N#Cc1cnc2c(c1C#N)C(=O)C(c1nc([N+](=O)[O-])cs1)=CC2=O,,2.97
val,1042,HRZUFLZHWNFLHT-UHFFFAOYSA-N,COc1cn(C2=CC(=O)c3ncc(C#N)c(C#N)c3C2=O)c2ccccc12,,1.23
val,4397,KNRWPOLAJHKOQA-UHFFFAOYSA-N,O=C1c2ccc(-c3ccc(Cl)o3)cc2C(=O)c2cc(-c3ccc(Cl)o3)ccc21,,1.73
val,633,FCJFLMOOXQKZGS-UHFFFAOYSA-N,COc1cnc2c(c1)C(=O)C(c1ccc(N(C)C)n1C=O)=CC2=O,,0.86
val,1279,ITQYAGLYFJKLMP-UHFFFAOYSA-N,CN(C)c1ccc(C2=CC(=O)c3nc(C#N)c(C#N)nc3C2=O)o1,,1.07
val,2448,OXGRNFDEQAAFOQ-UHFFFAOYSA-N,N#Cc1cnc2c(n1)C(=O)C(c1ccc(Cl)cc1)=CC2=O,,2.38
val,4084,FBJIPPYIQQVSCM-UHFFFAOYSA-N,O=C1c2ccc(-c3ncc(F)o3)cc2C(=O)c2cc(-c3ncc(F)o3)ccc21,,2.08
val,4334,JOEYSAXCRZKEQY-UHFFFAOYSA-N,N#Cc1cc(-c2ccc(C(F)(F)F)n2C=O)c(C#N)c(-c2ccc(C(F)(F)F)n2C=O)c1,,-0.73
val,3128,VBSKAUBEAYCGOZ-UHFFFAOYSA-N,O=C1C=C(n2ccnc2Cl)C(=O)c2nccnc21,,2.11
val,3011,UOPNFFOEWUPFQJ-UHFFFAOYSA-N,CC#CC1=C(C#CC)C(=O)c2c(ncc(C#N)c2C#N)C1=O,,2.26
val,3230,WDXYODPXLWIKDA-UHFFFAOYSA-N,COc1cnc2c(c1)C(=O)C(c1ccc([N+](=O)[O-])o1)=CC2=O,,2.46
val,2961,UJNYKLHCPKIFPV-UHFFFAOYSA-N,Cc1ncc(C2=CC(=O)c3nccc(C#N)c3C2=O)[nH]1,,1.68
val,2774,RUYHVNVKDSOMRQ-UHFFFAOYSA-N,COc1nnc(C2=CC(=O)c3nc(C#N)c(C#N)cc3C2=O)nn1,,2.3
val,1662,KNMXPKFPKUIAOU-UHFFFAOYSA-N,COc1cnc2c(n1)C(=O)C(C1=CC=C(C#N)S1(=O)=O)=CC2=O,,2.79
val,4666,QCPJFKWHSVIKSY-UHFFFAOYSA-N,N#Cc1cc(C#COC(F)(F)F)c(C#N)c(C#COC(F)(F)F)c1,,-0.83
val,1196,IKKOXLRSGBGIIU-UHFFFAOYSA-N,Cn1c(C2=C(c3ccc(C(F)(F)F)n3C)C(=O)c3ncc(C#N)cc3C2=O)ccc1C(F)(F)F,,1.63
val,2078,NCCKJHSZQJXDBC-UHFFFAOYSA-N,COc1coc(C2=C(c3nc(OC)co3)C(=O)c3c(C#N)ccnc3C2=O)n1,,1.58
val,3803,ZJOHYOKCHQJAMM-UHFFFAOYSA-N,COc1ccnc2c1C(=O)C(C1=CC=C(OC(F)(F)F)C1)=CC2=O,,1.47
val,3542,XMUOCPYQJZTZPG-UHFFFAOYSA-N,CN(C)c1ccc(C2=CC(=O)c3nc(C#N)c(C#N)cc3C2=O)cc1,,1.11
val,5454,LTHXMDNTUMQHJU-UHFFFAOYSA,C#CCc1ccc2c(c1)oc(=O)c1c(C3=CS(=O)(=O)C(C#N)=C3)c3ccccc3cc12,,1.71
val,1008,HNPQSVUCRNERBU-UHFFFAOYSA-N,N#Cc1nc2c(nc1C#N)C(=O)C(c1ccc([N+](=O)[O-])cn1)=CC2=O,,3.23
val,166,AUXVMFNRTGADHC-RZNTYIFUSA-N,COc1ccc2c(n1)C(=O)C=C(C=NC#N)C2=O,,2.64
val,47,AGUJZPNTNCMLGS-UHFFFAOYSA-N,N#CC#CC1=CC(=O)c2ncccc2C1=O,,3.3
val,2582,QKVHNXFHUGRPQD-UHFFFAOYSA-N,CN(C)c1nnc(C2=CC(=O)c3ncc(C#N)c(C#N)c3C2=O)nn1,,1.94
val,4326,JFRVBXHYBIFZIM-DQRAZIAOSA-N,Clc1c[nH]c(-c2ccc(N=Nc3ccc(-c4cc(Cl)c[nH]4)s3)s2)c1,,0.61
val,5038,YWQIMCROBNPOEV-UHFFFAOYSA-N,O=C1c2ccc(-c3ccc(OC(F)(F)F)cn3)cc2C(=O)c2cc(-c3ccc(OC(F)(F)F)cn3)ccc21,,2.25
val,5434,ILXXJUCIWRUGJF-UHFFFAOYSA,O=c1oc2cc(-c3ccsc3F)ccc2c2cc3ccccc3c(-c3cc[nH]c3)c12,,1.21
val,4910,WQYHEZANLNWFKU-UHFFFAOYSA-N,FC(F)(F)C=CC1(C(F)(F)F)N=N1,,3.46
val,1824,LWUPMMDAQZXZNF-HSFFGMMNSA-N,N#Cc1cc(C#N)c2c(n1)C(=O)C(C=CF)=C(C=CF)C2=O,,2.28
val,3170,VWWMXUIALSAIFR-UHFFFAOYSA-N,O=C1C(c2ncc(O)cn2)=C(c2ncc(O)cn2)C(=O)c2ncccc21,,2.3
val,4706,RCDGTUIDPWPUIP-UHFFFAOYSA-N,Cc1cnc(-c2ccc3c(c2)C(=O)c2cc(-c4ncc(C)cn4)ccc2C3=O)nc1,,2.27
val,610,FAEMQKMGLIFQEC-UHFFFAOYSA-N,COc1cnc2c(n1)C(=O)C(c1ccc([N+](=O)[O-])s1)=C(c1ccc([N+](=O)[O-])s1)C2=O,,2.37
val,1890,MFCORAYUGOGUAA-UHFFFAOYSA-N,Cc1cn(C2=CC(=O)c3ncc(C#N)c(C#N)c3C2=O)nn1,,2.62
val,3048,USGLLHCGCHBERF-UHFFFAOYSA-N,N#Cc1cnc2c(n1)C(=O)C([n+]1cc(=O)[n-][nH]1)=CC2=O,,2.37
val,890,GXIJQWQRASGATP-UHFFFAOYSA-N,Cn1c(OC(F)(F)F)ccc1C1=CC(=O)c2nc(C#N)cnc2C1=O,,1.55
val,473,DCGCCOLOZHYGBO-UHFFFAOYSA-N,CC1=CC=C(C2=CC(=O)c3nc(C#N)ccc3C2=O)C1,,1.39
val,70,AJKDFXCSOCZUPG-UHFFFAOYSA-N,COc1ccc2c(n1)C(=O)C=C(c1ccc(N=C(C)O)[nH]1)C2=O,,0.97
val,3062,UVAQLJBFDWDLDG-UHFFFAOYSA-N,O=C1C(c2ccc(F)cn2)=C(c2ccc(F)cn2)C(=O)c2nccnc21,,2.33
val,5301,MSILFEYDYOYSPT-UHFFFAOYSA,CC1(C)c2cc(-c3ccc(S)cc3)ccc2N(c2ccc(S)cc2)c2ccc(-c3ccc(S)cc3)cc21,,0.6
val,3293,WLTOLYVNVKTFBP-UHFFFAOYSA-N,N#Cc1cnc2c(c1C#N)C(=O)C(c1nc([N+](=O)[O-])co1)=CC2=O,,3.11
val,744,GEEGZDNKURUHFV-UHFFFAOYSA-N,COc1cnc2c(n1)C(=O)C(c1nnc([N+](=O)[O-])nn1)=CC2=O,,2.85
val,353,CFJIOKNVGXUDLH-UHFFFAOYSA-N,CC(O)=Nc1ccc(C2=CC(=O)c3nc(C#N)ccc3C2=O)nc1,,1.76
val,3791,ZHRNNJNDGUMXFP-UHFFFAOYSA-N,CN(C)c1cnc(C2=C(c3ncc(N(C)C)o3)C(=O)c3nccnc3C2=O)o1,,0.46
val,1052,HSXZZHWGIAOEDK-UHFFFAOYSA-N,COc1cnc2c(c1)C(=O)C(c1ncc(C)o1)=CC2=O,,1.91
val,3354,WSBXOPZHNFQRNB-UHFFFAOYSA-N,Cn1c(OC(F)(F)F)ccc1C1=CC(=O)c2nc(C#N)cc(C#N)c2C1=O,,1.58
val,4119,FQUGBMDNWHIMMT-HSFFGMMNSA-N,N#CC=Cc1ccc2ccc3c4ccc5ccc(C=CC#N)c6ccc(c7ccc1c2c37)c4c56,,0.84
val,63,AJASIPBGICDCAM-UPHRSURJSA-N,N#Cc1cnc2c(n1)C(=O)C(C=CO)=CC2=O,,1.94
val,4276,IIEZTXLLWBCGON-BYYHNAKLSA-N,FC(F)(F)c1ccc(-c2ccc(N=Nc3ccc(-c4ccc(C(F)(F)F)[nH]4)s3)s2)[nH]1,,0.87
val,3632,XYYKYACCDSKDQY-UHFFFAOYSA-N,N#Cc1cnc2c(c1)C(=O)C(c1ncco1)=CC2=O,,2.41
val,2132,NIOYBBAHZWAWEY-UHFFFAOYSA-N,COc1cnc2c(c1)C(=O)C(C1=CC=C(C(F)(F)F)C1)=CC2=O,,1.95
val,770,GHTNLVSZUWCVSU-UHFFFAOYSA-N,O=C1C=C(c2ncc([N+](=O)[O-])o2)C(=O)c2nccnc21,,3.11
val,1631,KIZZWNJQHHWAGO-IHWYPQMZSA-N,COc1ccnc2c1C(=O)C(C=CC#N)=CC2=O,,2.87
val,535,DQPAROQUNJRQQW-UHFFFAOYSA-N,N#Cc1nc2c(nc1C#N)C(=O)C(n1ccnc1)=C(n1ccnc1)C2=O,,2.22
val,4988,YBPMXCYXGLRPPI-UHFFFAOYSA-N,O=C1c2ccc(C3=CC=C(O)S3(=O)=O)cc2C(=O)c2cc(C3=CC=C(O)S3(=O)=O)ccc21,,1.84
val,4741,RVJSQHUMEYRCRJ-FMQUCBEESA-N,Cn1c(O)ccc1-c1ccc(N=Nc2ccc(-c3ccc(O)n3C)o2)o1,,0.05
val,524,DOQKUTXNLQAKAO-HZDAAVBUSA-N,COc1cnc2c(n1)C(=O)C(C=C[N+](=O)[O-])=C(C=C[N+](=O)[O-])C2=O,,2.84
val,2197,NQFGLSUJTOSDNY-UHFFFAOYSA-N,O=C1C=C(c2ccc(O)cn2)C(=O)c2nccnc21,,2.09
val,2334,OJQULVWNWYAESA-UHFFFAOYSA-N,N#Cc1cc(C#N)c2c(n1)C(=O)C=C(n1cc([N+](=O)[O-])c3ccccc31)C2=O,,2.14
val,2734,RQCWIFXTIUMQSV-UHFFFAOYSA-N,COc1cnc2c(c1)C(=O)C(c1nc(C)co1)=CC2=O,,2.09
val,4075,DWBXMEBCPJHATR-UHFFFAOYSA-N,O=C1c2ccc(-c3nnc(Cl)nn3)cc2C(=O)c2cc(-c3nnc(Cl)nn3)ccc21,,2.48
val,707,FMAIFOBBWDOASE-UHFFFAOYSA-N,N#Cc1cnc2c(c1)C(=O)C(c1ccc(O)[nH]1)=CC2=O,,1.13
val,232,BPXOHSAYDQQULN-UHFFFAOYSA-N,CN(C)c1ccc(C2=CC(=O)c3ncccc3C2=O)[nH]1,,0.63
val,3541,XMTUMSUUHCYROP-UHFFFAOYSA-N,Cc1ccc(C2=C(c3ccc(C)n3C=O)C(=O)c3ncccc3C2=O)n1C=O,,1.24
val,1172,IGOJHNODLUUDNF-PQMHYQBVSA-N,COc1cnc2c(c1)C(=O)C(C=NO)=CC2=O,,2.5
val,3823,ZMKOXZZNLPRXFD-QCDXTXTGSA-N,N#CN=CC1=CC(=O)c2nccnc2C1=O,,3.13
val,2812,RZDQXSTVGSZHDF-UHFFFAOYSA-N,O=C1C(c2nc(S)co2)=C(c2nc(S)co2)C(=O)c2ncccc21,,1.7
val,3997,CAFKTMYBPSXEGJ-UHFFFAOYSA-N,SC=CC1(S)N=N1,,1.82
val,594,DYGBSZKRBRJVLZ-UHFFFAOYSA-N,N#Cc1cnc2c(c1)C(=O)C(C1=CC=CC1)=C(C1=CC=CC1)C2=O,,1.14
val,3173,VXBRIFIJIQCFHX-UHFFFAOYSA-N,N#Cc1cc2c(nc1C#N)C(=O)C(c1ccc[nH]1)=C(c1ccc[nH]1)C2=O,,1.0
val,3319,WNPXIOXFGFWPGW-UHFFFAOYSA-N,CC(O)=Nc1ccc(C2=CC(=O)c3nc(C#N)cc(C#N)c3C2=O)s1,,1.34
val,3422,XBDBWSGRYCTOQM-UHFFFAOYSA-N,O=C1C=C(c2ncc(S)cn2)C(=O)c2nccnc21,,2.23
val,1806,LUXHWWXVJXUJPO-UHFFFAOYSA-N,N#Cc1ccnc2c1C(=O)C(C1=CC=C(S)S1(=O)=O)=C(C1=CC=C(S)S1(=O)=O)C2=O,,1.78
val,5221,CGGVMQMUTRQKAA-UHFFFAOYSA,Sc1cc(N2c3ccccc3N(c3ccsc3S)c3ccccc32)cs1,,0.3
val,647,FDWCAZRIDWJEHM-UHFFFAOYSA-N,O=C1C=C(c2ncc(C(F)(F)F)s2)C(=O)c2nccnc21,,2.67
val,3610,XWNOHIXJEJBLOP-UHFFFAOYSA-N,CN(C)C1=CC=C(C2=CC(=O)c3ncc(C#N)cc3C2=O)C1,,0.65
val,3878,ZSIJGEVCUXRTOJ-UHFFFAOYSA-N,CN(C)c1cnc(C2=CC(=O)c3nccnc3C2=O)o1,,1.05
val,4306,IVTSRAKPLDWYGC-UHFFFAOYSA-N,Cn1c(F)ccc1-c1cc(C#N)cc(-c2ccc(F)n2C)c1C#N,,1.43
val,5451,LFYLEASSMCXLLL-UHFFFAOYSA,O=c1oc2cc(F)ccc2c2cc3ccccc3c(-c3ccc(O)[nH]3)c12,,0.73
val,1916,MHXCBZAYAZOGEV-UHFFFAOYSA-N,COc1cnc2c(n1)C(=O)C(c1nc(C)cs1)=CC2=O,,1.97
val,1623,KHYOPHPEBKCYDA-UHFFFAOYSA-N,N#Cc1ccc2c(n1)C(=O)C(c1ncc(Cl)s1)=C(c1ncc(Cl)s1)C2=O,,1.86
val,5300,MLKXALHKNYTVJE-UHFFFAOYSA,CC1(C)c2cc(-c3ccc(O)cc3)ccc2N(c2ccccc2)c2ccc(-c3ccc(-c4ccc(OC(F)(F)F)nc4)cc3)cc21,,0.65
val,4222,HNGBANBOPXOZKU-FMQUCBEESA-N,Cc1ccc(-c2ccc(N=Nc3ccc(-c4ccc(C)s4)o3)o2)s1,,0.55
val,311,BYWOGJMRSHSTJV-UHFFFAOYSA-N,N#Cc1cnc2c(c1C#N)C(=O)C(c1nc(Cl)cs1)=C(c1nc(Cl)cs1)C2=O,,2.05
val,789,GLAPKLWPMBACST-UHFFFAOYSA-N,O=C1C=C(c2ncc(O)s2)C(=O)c2nccnc21,,1.76
val,2847,SCOCJGYBDXZZCU-UHFFFAOYSA-N,N#CC1=CC=C(C2=C(C3=CC=C(C#N)S3(=O)=O)C(=O)c3nc(C#N)c(C#N)nc3C2=O)S1(=O)=O,,2.98
val,4342,JSLJYDNAMWMXGH-UHFFFAOYSA-N,Cl[B@-]12n3c4c5ccccc5c3C=c3c5ccccc5c(n31)=CC1=[N+]2C(=C4)c2ccccc21,,0.73
val,4256,ICDUXRSYSFKATC-UHFFFAOYSA-N,O=C1c2ccc(-c3ncc(Cl)cn3)cc2C(=O)c2cc(-c3ncc(Cl)cn3)ccc21,,2.46
val,4810,UEUSUSMWZMXYRD-UHFFFAOYSA-N,Cc1cnc(C2(C)N=N2)o1,,1.85
val,2239,NWXWXTJEWRJADG-HYXAFXHYSA-N,O=C1C(C=COC(F)(F)F)=CC(=O)c2ncccc21,,2.43
val,24,ADYZTEMZPUNRAL-UHFFFAOYSA-N,N#Cc1nc2c(nc1C#N)C(=O)C(c1ccc([N+](=O)[O-])o1)=C(c1ccc([N+](=O)[O-])o1)C2=O,,2.41
val,1297,IVMVWXQQKKGXBD-UHFFFAOYSA-N,O=C1C(c2ccc(F)[nH]2)=CC(=O)c2ncccc21,,1.49
val,2250,NYMZHNDPGPZPDA-UHFFFAOYSA-N,COc1nc2c(nc1OC)C(=O)C(n1cc([N+](=O)[O-])c3ccccc31)=CC2=O,,2.06
val,436,CRDUMSUUMHRLLX-UHFFFAOYSA-N,CC(O)=Nc1c[nH]c(C2=CC(=O)c3nccc(C#N)c3C2=O)c1,,1.26
val,5258,RMMDLRPKNKOSQF-LDADJPATSA,C=NCN1c2ccccc2N(/C=N/C)c2ccccc21,,0.59
val,4082,DZTQQVNYOFZVEO-UHFFFAOYSA-N,Cc1ccc(C2(C)N=N2)n1C,,0.98
val,1143,IDCUAAOXCUEITL-UHFFFAOYSA-N,COc1ccc2c(n1)C(=O)C=C(c1ccc(Cl)s1)C2=O,,1.78
val,5530,HKJXSXLOBLUWBF-UHFFFAOYSA,C#CCN1c2ccccc2Sc2ccccc21,,0.8
val,2043,MYFFLWGFNKCXIN-UHFFFAOYSA-N,O=C1C(c2ncc(C(F)(F)F)o2)=C(c2ncc(C(F)(F)F)o2)C(=O)c2ncccc21,,2.7
val,2994,UMOAJVSDXCDCHC-UHFFFAOYSA-N,N#Cc1cnc2c(n1)C(=O)C(c1ccc(Cl)n1C=O)=CC2=O,,1.9
val,3072,UVWNNLATCFJKHO-UHFFFAOYSA-N,COc1ccnc2c1C(=O)C(c1ccc(C#N)s1)=CC2=O,,2.27
val,5204,UGJYXLVCILURCY-UHFFFAOYSA,FN1c2ccccc2N(c2coc(S)c2)c2ccccc21,,2.03
val,1012,HOHOQDPRDRYUML-UHFFFAOYSA-N,N#Cc1cnc2c(n1)C(=O)C=C(c1ccc([N+](=O)[O-])o1)C2=O,,2.81
val,4620,OXKIOYMLWNLBJJ-FMQUCBEESA-N,Cc1ccc(-c2ccc(N=Nc3ccc(-c4ccc(C)o4)s3)s2)o1,,0.56
val,2507,PDVAUSMSKDZTTI-UHFFFAOYSA-N,Cc1ccc(C2=C(c3ccc(C)cn3)C(=O)c3c(C#N)ccnc3C2=O)nc1,,2.1
val,3400,WXGJSVJYOADHLU-ACAGNQJTSA-N,COc1ccnc2c1C(=O)C(C=N[N+](=O)[O-])=CC2=O,,2.94
val,3156,VEGJOFUEZIUJJM-UHFFFAOYSA-N,CC(O)=Nc1ccc(C2=CC(=O)c3ncccc3C2=O)s1,,1.24
val,3979,BLYXLXQFBFGIMB-UHFFFAOYSA-N,N#Cc1cc(-c2nc(O)co2)c(C#N)c(-c2nc(O)co2)c1,,-0.84
val,4522,MYMCCQOKBAWNCS-UHFFFAOYSA-N,O=C1c2ccc(-c3ccc(Cl)cc3)cc2C(=O)c2cc(-c3ccc(Cl)cc3)ccc21,,2.18
val,2135,NIQWRVYSEYIBPU-UHFFFAOYSA-N,N#Cc1cc2c(nc1C#N)C(=O)C(c1ccco1)=C(c1ccco1)C2=O,,1.45
val,4361,JYSVEOQXUAPQDZ-DQRAZIAOSA-N,Clc1ccc(-c2ccc(N=Nc3ccc(-c4ccc(Cl)[nH]4)s3)s2)[nH]1,,0.5
val,4490,MJDKRWIOVGVRLO-FMQUCBEESA-N,Cn1c(S)ccc1-c1ccc(N=Nc2ccc(-c3ccc(S)n3C)s2)s1,,0.57
val,1726,LKTAEQGYTYQQPC-UHFFFAOYSA-N,N#Cc1cnc2c(c1C#N)C(=O)C(c1ncc(OC(F)(F)F)s1)=CC2=O,,2.26
val,688,FJLJPZDNKKHRIC-UHFFFAOYSA-N,N#Cc1cc(C#N)c2c(n1)C(=O)C=C(c1ccc(C(F)(F)F)cc1)C2=O,,2.85
val,2211,NSSGKHOTEYFMII-UHFFFAOYSA-N,Cn1c(C2=CC(=O)c3nc(C#N)ccc3C2=O)ccc1C(F)(F)F,,2.03
val,4704,RAMMNTSPGTVCFK-FMQUCBEESA-N,Clc1cnc(-c2ccc(N=Nc3ccc(-c4ncc(Cl)o4)o3)o2)o1,,1.17
val,3315,WNMDXQQQRZITPN-UHFFFAOYSA-N,N#Cc1cnc(C2=CC(=O)c3nccnc3C2=O)s1,,2.66
val,5126,PMTBSEHAXVUVHZ-UHFFFAOYSA,OCN1c2ccccc2N(c2csc(C(F)(F)F)c2)c2ccccc21,,0.37
val,443,CTKAIVJXGLBRIG-UHFFFAOYSA-N,N#Cc1cnc2c(c1C#N)C(=O)C(c1cc(OC(F)(F)F)c[nH]1)=C(c1cc(OC(F)(F)F)c[nH]1)C2=O,,1.38
val,1210,ILLYGXPNKILCGV-UHFFFAOYSA-N,N#Cc1ccnc2c1C(=O)C(c1ccc([N+](=O)[O-])cn1)=CC2=O,,3.1
val,3275,WKAHRKGSJBPTPX-UHFFFAOYSA-N,CC(O)=Nc1cn(C2=CC(=O)c3nc(C#N)c(C#N)nc3C2=O)nn1,,1.9
val,2667,RIPWRQLJOVYSAN-UHFFFAOYSA-N,N#Cc1cnc2c(n1)C(=O)C=C(c1ccc(O)cc1)C2=O,,1.93
val,3742,ZBWXKIMCFXOJEK-UHFFFAOYSA-N,N#Cc1cnc2c(c1)C(=O)C(c1ccccn1)=C(c1ccccn1)C2=O,,2.33
val,3869,ZRTXQYQULRSNOG-UHFFFAOYSA-N,N#Cc1cnc2c(c1)C(=O)C(c1ncc(S)s1)=C(c1ncc(S)s1)C2=O,,1.34
val,3273,WJDPGWCOIVAQPE-UHFFFAOYSA-N,N#Cc1cc(C#N)c2c(n1)C(=O)C=C(n1ccnc1F)C2=O,,2.28
val,801,GNEIBDHJWQLLOR-UHFFFAOYSA-N,O=C1C(c2nc(C(F)(F)F)cs2)=C(c2nc(C(F)(F)F)cs2)C(=O)c2nccnc21,,2.31
val,1164,IEZAJLGLJDLYEM-UHFFFAOYSA-N,COc1c[nH]c(C2=CC(=O)c3ncccc3C2=O)c1,,1.16
val,983,HKTCNDTXFXFYIJ-LHHJGKSTSA-N,N#Cc1cnc2c(c1)C(=O)C(C=N[N+](=O)[O-])=CC2=O,,3.52
val,2124,NHTLVWBZVYZZHK-UHFFFAOYSA-N,N#Cc1ccnc2c1C(=O)C(c1ccc([N+](=O)[O-])[nH]1)=CC2=O,,2.24
val,4864,VKGZFKQEBBPAMS-VHXPQNKSSA-N,N#Cc1ncc(-c2ccc(N=Nc3ccc(-c4cnc(C#N)[nH]4)s3)s2)[nH]1,,1.07
val,38,AFPRJIXCULTMHT-UHFFFAOYSA-N,N#Cc1nc2c(nc1C#N)C(=O)C(C1=CC=C(OC(F)(F)F)C1)=CC2=O,,1.71
val,4184,GTOKMJVJONOWOK-UHFFFAOYSA-N,Cc1cnc(-c2ccc3c(c2)C(=O)c2cc(-c4ncc(C)s4)ccc2C3=O)s1,,2.0
val,200,AYTRZMTZLCEYGU-UHFFFAOYSA-N,COc1ccc2c(n1)C(=O)C=C(C1=CC=C(N(C)C)C1)C2=O,,0.5
val,1976,MPUURFOCDGIAQF-GORDUTHDSA-N,COC=CC1=CC(=O)c2nccnc2C1=O,,1.91
val,2679,RJXNNVJDWMKRRO-UHFFFAOYSA-N,Cc1ccc(C2=CC(=O)c3ncccc3C2=O)[nH]1,,1.31
val,3310,WNDNGHXDLVOTRN-UHFFFAOYSA-N,CN(C)c1ccc(C2=CC(=O)c3nc(C#N)cc(C#N)c3C2=O)n1C,,0.71
val,2089,NDXKKPDVPYXZJL-UHFFFAOYSA-N,COc1cnc2c(n1)C(=O)C(c1ccccc1)=C(c1ccccc1)C2=O,,1.98
val,5355,MKTARVKNCVYKIW-NQOISIGVSA,C/N=C/c1ccc(-c2ccc3c(c2)C(C)(C)c2cc(-c4ccc(-c5cc(C)n(C=O)c5)cc4)ccc2N3c2ccc(-c3coc(C)n3)cc2)cc1,,0.69
val,2219,NTOMHJWKHFYELF-UHFFFAOYSA-N,O=C1C=C(C2=CC=C(O)C2)C(=O)c2nccnc21,,1.14
val,3918,AKDXABHEOJIAMU-UHFFFAOYSA-N,N#Cc1c[nH]c(-c2cc(C#N)cc(-c3cc(C#N)c[nH]3)c2C#N)c1,,1.87
val,4476,MBCJMIRNVBKIIS-UHFFFAOYSA-N,N#Cc1cc(-c2ncc(F)cn2)c(C#N)c(-c2ncc(F)cn2)c1,,-0.4
val,2145,NKDGKODHEPXKEH-UHFFFAOYSA-N,N#Cc1ccnc2c1C(=O)C(c1ccccn1)=CC2=O,,2.59
val,4210,HHILBPYPKBAHDX-UHFFFAOYSA-N,N#Cc1cc(-c2nc(Cl)cs2)c(C#N)c(-c2nc(Cl)cs2)c1,,-0.65
val,119,AONGFLXYDBYCOK-UHFFFAOYSA-N,Cc1cnc(C2=CC(=O)c3nc(C#N)cnc3C2=O)nc1,,2.49
val,5369,SUAMXRQDQLQCPO-PLNGDYQASA,C/C=C\c1ccc(-c2ccc3c(c2)C(C)(C)c2cc(-c4ccc(C5=CS(=O)(=O)C(C(F)(F)F)=C5)cc4)ccc2N3c2ccc(-c3coc(F)n3)cc2)cc1,,0.76
val,2742,RQRQRGGLSYUNST-UHFFFAOYSA-N,N#Cc1cc2c(nc1C#N)C(=O)C=C(C1=CC=C(OC(F)(F)F)C1)C2=O,,1.74
val,4677,QLWOASKHWLOFCL-WCWDXBQESA-N,Cc1ccc(-c2ccc(N=Nc3ccc(-c4ccc(C)s4)cc3)cc2)s1,,0.99
val,3581,XSYRYVOCRUXPHH-UHFFFAOYSA-N,O=C1C(c2ncc(S)s2)=C(c2ncc(S)s2)C(=O)c2nccnc21,,1.33
val,586,DWXRYGURLFQKST-UHFFFAOYSA-N,COC1=CC=C(C2=CC(=O)c3ncc(C#N)nc3C2=O)S1(=O)=O,,2.12
val,870,GVPWISQULUIEIZ-UHFFFAOYSA-N,N#Cc1nc2c(nc1C#N)C(=O)C(c1ccc(C(F)(F)F)cn1)=C(c1ccc(C(F)(F)F)cn1)C2=O,,2.99
val,2403,ORSJGGASYMHVTI-UHFFFAOYSA-N,N#Cc1cnc2c(c1C#N)C(=O)C(c1nc(Cl)co1)=CC2=O,,2.42
val,695,FKEIOVMCRWKDJC-UHFFFAOYSA-N,Cc1nnc(C2=CC(=O)c3ncc(C#N)cc3C2=O)nn1,,2.23
val,1511,JVYFJYDLWQQCFD-UHFFFAOYSA-N,N#Cc1cc(C#N)c2c(n1)C(=O)C(n1cc(C#N)c3ccccc31)=C(n1cc(C#N)c3ccccc31)C2=O,,1.87
val,1083,HWFPNTRJGSXZEF-UHFFFAOYSA-N,COc1cnc(C2=CC(=O)c3ncc(C#N)cc3C2=O)nc1,,2.36
val,3424,XBELOHYOPRUTKZ-UHFFFAOYSA-N,N#Cc1cnc2c(c1)C(=O)C(C#CCl)=C(C#CCl)C2=O,,2.46
val,486,DKWVOCZRVFFXNO-UHFFFAOYSA-N,N#Cc1cnc2c(c1C#N)C(=O)C(n1cc(S)nn1)=C(n1cc(S)nn1)C2=O,,2.01
val,1192,IKFYZJQNSMRHFI-UHFFFAOYSA-N,Cc1csc(C2=CC(=O)c3nccnc3C2=O)n1,,1.96
val,1593,KETKWJIYKYKPSK-UHFFFAOYSA-N,N#Cc1cnc2c(n1)C(=O)C=C(c1ncc(C(F)(F)F)cn1)C2=O,,2.89
val,2738,RQMGEJOVGAZIIO-UHFFFAOYSA-N,N#Cc1ccc2c(n1)C(=O)C=C(c1cnc[nH]1)C2=O,,1.98
val,181,AXBLGWNSESLHDN-UHFFFAOYSA-N,COc1coc(C2=CC(=O)c3nc(C#N)c(C#N)nc3C2=O)n1,,1.93
val,1506,JVKSRZASJKSMIM-UHFFFAOYSA-N,N#Cc1cnc2c(c1C#N)C(=O)C(C#CCl)=C(C#CCl)C2=O,,2.63
val,506,DNICUPWVKOVULA-UHFFFAOYSA-N,N#Cc1cnc2c(n1)C(=O)C(c1ccc(F)cc1)=CC2=O,,2.41
val,1756,LOFRYWPJDFZKSR-UHFFFAOYSA-N,CN(C)c1ccc(C2=CC(=O)c3nccc(C#N)c3C2=O)[nH]1,,0.61
val,495,DMDSVFAGFPVNAX-UHFFFAOYSA-N,COc1ccnc2c1C(=O)C(c1ccc(C)o1)=CC2=O,,1.54
val,3058,UUSWCHQXCZRTIQ-UHFFFAOYSA-N,O=C1C(c2nnc(F)nn2)=C(c2nnc(F)nn2)C(=O)c2ncccc21,,2.86
val,3565,XQICWISDGUKNBB-UHFFFAOYSA-N,N#Cc1cnc2c(n1)C(=O)C=C(n1cc(S)nn1)C2=O,,2.12
val,4822,ULAPAMUJTGYXPK-UHFFFAOYSA-N,Cc1ccc(C2(C)N=N2)o1,,1.35
val,2597,QMGOMBCYAHIHGD-UHFFFAOYSA-N,COc1cnc(C2=CC(=O)c3nc(C#N)cc(C#N)c3C2=O)s1,,1.76
val,5458,MLDXCHKWOLBVIE-UHFFFAOYSA,N#Cc1cc(-c2c3ccccc3cc3c2c(=O)oc2cc(CO)ccc23)c[nH]1,,1.5
val,4068,DQKWAGPBERJFRU-UHFFFAOYSA-N,Oc1ccc(C2(O)N=N2)nc1,,1.95
val,4769,SJLPCXSQYIVAMZ-QVDRYVJWSA-N,N#CC=COC=Cc1ccc(N=Nc2ccc(C=COC=CC#N)s2)s1,,0.66
val,4837,UUKCNFFQWJTCGM-UHFFFAOYSA-N,Clc1cc2c3cc(Cl)c4cccc5c(Cl)cc(c6cc(Cl)c7cccc1c7c26)c3c45,,0.98
val,2755,RSFKPTWSJTVPPM-UHFFFAOYSA-N,N#Cc1cc(C#N)c2c(n1)C(=O)C=C(c1ccc(C#N)o1)C2=O,,2.47
val,528,DPLFZRIQOOKVTH-UHFFFAOYSA-N,COc1cnc2c(n1)C(=O)C=C(c1ccc([N+](=O)[O-])cc1)C2=O,,2.73
val,2521,PFKCCTUFVQOHSI-UHFFFAOYSA-N,N#Cc1cc2c(nc1C#N)C(=O)C=C(C1=CC=C(Cl)S1(=O)=O)C2=O,,2.52
val,2875,SFRWWOASSZEXMH-UHFFFAOYSA-N,N#Cc1cc2c(nc1C#N)C(=O)C(c1ccc(O)cc1)=C(c1ccc(O)cc1)C2=O,,1.57
val,3987,BSCMALNKZHTFND-PEIUIALNSA-N,CN=Cc1ccc(N=Nc2ccc(C=NC)o2)o1,,1.33
val,1036,HQVYMANPRKTRAB-UHFFFAOYSA-N,N#CC#CC1=C(C#CC#N)C(=O)c2c(ncc(C#N)c2C#N)C1=O,,3.4
val,77,AKALXIAPEVHEEK-UHFFFAOYSA-N,N#Cc1cnc2c(c1C#N)C(=O)C(c1nc(S)co1)=CC2=O,,1.93
val,5033,YVLNFCALCWJGJS-DQRAZIAOSA-N,N#Cc1cnc(-c2ccc(N=Nc3ccc(-c4ncc(C#N)o4)o3)o2)o1,,1.22
val,4768,SJJPPLLYTYUHBQ-UHFFFAOYSA-N,N#Cc1cc(-c2ccc(O)cn2)c(C#N)c(-c2ccc(O)cn2)c1,,-1.1
val,1776,LRYXQXWEWXWLLN-UHFFFAOYSA-N,COc1nc2c(nc1OC)C(=O)C(c1nc(C(F)(F)F)co1)=CC2=O,,2.37
val,3119,VALUATXVZGPSRN-UHFFFAOYSA-N,COc1nc2c(nc1OC)C(=O)C(C1=CC=C(C(F)(F)F)S1(=O)=O)=CC2=O,,2.37
val,1883,MDSBISNNRGLOFJ-UHFFFAOYSA-N,COc1cnc(C2=C(c3ncc(OC)s3)C(=O)c3ncccc3C2=O)s1,,1.38
val,626,FCDQTWFKQHNYFS-UHFFFAOYSA-N,N#Cc1ccc2c(n1)C(=O)C(n1cc(Cl)nn1)=C(n1cc(Cl)nn1)C2=O,,2.68
val,4639,PNBBGZBNNRZKLS-UHFFFAOYSA-N,N#Cc1cc(-c2nc(C(F)(F)F)cs2)c(C#N)c(-c2nc(C(F)(F)F)cs2)c1,,-0.62
val,4026,CSPQIBFERFRQJM-VHXPQNKSSA-N,COc1cnc(-c2ccc(N=Nc3ccc(-c4ncc(OC)cn4)s3)s2)nc1,,0.96
val,3464,XFDSGBUBTFRMIY-UHFFFAOYSA-N,N#Cc1ccc2c(n1)C(=O)C(c1nc(Cl)cs1)=C(c1nc(Cl)cs1)C2=O,,2.02
val,37,AFNZRDCQQKNNKW-UHFFFAOYSA-N,Cc1ccc(C2=C(c3ccc(C)o3)C(=O)c3nc(C#N)c(C#N)nc3C2=O)o1,,1.17
val,3085,UWQKIHMCLNPYSI-UHFFFAOYSA-N,N#Cc1cnc2c(c1C#N)C(=O)C(c1ccc(F)cn1)=CC2=O,,2.66
val,4724,RLVSSUOLMMPFFA-UHFFFAOYSA-N,Oc1ccc(C2(O)N=N2)s1,,1.33
val,4743,RWCYJZZZTRECJY-VHXPQNKSSA-N,Fc1cnc(-c2ccc(N=Nc3ccc(-c4ncc(F)cn4)s3)s2)nc1,,1.14
val,2333,OJOSGUJBXPRQTJ-UHFFFAOYSA-N,N#Cc1cn(C2=C(n3cc(C#N)nn3)C(=O)c3c(C#N)cc(C#N)nc3C2=O)nn1,,3.27
val,5010,YKAWGSCWUZEUFM-UHFFFAOYSA-N,Cn1c(Cl)ccc1-c1ccc2c(c1)C(=O)c1cc(-c3ccc(Cl)n3C)ccc1C2=O,,1.43
val,288,BWGAUYRGDCPDJB-UHFFFAOYSA-N,CN(C)c1ccc(C2=CC(=O)c3nc(C#N)ccc3C2=O)n1C=O,,0.95
val,1671,KPBQNSLXYSMEEV-UHFFFAOYSA-N,COc1cnc2c(n1)C(=O)C(C1=CC=C(C#N)C1)=CC2=O,,2.02
val,3578,XSICDHMFDREZNO-UHFFFAOYSA-N,N#Cc1nc2c(nc1C#N)C(=O)C(C1=CC=C([N+](=O)[O-])C1)=CC2=O,,2.51
val,5186,NXICCGKWMFNJIH-UHFFFAOYSA,Cc1ccc(N2c3ccccc3N(c3ccccn3)c3ccccc32)o1,,0.35
val,4233,HTUJKSIHUWTZGE-UHFFFAOYSA-N,O=C1c2ccc(-c3ncc([N+](=O)[O-])cn3)cc2C(=O)c2cc(-c3ncc([N+](=O)[O-])cn3)ccc21,,2.91
val,4086,FCABJUKNJGGPLA-DQSJHHFOSA-N,FC(F)(F)OC1=CC=C(c2ccc(N=Nc3ccc(C4=CC=C(OC(F)(F)F)C4)s3)s2)C1,,0.47
val,1159,IEGHPAVUEJKAKM-UHFFFAOYSA-N,Cc1ccc(C2=CC(=O)c3nccnc3C2=O)nc1,,2.34
val,1855,MAQCPCGTYMNSJD-UHFFFAOYSA-N,CC(O)=Nc1ccc(C2=CC(=O)c3nccc(C#N)c3C2=O)cc1,,1.63
val,2317,OHUYWNOBYHZXPU-UHFFFAOYSA-N,N#CC#CC1=CC(=O)c2nc(C#N)ccc2C1=O,,3.48
val,2604,QMSIOVVBGWQYSS-UHFFFAOYSA-N,COc1cnc2c(c1)C(=O)C(c1ccc(O)[nH]1)=CC2=O,,1.02
val,1760,LOZWCQVEWQNIGO-HSFFGMMNSA-N,N#Cc1nc2c(nc1C#N)C(=O)C(C=COC(F)(F)F)=C(C=COC(F)(F)F)C2=O,,2.3
val,3708,YYELHJPGNSDSKL-UHFFFAOYSA-N,CN(C)c1c[nH]c(C2=C(c3cc(N(C)C)c[nH]3)C(=O)c3c(C#N)ccnc3C2=O)c1,,0.28
val,4799,UAFPGYOUFGRHFV-UHFFFAOYSA-N,N#Cc1cc(-c2ncc(O)s2)c(C#N)c(-c2ncc(O)s2)c1,,-1.07
val,1176,IHANFHJYYSHLDK-UHFFFAOYSA-N,N#Cc1nc2c(nc1C#N)C(=O)C(c1cnc([N+](=O)[O-])[nH]1)=C(c1cnc([N+](=O)[O-])[nH]1)C2=O,,2.62
val,337,CDCLYKBHEGGTRQ-UHFFFAOYSA-N,CC(O)=Nc1cnc(C2=C(c3ncc(N=C(C)O)s3)C(=O)c3nc(C#N)cnc3C2=O)s1,,1.33
val,790,GLEYFZPKQFRPNX-UHFFFAOYSA-N,CC(O)=Nc1c[nH]c(C2=CC(=O)c3ncc(C#N)c(C#N)c3C2=O)c1,,1.25
val,2407,OSAZVTMIIRYFFY-UHFFFAOYSA-N,N#Cc1cc2c(nc1C#N)C(=O)C=C(c1ccc[nH]1)C2=O,,1.65
val,5144,VREJNSXVCFLSJW-UHFFFAOYSA,FC(F)(F)ON1c2ccccc2N(c2ccsc2)c2ccccc21,,2.53
val,3404,WXVATYWLLMTZTC-UHFFFAOYSA-N,COc1ccc(C2=C(c3ccc(OC)cn3)C(=O)c3nc(C#N)c(C#N)cc3C2=O)nc1,,1.75
val,4371,KAZZZJFZFBSVOH-UHFFFAOYSA-N,N#Cc1cc(-c2ccc(C(F)(F)F)cn2)c(C#N)c(-c2ccc(C(F)(F)F)cn2)c1,,-0.76
val,3056,UUMZNHTYZBUOIR-UHFFFAOYSA-N,N#Cc1cnc2c(c1)C(=O)C(c1nccs1)=CC2=O,,2.31
val,2858,SDPHPGUBSHVRRJ-UHFFFAOYSA-N,N#Cc1cnc2c(c1C#N)C(=O)C(c1ccc(Cl)n1C=O)=CC2=O,,1.91
val,1673,KPJKRECAVDDRNG-CCAGOZQPSA-N,N#CC=CC1=C(C=CC#N)C(=O)c2ncc(C#N)cc2C1=O,,2.86
val,3086,UWQYZTIVLAGXMM-UHFFFAOYSA-N,N#Cc1cnc2c(n1)C(=O)C(c1nc([N+](=O)[O-])co1)=C(c1nc([N+](=O)[O-])co1)C2=O,,3.02
val,4678,QMARPWPZFNSQRR-BYYHNAKLSA-N,FC(F)(F)c1c[nH]c(-c2ccc(N=Nc3ccc(-c4cc(C(F)(F)F)c[nH]4)s3)s2)c1,,0.76
val,4994,YEOWZRYRGMLDHH-FMQUCBEESA-N,COc1cnc(-c2ccc(N=Nc3ccc(-c4ncc(OC)o4)s3)s2)o1,,0.83
val,2511,PECDGIDVAWFRIM-UHFFFAOYSA-N,N#Cc1cnc2c(n1)C(=O)C(c1nc(C(F)(F)F)cs1)=CC2=O,,2.7
val,2162,NMKNOUADZLOPMN-UHFFFAOYSA-N,COc1nc2c(nc1OC)C(=O)C(n1cc(O)nn1)=C(n1cc(O)nn1)C2=O,,2.11
val,4152,GERLMSXALGGMFW-FMQUCBEESA-N,Oc1ccc(-c2ccc(N=Nc3ccc(-c4ccc(O)[nH]4)s3)s2)[nH]1,,0.24
val,4964,XPDMINVVJXKNIP-QURGRASLSA-N,Clc1cnc(-c2ccc(N=Nc3ccc(-c4ncc(Cl)o4)[nH]3)[nH]2)o1,,0.67
val,1669,KOVVNSQCDWMXKG-UHFFFAOYSA-N,O=C1C(c2ncc([N+](=O)[O-])s2)=C(c2ncc([N+](=O)[O-])s2)C(=O)c2nccnc21,,2.7
val,4717,RFYHLJRNDBSBCG-VCFJNTAESA-N,SC=Cc1ccc2ccc3c4ccc5ccc(C=CS)c6ccc(c7ccc1c2c37)c4c56,,0.5
val,2546,PHPSWNDERYEHNL-FCXRPNKRSA-N,COC=CC1=C(C=COC)C(=O)c2nccnc2C1=O,,1.13
val,3798,ZITFOUUPJBFLPT-UHFFFAOYSA-N,O=C1C(C#C[N+](=O)[O-])=C(C#C[N+](=O)[O-])C(=O)c2ncccc21,,3.17
val,2962,UJOQQHVIDHEHCD-UHFFFAOYSA-N,O=C1C=C(C2=CC=C(C(F)(F)F)S2(=O)=O)C(=O)c2nccnc21,,3.01
val,5302,NAMHHUYYVYNGNV-UHFFFAOYSA,CC1(C)c2cc(-c3ccc(-c4nnc(S)nn4)cc3)ccc2N(c2ccc(-c3ccco3)cc2)c2ccc(-c3ccc(-c4ccc(OC(F)(F)F)o4)cc3)cc21,,0.76
test,1919,MIKWNJQHIAVFLU-UHFFFAOYSA-N,Cc1cnc(C2=CC(=O)c3nccc(C#N)c3C2=O)s1,,2.04
test,3864,ZRBWLOROWDTXRD-UHFFFAOYSA-N,CN(C)c1ccc(C2=C(c3ccc(N(C)C)n3C=O)C(=O)c3ncccc3C2=O)n1C=O,,0.48
test,2801,RXXLAUASQDODST-UHFFFAOYSA-N,N#Cc1cnc2c(n1)C(=O)C(c1ccc(F)o1)=C(c1ccc(F)o1)C2=O,,1.42
test,230,BPVHBGXYXNUTIJ-UHFFFAOYSA-N,COc1cn(C2=CC(=O)c3ncc(C#N)c(C#N)c3C2=O)nn1,,2.19
test,3361,WTBWJLVVRKHFEK-UHFFFAOYSA-N,N#Cc1ccc2c(n1)C(=O)C(C#C[N+](=O)[O-])=C(C#C[N+](=O)[O-])C2=O,,3.4
test,2924,SLOOXGJPYZCXIB-UHFFFAOYSA-N,COc1cnc2c(n1)C(=O)C=C(c1ncc([N+](=O)[O-])o1)C2=O,,2.81
test,1084,HWLQNEHBAAEHFA-CGXWXWIYSA-N,CN(C)C=CC1=C(C=CN(C)C)C(=O)c2nc(C#N)cnc2C1=O,,0.34
test,1964,MOVYAOPPFGVSLZ-UHFFFAOYSA-N,Cc1c[nH]c(C2=CC(=O)c3ncc(C#N)c(C#N)c3C2=O)c1,,1.48
test,4311,IYHVQJGOHRYYBE-DQRAZIAOSA-N,O=[N+]([O-])c1ccc(-c2ccc(N=Nc3ccc(-c4ccc([N+](=O)[O-])cn4)s3)s2)nc1,,1.27
test,381,CIQUWVCIFBOZPN-UHFFFAOYSA-N,COc1nnc(C2=CC(=O)c3nc(C#N)cnc3C2=O)nn1,,2.32
test,3575,XSCCORIMEGQRAM-UHFFFAOYSA-N,CC#CC1=CC(=O)c2ncccc2C1=O,,2.59
test,3221,WDARFGQCPKYNQP-UHFFFAOYSA-N,N#Cc1cnc2c(c1C#N)C(=O)C(c1ncc(OC(F)(F)F)s1)=C(c1ncc(OC(F)(F)F)s1)C2=O,,2.02
test,2022,MVCHHUDFQYMRHX-UHFFFAOYSA-N,COc1c[nH]c(C2=CC(=O)c3nc(C#N)cnc3C2=O)c1,,1.35
test,3379,WVOFXPITCMPDEZ-UHFFFAOYSA-N,N#Cc1cnc2c(c1C#N)C(=O)C(C1=CC=C(C(F)(F)F)C1)=CC2=O,,2.14
test,5145,WCNOSNQSXBUIEU-UHFFFAOYSA,COC#CN1c2ccccc2N(O)c2ccccc21,,0.44
test,2195,NPXXTKQGCXJVMP-UHFFFAOYSA-N,N#Cc1ccnc2c1C(=O)C(c1ccc(Cl)[nH]1)=CC2=O,,1.48
test,439,CSNFHOGCGFJTQQ-UHFFFAOYSA-N,N#Cc1ccc2c(n1)C(=O)C(c1ncco1)=C(c1ncco1)C2=O,,2.18
test,655,FFKOAWSQQYJJEQ-UHFFFAOYSA-N,N#Cc1cc(C#N)c2c(n1)C(=O)C=C(c1ccc(O)[nH]1)C2=O,,1.21
test,2759,RSYOBACKTPSMFI-UHFFFAOYSA-N,N#Cc1ccc2c(n1)C(=O)C(c1cnc(O)[nH]1)=C(c1cnc(O)[nH]1)C2=O,,1.09
test,373,CHTCMPWBUVDONB-UHFFFAOYSA-N,N#Cc1cnc2c(n1)C(=O)C(c1ccc[nH]1)=CC2=O,,1.58
test,2644,RFKQOVLDCPNEFE-UHFFFAOYSA-N,N#Cc1nc2c(nc1C#N)C(=O)C(C1=CC=C(O)C1)=CC2=O,,1.31
test,1921,MIPMSLWETNDAGI-UHFFFAOYSA-N,N#Cc1cnc2c(c1)C(=O)C(c1nnc(O)nn1)=CC2=O,,2.44
test,4881,VVLANWNOMDGAOI-DQRAZIAOSA-N,O=[N+]([O-])c1ccc(-c2ccc(N=Nc3ccc(-c4ccc([N+](=O)[O-])[nH]4)[nH]3)[nH]2)[nH]1,,0.66
test,4034,DBDDSYYREGOJGP-UHFFFAOYSA-N,N#Cc1cc(-c2ncc([N+](=O)[O-])cn2)c(C#N)c(-c2ncc([N+](=O)[O-])cn2)c1,,3.21
test,576,DVDFPHDOXDNZPN-UHFFFAOYSA-N,N#Cc1cnc2c(n1)C(=O)C=C(c1ccc(F)n1C=O)C2=O,,1.97
test,5142,UNBCDQNBXGUROY-UHFFFAOYSA,O=[N+]([O-])c1csc(N2c3ccccc3N(c3ccc[nH]3)c3ccccc32)n1,,0.65
test,4395,KNLLDXZTDYDKJX-UHFFFAOYSA-N,Clc1cnc(C2(Cl)N=N2)s1,,2.28
test,1255,IQHPKWMPPKOBRE-VWVHRHNESA-N,N#Cc1cc(C#N)c2c(n1)C(=O)C(C=NS)=C(C=NS)C2=O,,2.02
test,23,ADKGKNLZWJTHJX-UHFFFAOYSA-N,N#Cc1c[nH]c(C2=C(c3cc(C#N)c[nH]3)C(=O)c3nc(C#N)c(C#N)cc3C2=O)c1,,1.62
test,1103,HYMDDPOEKGHSLT-UHFFFAOYSA-N,CC(O)=Nc1nccn1C1=C(n2ccnc2N=C(C)O)C(=O)c2nccnc2C1=O,,1.33
test,829,GQXQQEMZEGPOOQ-KGMKFKQSSA-N,CN=CC1=C(C=NC)C(=O)c2c(C#N)ccnc2C1=O,,1.68
test,5529,HAUMAVFKAMSHAO-UHFFFAOYSA,C=NON1c2ccccc2Sc2ccccc21,,0.91
test,5122,OTMGIPWFRRULDG-UHFFFAOYSA,O=[N+]([O-])c1cc(N2c3ccccc3N(c3ccoc3S)c3ccccc32)c[nH]1,,0.36
test,3154,VEATVZAYSOZZRX-UHFFFAOYSA-N,N#Cc1cnc2c(c1C#N)C(=O)C(c1ncc(O)s1)=CC2=O,,1.85
test,5378,XOKGIWACBOZGKL-UHFFFAOYSA,CC1(C)c2cc(-c3ccc(-c4ccc[nH]4)cc3)ccc2N(c2ccc(-c3ccc[nH]3)cc2)c2ccc(-c3ccc(-c4ccc[nH]4)cc3)cc21,,0.53
test,2603,QMNNYNJDEDKQQR-UHFFFAOYSA-N,N#Cc1nc2c(nc1C#N)C(=O)C(c1cnc(O)[nH]1)=CC2=O,,1.72
test,4332,JNAVYPURJQGPHQ-UHFFFAOYSA-N,Sc1ccc(C2(S)N=N2)[nH]1,,1.07
test,5023,YRJCQEJHVSORCM-QURGRASLSA-N,Oc1coc(-c2ccc(N=Nc3ccc(-c4nc(O)co4)cc3)cc2)n1,,1.42
test,3601,XVUOECZEKXNBMX-UHFFFAOYSA-N,COc1cnc2c(n1)C(=O)C(C1=CC=C(C#N)C1)=C(C1=CC=C(C#N)C1)C2=O,,1.69
test,4519,MWICKHZZMVWCRX-UHFFFAOYSA-N,N#Cc1nnc(C2(C#N)N=N2)nn1,,3.11
test,319,BZRQGODBUWTEFC-UHFFFAOYSA-N,N#Cc1cc2c(nc1C#N)C(=O)C(c1ccc(S)[nH]1)=C(c1ccc(S)[nH]1)C2=O,,0.68
test,3200,VZUKSJLOVYTYKO-UHFFFAOYSA-N,COc1ccc2c(n1)C(=O)C=C(C#CCl)C2=O,,2.48
test,2225,NUTCAYRBAJGZCF-UHFFFAOYSA-N,CC(O)=Nc1nccn1C1=CC(=O)c2ncc(C#N)nc2C1=O,,1.63
test,5405,CGBJFKHDHCZQQS-UHFFFAOYSA,O=c1oc2cc(-c3ccoc3[N+](=O)[O-])ccc2c2cc3ccccc3c(-c3ccc(OC(F)(F)F)nc3)c12,,1.67
test,1543,JZRLGKORHAZIFU-UHFFFAOYSA-N,COc1cnc2c(c1)C(=O)C(c1cnc(OC)[nH]1)=CC2=O,,1.38
test,2115,NGVUTTHGNYUMFQ-RZNTYIFUSA-N,N#Cc1ccnc2c1C(=O)C(C=NO)=CC2=O,,2.88
test,3603,XVYRICFRFCPMGW-UHFFFAOYSA-N,N#CC#CC1=CC(=O)c2nc(C#N)c(C#N)cc2C1=O,,3.63
test,1600,KFJRCHDLOGSLEH-ONEGZZNKSA-N,CN(C)C=CC1=CC(=O)c2ncc(C#N)c(C#N)c2C1=O,,1.14
test,422,COXGHYYOMDUHHE-UUILKARUSA-N,COc1cnc2c(c1)C(=O)C(C=N)=CC2=O,,2.5
test,3711,YYNMZOKSUFBJIH-UHFFFAOYSA-N,O=C1C(c2cnc(O)[nH]2)=C(c2cnc(O)[nH]2)C(=O)c2nccnc21,,1.09
test,2787,RWGDTKQICYSNJH-UHFFFAOYSA-N,COc1cnc2c(n1)C(=O)C(C#CN(C)C)=C(C#CN(C)C)C2=O,,0.71
test,1101,HYFBZCARSVUUAZ-UHFFFAOYSA-N,N#Cc1cnc2c(n1)C(=O)C(n1cc(C#N)c3ccccc31)=C(n1cc(C#N)c3ccccc31)C2=O,,1.82
test,4145,GBHGVKWLONLULE-VNXWYBNKSA-N,CN=Cc1ccc(N=Nc2ccc(C=NC)cc2)cc1,,1.84
test,5536,NPMOTEJJJAGEFX-UHFFFAOYSA,O=[N+]([O-])c1nccc(N2c3ccccc3Sc3ccccc32)n1,,1.27
test,538,DQTINZSNCXKYNQ-UHFFFAOYSA-N,COc1ccc2c(n1)C(=O)C=C(c1ncc([N+](=O)[O-])o1)C2=O,,2.61
test,4020,CPEPBMPRSADCOB-ISLYRVAYSA-N,Sc1csc(-c2ccc(N=Nc3ccc(-c4nc(S)cs4)s3)s2)n1,,1.09
test,2585,QLAGPWKXBSKALO-UHFFFAOYSA-N,N#Cc1cc(C#N)c2c(n1)C(=O)C(c1ccc(C(F)(F)F)[nH]1)=C(c1ccc(C(F)(F)F)[nH]1)C2=O,,1.62
test,3567,XQQOPVLZNHKKQU-UHFFFAOYSA-N,COc1nnc(C2=CC(=O)c3ncc(C#N)nc3C2=O)nn1,,2.31
test,5137,SYJNCIIKGOSJBU-UHFFFAOYSA,COc1cc(N2c3ccccc3N(c3ccsc3C#N)c3ccccc32)co1,,0.22
test,2146,NKDMXKIFHVLSME-UHFFFAOYSA-N,COc1cnc2c(c1)C(=O)C(c1ncc(N(C)C)cn1)=CC2=O,,1.41
test,2094,NEOHWRITPACJIG-UHFFFAOYSA-N,COc1ccc(C2=CC(=O)c3ncc(OC)cc3C2=O)cc1,,1.68
test,2589,QLHHGLMMDCUCHQ-UHFFFAOYSA-N,COC1=CC=C(C2=C(C3=CC=C(OC)C3)C(=O)c3nc(C#N)c(C#N)cc3C2=O)C1,,0.54
test,5044,ZAFUHUJOUOBOMX-VHXPQNKSSA-N,Fc1ccc(-c2ccc(N=Nc3ccc(-c4ccc(F)cc4)s3)s2)cc1,,0.73
test,297,BXUFMMIDQMTYQR-UHFFFAOYSA-N,O=C1C=C(n2cc(Cl)nn2)C(=O)c2nccnc21,,2.78
test,1235,IOAILRRFTQDUOB-UHFFFAOYSA-N,N#Cc1nc2c(nc1C#N)C(=O)C(c1ncc(S)cn1)=CC2=O,,2.3
test,8,ABIXQWZLYCACDC-UHFFFAOYSA-N,N#Cc1cnc2c(n1)C(=O)C(c1ccc([N+](=O)[O-])[nH]1)=C(c1ccc([N+](=O)[O-])[nH]1)C2=O,,2.02
test,1892,MFHHBRKYRGRTAG-UHFFFAOYSA-N,N#Cc1cc(C#N)c2c(n1)C(=O)C=C(c1ccc(Cl)cc1)C2=O,,2.39
test,3456,XECPOQDPEHJQOJ-UHFFFAOYSA-N,N#Cc1cc(C#N)c2c(n1)C(=O)C=C(c1ccc(F)n1C=O)C2=O,,1.98
test,903,GYYPKCLOOAGQFN-UHFFFAOYSA-N,N#Cc1cnc2c(c1C#N)C(=O)C(C#C[N+](=O)[O-])=C(C#C[N+](=O)[O-])C2=O,,3.55
test,279,BVOIGQPRXPGAJB-WMZJFQQLSA-N,N=CC1=CC(=O)c2nccnc2C1=O,,2.78
test,5245,KTHYWAJOGGGCAW-UHFFFAOYSA,Cc1cc(N2c3ccccc3N(c3ccsc3C)c3ccccc32)cs1,,0.22
test,4109,FNPGODJEKVTSDT-UHFFFAOYSA-N,O=C1c2ccc(-c3ncc(Cl)s3)cc2C(=O)c2cc(-c3ncc(Cl)s3)ccc21,,2.24
test,4058,DNXIASLMFWVXCZ-UHFFFAOYSA-N,N#CC1=CC=C(c2ccc3c(c2)C(=O)c2cc(C4=CC=C(C#N)S4(=O)=O)ccc2C3=O)S1(=O)=O,,2.55
test,4394,KMOVHJLIQRHBTM-UHFFFAOYSA-N,O=C1c2ccc(-c3ncc(O)cn3)cc2C(=O)c2cc(-c3ncc(O)cn3)ccc21,,2.14
test,977,HJSVAXUDHJFRIZ-UHFFFAOYSA-N,N#Cc1cnc2c(n1)C(=O)C(c1nnc(F)nn1)=CC2=O,,2.82
test,4664,PZWDQIDWDHHOJO-UHFFFAOYSA-N,N#Cc1cc(-c2ccc(C#N)s2)c(C#N)c(-c2ccc(C#N)s2)c1,,-0.63
test,4114,FPLCRWKPZWYLPN-WXUKJITCSA-N,FC=Cc1ccc2ccc3c4ccc5ccc(C=CF)c6ccc(c7ccc1c2c37)c4c56,,0.6
test,33,AEYRWWRBEASBEL-UHFFFAOYSA-N,O=C1C(c2cnc(C(F)(F)F)[nH]2)=CC(=O)c2ncccc21,,2.27
test,3739,ZBRIKVZYYNHFFM-UHFFFAOYSA-N,N#Cc1cnc2c(c1C#N)C(=O)C(c1nc(F)co1)=C(c1nc(F)co1)C2=O,,2.31
test,2034,MWXYIDIDPYRAMH-CCAGOZQPSA-N,N#Cc1nc2c(nc1C#N)C(=O)C(C=C[N+](=O)[O-])=C(C=C[N+](=O)[O-])C2=O,,3.4
test,1345,JBYYCVVUCBKMCM-UHFFFAOYSA-N,Cc1coc(C2=C(c3nc(C)co3)C(=O)c3nccnc3C2=O)n1,,1.95
test,1886,MENMDNQFOOQTON-UHFFFAOYSA-N,CN(C)c1nnc(C2=CC(=O)c3nc(C#N)c(C#N)cc3C2=O)nn1,,1.93
test,465,CZCIHCBYMUPCSZ-UHFFFAOYSA-N,COc1cc(OC)c2c(n1)C(=O)C=C(c1ncc(C#N)s1)C2=O,,2.47
test,2841,SCCKKDNKNWZWTI-UPHRSURJSA-N,N#Cc1cc2c(nc1C#N)C(=O)C=C(C=C[N+](=O)[O-])C2=O,,3.41
test,3406,WYAQSGAPCUMFBS-UHFFFAOYSA-N,N#Cc1cc2c(nc1C#N)C(=O)C(c1ncc(S)cn1)=C(c1ncc(S)cn1)C2=O,,2.17
test,2226,NUTNEQBJSQZHTN-UHFFFAOYSA-N,COc1cnc(C2=CC(=O)c3ncc(C#N)c(C#N)c3C2=O)s1,,1.84
test,3390,WWQYNBGCNDOMEI-UHFFFAOYSA-N,CN(C)c1ncc(C2=CC(=O)c3nc(C#N)c(C#N)nc3C2=O)[nH]1,,1.2
test,1047,HSQDWQOOFAEXAG-UHFFFAOYSA-N,N#Cc1cnc2c(n1)C(=O)C(c1ncc(Cl)o1)=C(c1ncc(Cl)o1)C2=O,,2.11
test,4313,IYUMPYVTZOWDAB-OCEACIFDSA-N,N#Cc1cnc(-c2ccc(N=Nc3ccc(-c4ncc(C#N)o4)cc3)cc2)o1,,1.86
test,1849,MAHLFHOITCSDQI-UHFFFAOYSA-N,CN(C)C1=CC=C(C2=C(C3=CC=C(N(C)C)S3(=O)=O)C(=O)c3c(C#N)ccnc3C2=O)S1(=O)=O,,0.92
test,2377,OOJSISXSTYPEJE-UHFFFAOYSA-N,COc1cnc2c(n1)C(=O)C(c1cnc(C)[nH]1)=C(c1cnc(C)[nH]1)C2=O,,1.13
test,2418,OTNLKKRAYZHMOI-UHFFFAOYSA-N,Cn1c(O)ccc1C1=CC(=O)c2nc(C#N)cc(C#N)c2C1=O,,1.15
test,611,FAIFYFJHMFTNTK-UHFFFAOYSA-N,N#Cc1cc2c(nc1C#N)C(=O)C=C(c1cc([N+](=O)[O-])c[nH]1)C2=O,,2.19
test,1918,MIFUSFYLRPMXMC-UHFFFAOYSA-N,Cn1c(Cl)ccc1C1=CC(=O)c2nccc(C#N)c2C1=O,,1.52
test,1433,JMCCPHJCMHBVRK-UHFFFAOYSA-N,COc1cnc2c(n1)C(=O)C(c1nncnn1)=CC2=O,,2.31
test,1090,HXBYYXOHVPSNLN-UHFFFAOYSA-N,N#Cc1ccc2c(n1)C(=O)C(c1ccc([N+](=O)[O-])o1)=C(c1ccc([N+](=O)[O-])o1)C2=O,,2.31
test,2605,QMSZNQSYEKJCFX-UHFFFAOYSA-N,COc1ccc2c(n1)C(=O)C=C(c1ccc(O)n1C=O)C2=O,,1.34
test,1212,ILOUHRZVVUYSHH-UHFFFAOYSA-N,N#Cc1nc2c(nc1C#N)C(=O)C(C1=CC=C(F)C1)=CC2=O,,1.64
test,4437,LGQSWYOTHNAGJG-FMQUCBEESA-N,COC1=CC=C(c2ccc(N=Nc3ccc(C4=CC=C(OC)S4(=O)=O)o3)o2)S1(=O)=O,,0.88
test,290,BWNJWORJDPQARG-UHFFFAOYSA-N,COc1cnc2c(n1)C(=O)C(c1ncc(O)s1)=C(c1ncc(O)s1)C2=O,,1.31
test,4874,VQRBSAKWBZPUKA-KTKRTIGZSA-N,c1coc(N=Nc2ccco2)c1,,1.15
test,5523,BNLKISNPWFGVJD-UHFFFAOYSA,C=CSN1c2ccccc2Sc2ccccc21,,0.89
test,4572,NZGPLWNIGWOADS-HSFFGMMNSA-N,N#CC=Cc1cc(C#N)cc(C=CC#N)c1C#N,,-0.42
test,2515,PERNDFJZANJEHK-UHFFFAOYSA-N,CC(O)=Nc1ccc(C2=C(c3ccc(N=C(C)O)cn3)C(=O)c3nccnc3C2=O)nc1,,1.67
test,3787,ZGZNJXKLCYDYGK-UHFFFAOYSA-N,COc1ccc(C2=C(c3ccc(OC)[nH]3)C(=O)c3c(C#N)ccnc3C2=O)[nH]1,,0.45
test,2968,UJXBQZAQLYSMKN-UHFFFAOYSA-N,O=C1C=C(c2ccc[nH]2)C(=O)c2nccnc21,,1.51
test,1231,INULVXBAFFQTJW-UHFFFAOYSA-N,N#Cc1cnc2c(n1)C(=O)C=C(c1nnc(O)nn1)C2=O,,2.5
test,1025,HPTWZBDAORPTBH-UHFFFAOYSA-N,N#Cc1ccc2c(n1)C(=O)C=C(c1cc(OC(F)(F)F)c[nH]1)C2=O,,1.73
test,346,CEMLJSMJWCFMMI-UHFFFAOYSA-N,N#Cc1cnc2c(n1)C(=O)C(c1cccn1C=O)=CC2=O,,2.04
test,2618,QOVMNKNPNHKHPR-UHFFFAOYSA-N,N#Cc1cnc2c(n1)C(=O)C=C(c1ccc([N+](=O)[O-])s1)C2=O,,2.77
test,3460,XEPCSZGQTIMUPU-UHFFFAOYSA-N,COc1cnc(C2=C(c3ncc(OC)s3)C(=O)c3nccnc3C2=O)s1,,1.29
test,2577,QKFVRJGDGFOALQ-UHFFFAOYSA-N,N#Cc1cnc2c(c1)C(=O)C(c1cnc(O)[nH]1)=CC2=O,,1.58
test,1086,HWPDFSBNCQFOEJ-CCAGOZQPSA-N,N#Cc1nc2c(nc1C#N)C(=O)C(C=CS)=C(C=CS)C2=O,,1.63
test,1400,JJHSLYCSOJBCIB-UHFFFAOYSA-N,N#Cc1ccnc2c1C(=O)C(c1ncc(OC(F)(F)F)s1)=CC2=O,,2.29
test,3832,ZNXQUFXDLJGPBY-UHFFFAOYSA-N,COc1cnc2c(n1)C(=O)C=C(C#CC(F)(F)F)C2=O,,2.88
test,1618,KHMFBXVFGHSDLQ-UHFFFAOYSA-N,COc1ccnc2c1C(=O)C(c1ccc(C#N)[nH]1)=CC2=O,,1.89
test,4280,IJIWVSBRXVHMFC-VHXPQNKSSA-N,COc1ccc(-c2ccc(N=Nc3ccc(-c4ccc(OC)cn4)s3)s2)nc1,,0.79
test,4739,RTXFLXYHGUXDIR-BUHFOSPRSA-N,SC#Cc1ccc(N=Nc2ccc(C#CS)s2)s1,,0.92
test,534,DQKPHWGNPWLWFS-UHFFFAOYSA-N,N#Cc1ccnc2c1C(=O)C(c1nc(F)co1)=C(c1nc(F)co1)C2=O,,2.25
test,696,FKOQTXIRQREQBS-UHFFFAOYSA-N,COc1cnc2c(n1)C(=O)C(c1ccc(S)[nH]1)=C(c1ccc(S)[nH]1)C2=O,,0.63
test,4895,WEOUZDWQNZLNGU-UHFFFAOYSA-N,O=C1c2ccc(-c3ncc(F)cn3)cc2C(=O)c2cc(-c3ncc(F)cn3)ccc21,,2.57
test,2350,OKSKGQNEUAOMQH-UHFFFAOYSA-N,COc1coc(C2=CC(=O)c3nc(OC)cnc3C2=O)n1,,1.74
test,724,GBKQTKGVCWVXLO-UPHRSURJSA-N,N#Cc1cc2c(nc1C#N)C(=O)C=C(C=CF)C2=O,,2.74
test,79,AKJHXFCMMOKBNH-UHFFFAOYSA-N,N#Cc1cnc2c(c1)C(=O)C(c1ncc([N+](=O)[O-])cn1)=C(c1ncc([N+](=O)[O-])cn1)C2=O,,3.07
test,1194,IKIBGZHWNATPLI-UHFFFAOYSA-N,Cn1cccc1C1=C(c2cccn2C)C(=O)c2c(C#N)ccnc2C1=O,,1.07
test,848,GTJHGTOXTKNXQQ-UHFFFAOYSA-N,COc1ccnc2c1C(=O)C(c1cc([N+](=O)[O-])c[nH]1)=CC2=O,,2.05
test,1128,IBPLFKRTJGEKOU-UHFFFAOYSA-N,N#Cc1cnc2c(n1)C(=O)C(C1=CC=C(O)S1(=O)=O)=CC2=O,,2.29
test,4044,DEOKCOKFIMZNNB-UHFFFAOYSA-N,N#Cc1cc(-c2ccc(O)s2)c(C#N)c(-c2ccc(O)s2)c1,,1.4
test,4273,IHNWVLWAGKVUCP-FMQUCBEESA-N,Clc1cnc(-c2ccc(N=Nc3ccc(-c4ncc(Cl)s4)s3)s2)s1,,1.15
test,2662,RIACUEIQOCOJBM-UHFFFAOYSA-N,N#Cc1ccc2c(n1)C(=O)C(n1cc([N+](=O)[O-])nn1)=C(n1cc([N+](=O)[O-])nn1)C2=O,,3.7
test,1199,IKQOEOCIDJLAKO-UHFFFAOYSA-N,CN(C)C#CC1=CC(=O)c2ncc(C#N)nc2C1=O,,1.56
test,3165,VFAIYUWEXOOMMT-UHFFFAOYSA-N,COc1nc2c(nc1OC)C(=O)C(n1cc(OC(F)(F)F)nn1)=C(n1cc(OC(F)(F)F)nn1)C2=O,,2.66
test,1370,JFWYRYQIANVBRO-UHFFFAOYSA-N,N#Cc1cnc2c(c1C#N)C(=O)C(n1ccc3ccccc31)=CC2=O,,1.55
test,4244,HWPNYCQVNGQLOG-FMQUCBEESA-N,Clc1ccc(-c2ccc(N=Nc3ccc(-c4ccc(Cl)o4)s3)s2)o1,,0.76
test,2550,PHWXIGRIDZOPNP-UHFFFAOYSA-N,N#Cc1ccc(C2=C(c3ccc(C#N)[nH]3)C(=O)c3nccnc3C2=O)[nH]1,,1.48
test,1871,MCHITVDFVKVRDO-UHFFFAOYSA-N,CC(O)=Nc1ccc(C2=C(c3ccc(N=C(C)O)s3)C(=O)c3nccnc3C2=O)s1,,0.96
test,5295,LAMGXIKYOKRVJH-UHFFFAOYSA,COc1ccc(cc1)c1ccc2c(c1)C(C)(C)c1c(N2c2ccccc2)ccc(c1)c1ccc(cc1)C1=NN=[C](=N[N]1)OC,,0.67
test,2244,NXMDWFQPRGMPLY-UHFFFAOYSA-N,COc1ccnc2c1C(=O)C(C1=CC=C(C(F)(F)F)S1(=O)=O)=CC2=O,,2.86
test,2342,OKIYRCUIZPSUGD-UHFFFAOYSA-N,CN(C)c1cnc(C2=C(c3ncc(N(C)C)s3)C(=O)c3nc(C#N)cnc3C2=O)s1,,0.62
test,315,BZCMLBCNHHRGGA-UHFFFAOYSA-N,COc1ccnc2c1C(=O)C(c1ncc(OC(F)(F)F)o1)=CC2=O,,2.2
test,3126,VBFMEXQTQMWTJH-UHFFFAOYSA-N,CC(O)=Nc1ccc(C2=C(c3ccc(N=C(C)O)s3)C(=O)c3c(C#N)ccnc3C2=O)s1,,0.81
test,5503,XAPGROCUSNUWFJ-UHFFFAOYSA,O=c1oc2cc(F)ccc2c2cc3ccccc3c([N+](=O)[O-])c12,,1.84
test,3245,WFAHXCGLGQNIPM-UHFFFAOYSA-N,COc1cn(C2=CC(=O)c3ncc(C#N)nc3C2=O)c2ccccc12,,1.19
test,5379,XSFYFXVDCDLUQB-YYLPMUHZSA,CC1(C)c2cc(-c3ccc(/C=N\F)cc3)ccc2N(c2ccc(-c3csc(F)c3)cc2)c2ccc(-c3ccc(-c4csc([N+](=O)[O-])c4)cc3)cc21,,0.78
test,4593,OISJEJDJQHGLMV-DQRAZIAOSA-N,Sc1coc(-c2ccc(N=Nc3ccc(-c4nc(S)co4)cc3)cc2)n1,,1.39
test,3995,BYCYDNYILFSAOA-MVJHLKBCSA-N,FC(F)(F)c1c[nH]c(-c2ccc(N=Nc3ccc(-c4cc(C(F)(F)F)c[nH]4)cc3)cc2)c1,,1.05
test,4765,SGKZTKRXXLMGSE-DQSJHHFOSA-N,O=Cn1c(-c2ccc(N=Nc3ccc(-c4ccc(C(F)(F)F)n4C=O)o3)o2)ccc1C(F)(F)F,,0.84
test,577,DVHPHSIRZCTZTI-UHFFFAOYSA-N,N#Cc1ccnc2c1C(=O)C(c1ncco1)=CC2=O,,2.4
test,1115,HZLWBEITZSHPMQ-UHFFFAOYSA-N,O=C1C(c2ncc(O)s2)=C(c2ncc(O)s2)C(=O)c2ncccc21,,1.27
test,5216,ZVMUTUUDNCPCGZ-UHFFFAOYSA,Oc1ccc(N2c3ccccc3N(c3c[nH]c(S)c3)c3ccccc32)[nH]1,,0.2
test,393,CJRSDFZKVISELN-UHFFFAOYSA-N,COc1ccnc2c1C(=O)C(c1nnc(S)nn1)=CC2=O,,2.28
test,764,GHJHYCJJZJAKPE-UHFFFAOYSA-N,N#Cc1cc(C#N)c2c(n1)C(=O)C=C(c1ncc(C(F)(F)F)o1)C2=O,,2.97
test,324,CANMOXKLTZNLFS-UHFFFAOYSA-N,C=CC1=CC(=O)c2nccnc2C1=O,,2.62
test,2306,OFQVHODXGMDTHZ-UHFFFAOYSA-N,N#Cc1c[nH]c(C2=C(c3cc(C#N)c[nH]3)C(=O)c3ncc(C#N)cc3C2=O)c1,,1.57
test,15,ACJKCPFLJSYLLG-UHFFFAOYSA-N,N#CC1=CC=C(C2=CC(=O)c3ncccc3C2=O)S1(=O)=O,,2.94
test,2463,OYVKIOGOSUJCEJ-UHFFFAOYSA-N,N#Cc1ccnc2c1C(=O)C(c1nnc(S)nn1)=C(c1nnc(S)nn1)C2=O,,2.43
test,3745,ZCMJLEUCVZXKNN-UHFFFAOYSA-N,N#Cc1cnc2c(n1)C(=O)C(c1ccco1)=C(c1ccco1)C2=O,,1.42
test,4690,QRWYOWPZJRRWPK-UHFFFAOYSA-N,O=[N+]([O-])c1ccc(C2([N+](=O)[O-])N=N2)s1,,2.86
test,1219,ILZRLNNRNINFIW-UHFFFAOYSA-N,COc1ccc(C2=C(c3ccc(OC)n3C=O)C(=O)c3ncccc3C2=O)n1C=O,,0.87
test,4561,NWFYNCFZQIPJID-AGSASIROSA-N,N#CC=Cc1ccc(N=Nc2ccc(C=CC#N)s2)s1,,1.42
test,5040,YXXPKOIHKNEONS-UHFFFAOYSA-N,N#Cc1csc(C2(C#N)N=N2)n1,,2.87
test,5326,AOIVKIKTQKQZRA-KDHRXPGNSA,C/N=C\c1ccc(-c2ccc3c(c2)C(C)(C)c2cc(-c4ccc(Cl)cc4)ccc2N3c2ccc(C#N)cc2)cc1,,0.84
test,491,DLFGFBBVGARWSQ-UHFFFAOYSA-N,O=C1C(c2cc(O)c[nH]2)=CC(=O)c2ncccc21,,1.31
test,1505,JVFQCNPRAOMBQY-UHFFFAOYSA-N,COc1ccnc2c1C(=O)C(C1=CC=C(N=C(C)O)S1(=O)=O)=CC2=O,,1.67
test,2570,QJPCUDCJAKJGOR-UHFFFAOYSA-N,O=C1C(n2ccnn2)=C(n2ccnn2)C(=O)c2nccnc21,,2.75
test,84,ALFHPALSRAMBOB-UHFFFAOYSA-N,CC(O)=Nc1ccc(C2=CC(=O)c3nc(C#N)c(C#N)nc3C2=O)cc1,,1.65
test,2980,UKYIXUJFVRMYBC-UHFFFAOYSA-N,COc1cnc2c(c1)C(=O)C(c1ccc(OC)n1C=O)=CC2=O,,1.32
test,4861,VIAAGTGCGOKRCQ-DQRAZIAOSA-N,Fc1c[nH]c(-c2ccc(N=Nc3ccc(-c4cc(F)c[nH]4)s3)s2)c1,,0.54
test,4470,LZPRUGBFNLSXDE-DQRAZIAOSA-N,Cc1ccc(-c2ccc(N=Nc3ccc(-c4ccc(C)n4C)s3)s2)n1C,,0.28
test,4412,KVYQPBKWBDUFHN-FOCLMDBBSA-N,Clc1nnc(-c2ccc(N=Nc3ccc(-c4nnc(Cl)nn4)s3)s2)nn1,,1.72
test,351,CFHRDUXHQYPJIU-UHFFFAOYSA-N,N#Cc1ccc2c(n1)C(=O)C=C(c1ccc(OC(F)(F)F)o1)C2=O,,1.98
test,2571,QJTMVOROYCSZNJ-UHFFFAOYSA-N,N#Cc1cnc2c(c1)C(=O)C(c1c[nH]c(C#N)n1)=CC2=O,,2.36
test,4535,NCVKZEOJJJXHBA-UHFFFAOYSA-N,C#Cc1cc(C#N)cc(C#C)c1C#N,,-0.73
test,5468,OIPWNHGLFDZEPJ-UHFFFAOYSA,COc1nc(-c2c3ccccc3cc3c2c(=O)oc2cc(-c4ccc(Cl)[nH]4)ccc23)co1,,1.02
test,168,AVBGYMBARIGSLV-UHFFFAOYSA-N,COc1ccc2c(n1)C(=O)C=C(c1ccc(N=C(C)O)n1C)C2=O,,0.95
test,1261,IRJPNJKWPRKJBJ-UHFFFAOYSA-N,Cn1c(OC(F)(F)F)ccc1C1=CC(=O)c2ncc(C#N)c(C#N)c2C1=O,,1.6
test,865,GVDRPOWJOCQXLM-UHFFFAOYSA-N,COc1cnc(C2=CC(=O)c3nccnc3C2=O)s1,,1.69
test,2328,OIXYWIXGYGFNGY-UHFFFAOYSA-N,N#Cc1ccc2c(n1)C(=O)C=C(C1=CC=C(O)S1(=O)=O)C2=O,,2.17
test,4511,MUIDZKYQJWIUJE-UHFFFAOYSA-N,Cc1c[nH]c(-c2ccc3c(c2)C(=O)c2cc(-c4cc(C)c[nH]4)ccc2C3=O)c1,,1.21
test,1480,JSLSSWQEXCVHAY-UHFFFAOYSA-N,N#Cc1cnc2c(c1)C(=O)C(c1ncc(S)o1)=C(c1ncc(S)o1)C2=O,,1.6
test,5162,CIKRVQLWSQMJRE-UHFFFAOYSA,Fc1sccc1N1c2ccccc2N(c2cc[nH]c2)c2ccccc21,,0.21
test,598,DYQLLUITRMMHBK-UHFFFAOYSA-N,N#Cc1nc2c(nc1C#N)C(=O)C(c1ccc(S)o1)=CC2=O,,1.59
test,4406,KSZNNMZCXNHKGV-UHFFFAOYSA-N,Cc1coc(-c2ccc3c(c2)C(=O)c2cc(-c4nc(C)co4)ccc2C3=O)n1,,1.88
test,811,GOYTYELEFDYFAY-UHFFFAOYSA-N,N#Cc1ccc(C2=CC(=O)c3ncc(C#N)nc3C2=O)cc1,,2.8
test,1738,LLVABPDLBKSSOF-UHFFFAOYSA-N,O=Cn1c(Cl)ccc1C1=CC(=O)c2ncccc2C1=O,,1.86
test,4302,ISDLZVWFYXYPBO-UHFFFAOYSA-N,O=Cn1c(F)ccc1-c1ccc2c(c1)C(=O)c1cc(-c3ccc(F)n3C=O)ccc1C2=O,,1.61
test,4336,JOQQYRSJLRPGRG-NBSPDGAISA-N,O=[N+]([O-])C=COC=Cc1ccc(N=Nc2ccc(C=COC=C[N+](=O)[O-])s2)s1,,1.07
test,1595,KFCLYMQIRNCYED-UHFFFAOYSA-N,N#Cc1ccc2c(n1)C(=O)C(c1ccc(S)s1)=C(c1ccc(S)s1)C2=O,,1.06
test,584,DWNVXMDMPFDCGM-UHFFFAOYSA-N,COc1ccnc2c1C(=O)C(c1nc(C#N)cs1)=CC2=O,,2.53
test,1175,IGRFXMGSXRDZCB-UHFFFAOYSA-N,N#Cc1cc(C#N)c2c(n1)C(=O)C=C(C#C[N+](=O)[O-])C2=O,,3.62
test,1163,IEXXJNNWSAXZIB-UHFFFAOYSA-N,N#Cc1cnc(C2=CC(=O)c3ncc(C#N)c(C#N)c3C2=O)s1,,2.78
test,4683,QNSGMSIYAGLROC-FMQUCBEESA-N,Clc1ccc(-c2ccc(N=Nc3ccc(-c4ccc(Cl)s4)o3)o2)s1,,0.73
test,5538,ORLJPCZAMUZVQW-UHFFFAOYSA,C#CSN1c2ccccc2Sc2ccccc21,,0.99
test,401,CKYRYMUMTYWXDO-UHFFFAOYSA-N,N#Cc1csc(C2=C(c3nc(C#N)cs3)C(=O)c3c(ncc(C#N)c3C#N)C2=O)n1,,2.52
test,4629,PBHZDQXULMESCQ-VXPUYCOJSA-N,Oc1csc(-c2ccc(N=Nc3ccc(-c4nc(O)cs4)[nH]3)[nH]2)n1,,-0.07
test,1620,KHVCGNHESDUNDX-UHFFFAOYSA-N,N#Cc1cnc2c(c1)C(=O)C(c1ncc(C(F)(F)F)cn1)=C(c1ncc(C(F)(F)F)cn1)C2=O,,2.94
test,800,GNCDYMKJIOQDMO-UHFFFAOYSA-N,CN(C)c1ccc(C2=C(c3ccc(N(C)C)s3)C(=O)c3nc(C#N)cnc3C2=O)s1,,0.26
test,4585,OFAGIVDWHNKWFV-UHFFFAOYSA-N,N#Cc1cc(C2=CC=C(OC(F)(F)F)C2)c(C#N)c(C2=CC=C(OC(F)(F)F)C2)c1,,1.42
test,2224,NUFXIZALPAEHHJ-UHFFFAOYSA-N,N#Cc1cc(C#N)c2c(n1)C(=O)C=CC2=O,,3.75
test,1075,HVLITJAMWYFKLA-UHFFFAOYSA-N,N#Cc1cnc2c(c1C#N)C(=O)C(c1ccc(C(F)(F)F)n1C=O)=CC2=O,,2.51
test,2288,ODMJNGBATQDBBC-UHFFFAOYSA-N,CN(C)c1ccc(C2=CC(=O)c3nc(C#N)ccc3C2=O)[nH]1,,0.6
test,691,FJWSMAAMKSWBTH-UHFFFAOYSA-N,N#Cc1cc(C#N)c2c(n1)C(=O)C(n1ccnc1C(F)(F)F)=C(n1ccnc1C(F)(F)F)C2=O,,2.81
test,5155,ZOWVFZKMYOHAJS-UHFFFAOYSA,ON1c2ccccc2N(c2ccc(OC(F)(F)F)o2)c2ccccc21,,0.42
test,4463,LXCBRKYRLYBDBC-DQRAZIAOSA-N,O=[N+]([O-])c1cnc(-c2ccc(N=Nc3ccc(-c4ncc([N+](=O)[O-])cn4)o3)o2)nc1,,1.49
test,3948,AZBXYFYSDQYJMH-UHFFFAOYSA-N,Fc1csc(C2(F)N=N2)n1,,2.45
test,333,CCUJBZDVECMMMX-UHFFFAOYSA-N,COc1ccc2c(n1)C(=O)C=C(c1nnc(S)nn1)C2=O,,2.25
test,3906,AESSLHRQUPMOFD-VHXPQNKSSA-N,Cn1c(O)ccc1-c1ccc(N=Nc2ccc(-c3ccc(O)n3C)cc2)cc1,,0.52
test,994,HLTQVWTYOGXHKQ-UHFFFAOYSA-N,COc1cnc2c(n1)C(=O)C(c1ccc(C)cn1)=C(c1ccc(C)cn1)C2=O,,2.01
test,2715,RNIKQJLLAGCXDR-UHFFFAOYSA-N,COc1ccnc2c1C(=O)C(C1=CC=CS1(=O)=O)=CC2=O,,2.55
test,132,APYXWLHBKPPUJB-UHFFFAOYSA-N,CN(C)c1csc(C2=CC(=O)c3ncc(C#N)c(C#N)c3C2=O)n1,,1.06
test,3082,UWKNTNAHTCREDW-UHFFFAOYSA-N,N#Cc1cc(C#N)c2c(n1)C(=O)C=C(n1ccnc1OC(F)(F)F)C2=O,,2.17
test,2503,PDBKRQVTFLUPSR-UHFFFAOYSA-N,N#Cc1ccc2c(n1)C(=O)C=C(c1ncco1)C2=O,,2.42
test,80,AKROISIIGVBTNO-UHFFFAOYSA-N,N#Cc1cnc2c(c1C#N)C(=O)C(c1cnc(S)[nH]1)=CC2=O,,1.63
test,1436,JMJODDHDXCSZMI-UHFFFAOYSA-N,N#Cc1ccc2c(n1)C(=O)C=C(C#CS)C2=O,,2.26
test,3439,XBZMUAWLXXIVPI-UHFFFAOYSA-N,O=C1C(c2ccc[nH]2)=CC(=O)c2ncccc21,,1.45
test,3960,BEXLDUTWEBQKRT-UHFFFAOYSA-N,N#Cc1coc(-c2ccc3c(c2)C(=O)c2cc(-c4nc(C#N)co4)ccc2C3=O)n1,,2.57
test,3700,YWZXSAKJKGXAJL-UHFFFAOYSA-N,Cc1c[nH]c(C2=C(c3cc(C)c[nH]3)C(=O)c3c(C#N)cc(C#N)nc3C2=O)c1,,0.88
test,599,DYTIKWWKOBBHSE-UHFFFAOYSA-N,O=C1C=C(c2nc(C(F)(F)F)co2)C(=O)c2nccnc21,,2.84
test,2053,MZKUUFDYIZZLPK-UHFFFAOYSA-N,COc1ccc(C2=C(c3ccc(OC)s3)C(=O)c3nc(C#N)c(C#N)nc3C2=O)s1,,1.17
test,3912,AIBUDYASXYCUJS-FMQUCBEESA-N,COc1ccc(-c2ccc(N=Nc3ccc(-c4ccc(OC)s4)s3)s2)s1,,0.45
test,3589,XULBHYCUKYLVNN-OWOJBTEDSA-N,N#Cc1nc2c(nc1C#N)C(=O)C(C=CF)=CC2=O,,2.8
test,4705,RAPLMSGLQMGQLJ-AHLMDIMYSA-N,FC=Cc1ccc(N=Nc2ccc(C=CF)cc2)cc1,,1.47
test,1393,JIPUFZKKHKNWOJ-GLIMQPGKSA-N,N#Cc1ccc2c(n1)C(=O)C(C=CO)=C(C=CO)C2=O,,1.24
test,1242,IORPLQMBRFLDNU-UHFFFAOYSA-N,COc1ccnc2c1C(=O)C(c1nc(N=C(C)O)co1)=CC2=O,,1.7
test,625,FBVPODVILXLQDJ-PLNGDYQASA-N,COC=CC1=CC(=O)c2nc(C#N)ccc2C1=O,,1.81
test,468,CZHNSXGEKMVORR-UHFFFAOYSA-N,CN(C)C1=CC=C(C2=CC(=O)c3nc(C#N)c(C#N)nc3C2=O)C1,,0.79
test,2732,RPVNJHDJTADJMQ-UHFFFAOYSA-N,N#Cc1cc(C#N)c2c(n1)C(=O)C=C(c1nc(O)co1)C2=O,,2.03
test,751,GFAHHXDMJYSJOV-UHFFFAOYSA-N,COc1nc2c(nc1OC)C(=O)C(c1ncc(C(F)(F)F)s1)=CC2=O,,2.4
test,2498,PCEXAPHSXTWJTB-UHFFFAOYSA-N,COc1cnc2c(n1)C(=O)C=C(C1=CC=C(C(F)(F)F)S1(=O)=O)C2=O,,2.82
test,4338,JPQMJOGDBBPNRQ-QNEJGDQOSA-N,FC(F)(F)c1ccc(-c2ccc(N=Nc3ccc(-c4ccc(C(F)(F)F)cc4)[nH]3)[nH]2)cc1,,0.71
test,2574,QJZDFLJFCBKORY-UHFFFAOYSA-N,COc1nc2c(nc1OC)C(=O)C(c1ncc(Cl)s1)=CC2=O,,2.06
test,2057,MZPUWIWNRVQNJI-UHFFFAOYSA-N,N#Cc1cnc2c(n1)C(=O)C(c1ccc(C#N)s1)=CC2=O,,2.42
test,2025,MVTRUBMEARWHNU-UHFFFAOYSA-N,CC(O)=Nc1ccc(C2=CC(=O)c3nc(C#N)cc(C#N)c3C2=O)n1C,,1.05
test,167,AUZSBHAKHACSNR-UHFFFAOYSA-N,N#Cc1cnc2c(n1)C(=O)C=C(C1=CC=C(O)C1)C2=O,,1.23
test,1813,LVQWMDRUZLKXNV-UHFFFAOYSA-N,N#Cc1ccc(C2=C(c3ccc(C#N)cn3)C(=O)c3c(C#N)ccnc3C2=O)nc1,,2.79
test,4543,NGPVVXZPVMKQOI-UHFFFAOYSA-N,O=C1c2ccc(-c3cnc(S)[nH]3)cc2C(=O)c2cc(-c3cnc(S)[nH]3)ccc21,,1.58
test,2905,SJMHIPJKHYNDGV-UHFFFAOYSA-N,COc1cnc2c(n1)C(=O)C(c1ncc(C)s1)=C(c1ncc(C)s1)C2=O,,1.57
test,5406,CGHORWGOJVSFSZ-UHFFFAOYSA,O=c1oc2cc(-c3ccnc([N+](=O)[O-])n3)ccc2c2cc3ccccc3c(C#COC(F)(F)F)c12,,1.62
test,1599,KFJMPWXKLNJLLG-UHFFFAOYSA-N,COc1ccnc2c1C(=O)C(C1=CC=C(F)S1(=O)=O)=CC2=O,,2.5
test,2795,RXFSBLMJADAJOS-UHFFFAOYSA-N,COc1cnc(C2=CC(=O)c3nccc(OC)c3C2=O)s1,,1.58
test,3698,YWQRDZVZCRNTKG-UHFFFAOYSA-N,N#Cc1ccc2c(n1)C(=O)C(c1ncc(S)o1)=C(c1ncc(S)o1)C2=O,,1.61
test,4712,RDIBJFNAFTYVNQ-VHXPQNKSSA-N,Clc1ccc(-c2ccc(N=Nc3ccc(-c4ccc(Cl)cn4)o3)o2)nc1,,0.85
test,2594,QMAOUBLCRRWWKV-UHFFFAOYSA-N,COc1ccc(C2=C(c3ccc(OC)n3C)C(=O)c3nc(C#N)ccc3C2=O)n1C,,0.51
test,3227,WDRMHAATWTUDTI-UHFFFAOYSA-N,COc1nc2c(nc1OC)C(=O)C(C#COC(F)(F)F)=C(C#COC(F)(F)F)C2=O,,2.22
test,3616,XXJKYVAPEVEOKS-UHFFFAOYSA-N,CN(C)c1ccc(C2=CC(=O)c3ncc(C#N)nc3C2=O)nc1,,1.29
test,5100,DVOCYZZQFJWIEN-UHFFFAOYSA,N#CN1c2ccccc2N(F)c2ccccc21,,1.87
test,3313,WNKNYNHBCJGEOM-UHFFFAOYSA-N,N#Cc1cc(C#N)c2c(n1)C(=O)C(c1cnc(C(F)(F)F)[nH]1)=C(c1cnc(C(F)(F)F)[nH]1)C2=O,,2.11
test,1839,LYTAZFOMIUXJPD-KGMKFKQSSA-N,CN=CC1=C(C=NC)C(=O)c2ncc(C#N)cc2C1=O,,1.73
test,2481,PAKHHWCNRKLNRN-UHFFFAOYSA-N,N#Cc1cnc2c(n1)C(=O)C=C(C1=CC=C(OC(F)(F)F)C1)C2=O,,1.61
test,2942,UGTYCBZNBCKEOZ-UHFFFAOYSA-N,CN(C)c1ccc(C2=CC(=O)c3ncc(C#N)c(C#N)c3C2=O)s1,,1.02
test,3395,WXBZTWRXBHYMEQ-UHFFFAOYSA-N,O=C1C(n2ccnc2[N+](=O)[O-])=C(n2ccnc2[N+](=O)[O-])C(=O)c2nccnc21,,3.13
test,3752,ZDKFJBPTIJBLTQ-UHFFFAOYSA-N,N#Cc1nc2c(nc1C#N)C(=O)C(c1cnc(Cl)[nH]1)=CC2=O,,2.07
test,2948,UHQAJPBMRXARDD-UHFFFAOYSA-N,N#Cc1cnc2c(n1)C(=O)C(c1ccc(C(F)(F)F)o1)=CC2=O,,2.45
test,3728,ZACFHRMIWHKNCD-UHFFFAOYSA-N,N#Cc1cc(C#N)c2c(n1)C(=O)C=C(c1ncc(O)s1)C2=O,,1.89
test,2941,UGTFLNYDQZMUTQ-UHFFFAOYSA-N,CC(O)=Nc1ccc(C2=CC(=O)c3nccnc3C2=O)n1C=O,,1.21
test,3209,WBDSVGUZZGICRZ-UHFFFAOYSA-N,COc1cnc2c(c1)C(=O)C(c1ccc(C#N)o1)=CC2=O,,2.26
test,1057,HTROAKNCJHCFRE-UHFFFAOYSA-N,N#Cc1ccc2c(n1)C(=O)C=C(c1ccc(OC(F)(F)F)n1C=O)C2=O,,1.85
test,1564,KBYNYYFONFPQMZ-UHFFFAOYSA-N,C=CC1=C(C=C)C(=O)c2c(ncc(C#N)c2C#N)C1=O,,2.2
test,296,BXHOPJAEGSWSOU-UHFFFAOYSA-N,COc1ccc(C2=CC(=O)c3nc(C#N)cc(C#N)c3C2=O)n1C=O,,1.49
test,915,HAPCEWDLJPCGBA-UHFFFAOYSA-N,N#Cc1ccc2c(n1)C(=O)C(c1ccc(C(F)(F)F)n1C=O)=C(c1ccc(C(F)(F)F)n1C=O)C2=O,,2.1
test,3795,ZIIUFQCNRWTYHI-UHFFFAOYSA-N,N#Cc1ccc2c(n1)C(=O)C=C(c1ccc(F)cn1)C2=O,,2.59
test,1654,KMJALENBRRJPSJ-HSFFGMMNSA-N,N#Cc1cnc2c(n1)C(=O)C(C=CC(F)(F)F)=C(C=CC(F)(F)F)C2=O,,2.93
test,1769,LQGLDEKNTSMECQ-UHFFFAOYSA-N,N#Cc1cnc2c(n1)C(=O)C=C(c1nc([N+](=O)[O-])cs1)C2=O,,2.83
test,763,GHIZWQXSNDFRCQ-UHFFFAOYSA-N,N#Cc1ccnc2c1C(=O)C(c1nc(C(F)(F)F)co1)=CC2=O,,2.86
test,2245,NXNDOEXGRQIQTF-UHFFFAOYSA-N,COc1nc2c(nc1OC)C(=O)C(c1ccc(C#N)cn1)=CC2=O,,2.29
test,4421,KZUSOYJKLMOYIU-UHFFFAOYSA-N,O=[N+]([O-])c1cnc(C2([N+](=O)[O-])N=N2)s1,,3.26
test,5426,HONDLCIGWQHOMH-UHFFFAOYSA,Cc1cccc(-c2ccc3c(c2)oc(=O)c2c(-c4csc([N+](=O)[O-])n4)c4ccccc4cc23)n1,,1.6
test,2622,QPDGDKUVMDKVRO-UHFFFAOYSA-N,CC(O)=Nc1ccc(C2=CC(=O)c3ncc(C#N)c(C#N)c3C2=O)nc1,,1.84
test,135,AQLNLWFZPDXBNU-UHFFFAOYSA-N,COc1cnc2c(n1)C(=O)C(c1ncccn1)=C(c1ncccn1)C2=O,,2.53
test,5251,OHMZLKSKHKJLJU-UHFFFAOYSA,Clc1cc(N2c3ccccc3N(c3ccoc3Cl)c3ccccc32)co1,,0.27
test,5516,ZGGYVVVITASLBI-UHFFFAOYSA,C#CCc1ccc2c(c1)oc(=O)c1c(C#CO)c3ccccc3cc12,,1.34
test,1074,HVJRWAQFGUIPKG-ZPUQHVIOSA-N,N#Cc1cnc2c(c1)C(=O)C(C=CF)=C(C=CF)C2=O,,2.06
test,2525,PFTNNXFNDWXSOB-UHFFFAOYSA-N,N#Cc1ccc2c(n1)C(=O)C=C(c1cnc(O)[nH]1)C2=O,,1.58
test,2016,MUIGVSDADHIMNJ-UHFFFAOYSA-N,COc1cnc2c(n1)C(=O)C(n1cc([N+](=O)[O-])nn1)=CC2=O,,2.91
test,2029,MWFKDOXECYXYGD-UHFFFAOYSA-N,N#Cc1ccc2c(n1)C(=O)C(c1cc([N+](=O)[O-])c[nH]1)=C(c1cc([N+](=O)[O-])c[nH]1)C2=O,,1.86
test,911,HABWXQLXWVDRLX-UHFFFAOYSA-N,COc1cnc2c(c1)C(=O)C(c1ccc(N=C(C)O)[nH]1)=CC2=O,,0.96
test,4878,VTVOXMWLHKEATI-UHFFFAOYSA-N,N#Cc1cc(-c2cnc(C(F)(F)F)[nH]2)c(C#N)c(-c2cnc(C(F)(F)F)[nH]2)c1,,-0.76
test,3411,WYXZXBZRIQHHCK-UHFFFAOYSA-N,Cc1cnc(C2=C(c3ncc(C)s3)C(=O)c3nc(C#N)ccc3C2=O)s1,,1.63
test,1934,MKHWBMXQHXXOBJ-UHFFFAOYSA-N,COc1cnc2c(n1)C(=O)C=C(c1ncc(O)o1)C2=O,,1.81
test,1966,MOZRSCPJYWPMGE-UHFFFAOYSA-N,N#Cc1cc(C#N)c2c(n1)C(=O)C(c1ccc(F)n1C=O)=C(c1ccc(F)n1C=O)C2=O,,1.67
test,3683,YUMYXBVFAIUERD-UHFFFAOYSA-N,CN(C)c1ccc(C2=C(c3ccc(N(C)C)cn3)C(=O)c3nc(C#N)c(C#N)cc3C2=O)nc1,,1.06
test,5057,ZGTNYEVHEAYRPI-OCEACIFDSA-N,Fc1ncc(-c2ccc(N=Nc3ccc(-c4cnc(F)[nH]4)cc3)cc2)[nH]1,,1.27
test,5136,SRNRASXWDIZBEQ-UHFFFAOYSA,O=S1(=O)C=C(N2c3ccccc3N(c3cccc(F)c3)c3ccccc32)C=C1Cl,,0.71
test,4231,HTGSWOHHMYRGCU-UHFFFAOYSA-N,O=C1c2ccc(-c3nc(F)cs3)cc2C(=O)c2cc(-c3nc(F)cs3)ccc21,,2.28
test,3100,UYJXKZKWCLFFIQ-UHFFFAOYSA-N,N#Cc1ccc2c(n1)C(=O)C(C1=CC=C(S)S1(=O)=O)=C(C1=CC=C(S)S1(=O)=O)C2=O,,1.77
test,121,AOOZNVHNVMDCKA-UHFFFAOYSA-N,N#Cc1cnc2c(n1)C(=O)C=C(c1cnc(S)[nH]1)C2=O,,1.58
test,1817,LWCPRERFDGWNRU-UHFFFAOYSA-N,N#Cc1ccc2c(n1)C(=O)C=C(c1ncc([N+](=O)[O-])s1)C2=O,,2.93
test,1351,JDEXDUXPISTFOJ-UHFFFAOYSA-N,N#Cc1cc2c(nc1C#N)C(=O)C(C1=CC=C(OC(F)(F)F)C1)=C(C1=CC=C(OC(F)(F)F)C1)C2=O,,1.07
test,1039,HRQARIMOBYTEOH-UHFFFAOYSA-N,N#Cc1cnc2c(c1C#N)C(=O)C(c1nnc(O)nn1)=C(c1nnc(O)nn1)C2=O,,2.55
test,3050,USUDTNIRAANVAI-UHFFFAOYSA-N,Cc1nccn1C1=C(n2ccnc2C)C(=O)c2c(C#N)cc(C#N)nc2C1=O,,1.97
test,5185,MZJQEPPWJSIRLR-UHFFFAOYSA,Cc1nnc(N2c3ccccc3N(c3cnc(O)o3)c3ccccc32)nn1,,0.94
test,1379,JGVWSTZZWSQQSK-UHFFFAOYSA-N,CC(O)=Nc1ccc(C2=CC(=O)c3nc(C#N)c(C#N)nc3C2=O)s1,,1.36
test,2093,NENNQRUEZVFNJR-UHFFFAOYSA-N,CC#CC1=C(C#CC)C(=O)c2c(C#N)ccnc2C1=O,,2.19
test,2615,QOINKFDFRDMSMP-UHFFFAOYSA-N,N#Cc1cc(C#N)c2c(n1)C(=O)C=C(n1ccnc1[N+](=O)[O-])C2=O,,2.94
test,2416,OTJDVGYAZZWTIZ-UHFFFAOYSA-N,N#Cc1cnc2c(c1C#N)C(=O)C(c1ccc(F)s1)=CC2=O,,1.97
test,2086,NCZWMBZYFMJFAI-UHFFFAOYSA-N,N#Cc1ccnc2c1C(=O)C(C1=CC=C(O)C1)=CC2=O,,1.09
test,3491,XIEVISLUCQKIFE-UHFFFAOYSA-N,COc1nnc(C2=CC(=O)c3nc(C#N)ccc3C2=O)nn1,,2.34
test,3917,AJYDRTUPDXCAEO-UHFFFAOYSA-N,Cn1c(O)ccc1C1(O)N=N1,,0.87
test,426,CPMVBONYNVFKSL-UHFFFAOYSA-N,N#Cc1cc2c(nc1C#N)C(=O)C(c1ncc(OC(F)(F)F)o1)=C(c1ncc(OC(F)(F)F)o1)C2=O,,2.12
test,2067,NARGEZOPGZEZQI-UHFFFAOYSA-N,Cn1cccc1C1=CC(=O)c2ncc(C#N)cc2C1=O,,1.53
test,2402,ORRPVDJVPYNTGW-AATRIKPKSA-N,CN(C)C=CC1=CC(=O)c2nc(C#N)ccc2C1=O,,1.16
test,2932,SSSDQYQZXZKRQI-UHFFFAOYSA-N,COc1ncc(C2=C(c3cnc(OC)[nH]3)C(=O)c3nccnc3C2=O)[nH]1,,0.8
test,3320,WNSJBXKGCJUYFV-GLIMQPGKSA-N,COC=CC1=C(C=COC)C(=O)c2nc(C#N)c(C#N)cc2C1=O,,1.3
test,925,HBVKXRDRHJXVGU-UHFFFAOYSA-N,COc1nc2c(nc1OC)C(=O)C(c1ncc(O)o1)=CC2=O,,1.73
test,501,DMSMVTIGQKCUKT-UHFFFAOYSA-N,Cc1ccc(C2=CC(=O)c3nc(C#N)c(C#N)nc3C2=O)s1,,1.86
test,2835,SBJHISLHWVUSJR-UHFFFAOYSA-N,N#CC1=CC=C(C2=CC(=O)c3nc(C#N)cnc3C2=O)S1(=O)=O,,3.09
test,1504,JVERDECDCBQKBO-UHFFFAOYSA-N,COc1cnc2c(c1)C(=O)C(c1ccc(F)n1C=O)=CC2=O,,1.78
test,712,FMMZKRCZBCKRKM-UHFFFAOYSA-N,CC(O)=Nc1cnc(C2=C(c3ncc(N=C(C)O)o3)C(=O)c3ncccc3C2=O)o1,,1.36
test,1268,ISEQPSREFHDRIO-UHFFFAOYSA-N,O=C1C(C2=CC=C(OC(F)(F)F)C2)=CC(=O)c2ncccc21,,1.57
test,3168,VWULYWZEWIPFDE-UHFFFAOYSA-N,COc1nc2c(nc1OC)C(=O)C(c1nc(F)cs1)=CC2=O,,2.19
test,240,BQSBTRSFXGSEQJ-ARJAWSKDSA-N,CN(C)C=CC1=CC(=O)c2nc(C#N)c(C#N)nc2C1=O,,1.2
test,2843,SCHCDASSQUYEIB-UHFFFAOYSA-N,Cn1c(O)ccc1C1=C(c2ccc(O)n2C)C(=O)c2nc(C#N)c(C#N)cc2C1=O,,0.6
test,711,FMMUXVKOHFPKGS-UHFFFAOYSA-N,N#Cc1nc(C2=C(c3c[nH]c(C#N)n3)C(=O)c3c(ncc(C#N)c3C#N)C2=O)c[nH]1,,2.02
test,2302,OFDVOEPRRZZHGD-UHFFFAOYSA-N,CN(C)c1ncc(C2=CC(=O)c3ncc(C#N)cc3C2=O)[nH]1,,0.94
test,2937,UGJPKWAUHWLDIU-UHFFFAOYSA-N,Cc1ccc(C2=CC(=O)c3nc(C#N)cnc3C2=O)n1C,,1.33
test,2820,SAEZAAJVETZIIR-UHFFFAOYSA-N,N#Cc1ccnc2c1C(=O)C(c1ccc(OC(F)(F)F)s1)=C(c1ccc(OC(F)(F)F)s1)C2=O,,1.55
test,4818,UKCOEFWMCBYOFR-ISLYRVAYSA-N,Oc1csc(-c2ccc(N=Nc3ccc(-c4nc(O)cs4)s3)s2)n1,,1.03
test,2445,OWSULOFKIQQXMH-UHFFFAOYSA-N,N#Cc1cnc2c(c1)C(=O)C(c1cc(F)c[nH]1)=C(c1cc(F)c[nH]1)C2=O,,1.12
test,2432,OVEWGUFZHDAAGN-UHFFFAOYSA-N,O=C1C(C#CS)=C(C#CS)C(=O)c2nccnc21,,1.73
test,2339,OKCUIAFNKCVWGG-UHFFFAOYSA-N,N#Cc1cnc2c(c1C#N)C(=O)C(c1nc(OC(F)(F)F)co1)=C(c1nc(OC(F)(F)F)co1)C2=O,,2.26
test,1476,JSFRRLCYVYUYKY-UHFFFAOYSA-N,CN(C)c1cnc(C2=CC(=O)c3nc(C#N)cnc3C2=O)o1,,1.14
test,4224,HOPCHDDWOUAPGM-UHFFFAOYSA-N,N#Cc1cnc(-c2ccc3c(c2)C(=O)c2cc(-c4ncc(C#N)o4)ccc2C3=O)o1,,2.5
test,1665,KNTAHSFYLKWZEW-UHFFFAOYSA-N,CN(C)c1ccc(C2=C(c3ccc(N(C)C)s3)C(=O)c3nc(C#N)c(C#N)nc3C2=O)s1,,0.48
test,1485,JTASLNYOGAJAMB-UHFFFAOYSA-N,N#Cc1cc(C#N)c2c(n1)C(=O)C=C(c1ncc(OC(F)(F)F)o1)C2=O,,2.41
test,2304,OFFDHTXWEANTEL-UHFFFAOYSA-N,N#Cc1ccc(C2=CC(=O)c3nc(C#N)cc(C#N)c3C2=O)cc1,,2.82
test,2441,OWGRNFGLCCYVIW-UHFFFAOYSA-N,N#Cc1ccnc2c1C(=O)C(c1ccc(Cl)cn1)=C(c1ccc(Cl)cn1)C2=O,,2.33
test,3548,XOBFEUVLJJABBY-UHFFFAOYSA-N,N#Cc1cnc2c(n1)C(=O)C(c1cnc([N+](=O)[O-])[nH]1)=C(c1cnc([N+](=O)[O-])[nH]1)C2=O,,2.41
test,3780,ZGFYXACXPFDUEW-MLPAPPSSSA-N,CN=CC1=CC(=O)c2nccc(OC)c2C1=O,,1.78
test,2110,NGKBNVMYQOZLAP-UHFFFAOYSA-N,COc1ccnc2c1C(=O)C(c1nc(Cl)cs1)=CC2=O,,2.16
test,4368,KAVRPHUQUURSCB-DQRAZIAOSA-N,Oc1cnc(-c2ccc(N=Nc3ccc(-c4ncc(O)cn4)s3)s2)nc1,,0.98
test,2995,UMPYBQZPAKUZDV-UHFFFAOYSA-N,N#Cc1ccc2c(n1)C(=O)C=C(c1cnc([N+](=O)[O-])[nH]1)C2=O,,2.56
test,3966,BHLMACSDDHWUBI-NURZGURASA-N,FC=COC=Cc1ccc(N=Nc2ccc(C=COC=CF)s2)s1,,0.61
test,4259,IDIACAAPRGOIPY-UHFFFAOYSA-N,O=C1c2ccc(-c3ncc(C(F)(F)F)o3)cc2C(=O)c2cc(-c3ncc(C(F)(F)F)o3)ccc21,,2.45
test,2894,SHYNWMOJVRIPDK-UHFFFAOYSA-N,CC(O)=Nc1csc(C2=CC(=O)c3ncccc3C2=O)n1,,1.57
test,208,BAJZQDZNJPRVQU-UHFFFAOYSA-N,N#Cc1nc2c(nc1C#N)C(=O)C(c1ncc(F)o1)=C(c1ncc(F)o1)C2=O,,2.2
test,5415,FDEUSEVCKLSSKX-UHFFFAOYSA,N#Cc1cccc(-c2ccc3c(c2)oc(=O)c2cc4ccccc4cc23)n1,,1.58
test,812,GPAGDALNOWNDNB-UHFFFAOYSA-N,O=C1C=C(c2nnc(C(F)(F)F)nn2)C(=O)c2nccnc21,,2.71
test,4716,RFXPTLQYMKKJGO-MZAUSLISSA-N,N=Cc1ccc2c(c1)C(=O)c1cc(C=N)ccc1C2=O,,2.78
test,248,BRKZFSVJMRXIHA-UHFFFAOYSA-N,COc1nc2c(nc1OC)C(=O)C(c1ncc(Cl)s1)=C(c1ncc(Cl)s1)C2=O,,1.76
test,544,DRKBZCKCYBYGGB-UHFFFAOYSA-N,N#Cc1cnc2c(n1)C(=O)C(c1nccs1)=CC2=O,,2.36
test,1499,JUVLDCKAVUYLSZ-UHFFFAOYSA-N,N#Cc1cnc2c(c1)C(=O)C(c1ncc(Cl)s1)=CC2=O,,2.18
test,3425,XBFCZUGGDBEEDK-QLKAYGNNSA-N,N#Cc1cnc2c(n1)C(=O)C=C(C=N[N+](=O)[O-])C2=O,,3.56
test,453,CUWWEYHCNDVFHC-UHFFFAOYSA-N,N#Cc1cnc2c(c1)C(=O)C(c1nnc(F)nn1)=C(c1nnc(F)nn1)C2=O,,2.94
test,2943,UGVLXAYBTUPOTM-UHFFFAOYSA-N,N#Cc1ccc2c(n1)C(=O)C=C(c1nnc(F)nn1)C2=O,,2.74
test,2867,SEZABKHMHBNJMQ-UHFFFAOYSA-N,N#Cc1cnc2c(n1)C(=O)C(c1nc(Cl)co1)=CC2=O,,2.45
test,4362,JYZQXRHBUAUYQT-UHFFFAOYSA-N,N#CC1=CC=C(C2(C#N)N=N2)C1,,2.12
test,3409,WYFRQBJOCMHCAI-UHFFFAOYSA-N,N#Cc1nc2c(nc1C#N)C(=O)C(n1cc(OC(F)(F)F)nn1)=CC2=O,,2.96
test,1223,IMUDPXYAHDMHBX-UHFFFAOYSA-N,COc1ccc2c(n1)C(=O)C=C(c1ccc(N=C(C)O)cc1)C2=O,,1.54
test,1773,LQPNJKQRYBTVSR-UHFFFAOYSA-N,N#Cc1ccnc2c1C(=O)C(c1ccc(O)o1)=CC2=O,,1.49
test,5464,NWOQNPHPPKUIPE-UHFFFAOYSA,O=c1oc2cc(F)ccc2c2cc3ccccc3c(-c3cnc(C(F)(F)F)o3)c12,,1.71
test,4937,XAUGSJLRJBNJBS-UHFFFAOYSA-N,N#Cc1ccc(C2(C#N)N=N2)n1C=O,,2.56
test,787,GKWUPDPCYDMDKE-UHFFFAOYSA-N,COc1nc2c(nc1OC)C(=O)C(c1ccc(C(F)(F)F)[nH]1)=CC2=O,,1.8
test,3813,ZLAWNMNKECVEKI-UHFFFAOYSA-N,N#Cc1ccc2c(n1)C(=O)C(c1ncc([N+](=O)[O-])s1)=C(c1ncc([N+](=O)[O-])s1)C2=O,,2.71
test,102,ANLWVOJXDGDUKL-UHFFFAOYSA-N,N#Cc1ccc(C2=CC(=O)c3ncc(C#N)cc3C2=O)nc1,,2.93
test,2855,SDGLIUQJQAXWTP-UHFFFAOYSA-N,Cc1cnc(C2=CC(=O)c3nc(C#N)c(C#N)nc3C2=O)nc1,,2.64
test,624,FBSNLWLVYIUDNO-UHFFFAOYSA-N,COc1cnc2c(n1)C(=O)C(C#C[N+](=O)[O-])=C(C#C[N+](=O)[O-])C2=O,,3.04
test,5452,LOHIEPRQXQRQCB-UHFFFAOYSA,Cc1cc(-c2c3ccccc3cc3c2c(=O)oc2cc(-c4ccoc4Cl)ccc23)n[nH]1,,1.41
test,2705,RMHXYFZDPJUOGY-UHFFFAOYSA-N,COc1cnc2c(n1)C(=O)C=C(c1ccc([N+](=O)[O-])o1)C2=O,,2.6
test,5504,XFBDWZOUJIVKQN-UHFFFAOYSA,O=c1oc2cc(-c3ccoc3O)ccc2c2cc3ccccc3c(-c3coc(C(F)(F)F)n3)c12,,1.14
test,107,ANUCBZHVAFXAAY-UHFFFAOYSA-N,COc1ccc(C2=C(c3ccc(OC)[nH]3)C(=O)c3nc(C#N)c(C#N)cc3C2=O)[nH]1,,0.47
test,3357,WSNIIMXDGXNCRZ-UHFFFAOYSA-N,COc1nc2c(nc1OC)C(=O)C(c1ccc(C#N)s1)=CC2=O,,2.18
test,29,AEQVGFWYUDIFCF-UHFFFAOYSA-N,N#Cc1cnc2c(c1C#N)C(=O)C(c1ccc(F)cc1)=CC2=O,,2.45
test,4246,HXIWVHHUIHLLNX-UHFFFAOYSA-N,N#Cc1cc(-c2ccc([N+](=O)[O-])cn2)c(C#N)c(-c2ccc([N+](=O)[O-])cn2)c1,,2.98
test,4449,LNABAYXQLRGOHY-UHFFFAOYSA-N,O=[N+]([O-])c1cnc(C2([N+](=O)[O-])N=N2)o1,,3.51
test,1281,ITXBQNVNVSBLPC-UHFFFAOYSA-N,CC(O)=Nc1ccc(C2=C(c3ccc(N=C(C)O)n3C=O)C(=O)c3nc(C#N)ccc3C2=O)n1C=O,,0.85
test,1022,HPLMAGCXBXRIRV-UHFFFAOYSA-N,N#Cc1cnc2c(c1C#N)C(=O)C(C#C[N+](=O)[O-])=CC2=O,,3.68
test,239,BQRSJTFELBIZHA-UHFFFAOYSA-N,N#Cc1cc2c(nc1C#N)C(=O)C=C(c1ccc(C(F)(F)F)[nH]1)C2=O,,2.01
test,2091,NEFOZERQHXLMJX-UHFFFAOYSA-N,N#Cc1ccnc2c1C(=O)C(n1cc([N+](=O)[O-])c3ccccc31)=CC2=O,,2.09
test,4427,LCACDFZXNYCPLI-UHFFFAOYSA-N,FC(F)(F)c1ccc(C2(C(F)(F)F)N=N2)s1,,2.57
test,1410,JKDGBMVOJBIINJ-UHFFFAOYSA-N,CC(O)=Nc1ccc(C2=CC(=O)c3nc(C#N)cc(C#N)c3C2=O)cc1,,1.68
test,2292,OEHCCNUPFZVWPX-UHFFFAOYSA-N,N#Cc1ccc2c(n1)C(=O)C=C(c1nnc(C#N)nn1)C2=O,,2.76
test,4608,OOXGOVAKHNBCRZ-FMQUCBEESA-N,O=[N+]([O-])c1ncc(-c2ccc(N=Nc3ccc(-c4cnc([N+](=O)[O-])[nH]4)s3)s2)[nH]1,,1.31
test,2497,PCEJEWFNTYQSBL-UHFFFAOYSA-N,N#Cc1ccnc2c1C(=O)C(c1ccc(C#N)n1C=O)=CC2=O,,2.43
test,1038,HQZFHRZMKVWZEF-UHFFFAOYSA-N,COc1cnc2c(n1)C(=O)C(c1ccc([N+](=O)[O-])cn1)=CC2=O,,2.78
test,4213,HIRLFXMJOOSGRN-UHFFFAOYSA-N,FC(F)(F)Oc1cnc(C2(OC(F)(F)F)N=N2)nc1,,3.21
test,3438,XBYKYHZLWZCGQP-UHFFFAOYSA-N,COc1ccc2c(n1)C(=O)C=C(c1ccc(OC(F)(F)F)cn1)C2=O,,2.39
test,2083,NCPKBDFBJPRSNN-UHFFFAOYSA-N,N#Cc1cc(C#N)c2c(n1)C(=O)C(c1nc(S)cs1)=C(c1nc(S)cs1)C2=O,,1.6
test,4355,JXJUFLLXYYKGOQ-MVJHLKBCSA-N,FC(F)(F)Oc1ccc(-c2ccc(N=Nc3ccc(-c4ccc(OC(F)(F)F)[nH]4)cc3)cc2)[nH]1,,0.93
test,4253,IANVYWJWXOMBIA-ISLYRVAYSA-N,O=[N+]([O-])c1cnc(-c2ccc(N=Nc3ccc(-c4ncc([N+](=O)[O-])s4)o3)o2)s1,,1.61
test,3956,BDEYIGWYOMXLBM-UHFFFAOYSA-N,O=C1c2ccc(C3=CC=C(OC(F)(F)F)S3(=O)=O)cc2C(=O)c2cc(C3=CC=C(OC(F)(F)F)S3(=O)=O)ccc21,,2.23
test,2897,SIHWEBGSVGBZKC-UHFFFAOYSA-N,Cn1c(S)ccc1C1=CC(=O)c2nccnc2C1=O,,1.12
test,969,HIIIRSSSRTWRMR-YMBWGVAGSA-N,COC=CC1=C(C=COC)C(=O)c2nc(C#N)ccc2C1=O,,1.27
test,2778,RVGRIIDZNLWSMF-UHFFFAOYSA-N,N#Cc1ccc2c(n1)C(=O)C(c1ncc(OC(F)(F)F)o1)=C(c1ncc(OC(F)(F)F)o1)C2=O,,2.21
test,199,AYTAWFNXQQQCNI-UHFFFAOYSA-N,CN(C)c1ncc(C2=C(c3cnc(N(C)C)[nH]3)C(=O)c3nc(C#N)cnc3C2=O)[nH]1,,0.48
test,2117,NHBPFRTZWJUBPD-UHFFFAOYSA-N,COc1cnc2c(c1)C(=O)C(C1=CC=C(F)S1(=O)=O)=CC2=O,,2.44
test,3431,XBQYIWGVXHVXNA-UHFFFAOYSA-N,COc1nc2c(nc1OC)C(=O)C(n1ccnn1)=C(n1ccnn1)C2=O,,2.49
test,1672,KPFZCUPAPZKRRD-UHFFFAOYSA-N,COc1cnc2c(c1)C(=O)C(c1ccc(O)cc1)=CC2=O,,1.8
test,3827,ZNEXQJSFFKOARV-UHFFFAOYSA-N,N#Cc1nc2c(nc1C#N)C(=O)C(c1ncc(OC(F)(F)F)s1)=CC2=O,,2.27
test,1897,MGAMRIMIHWOWJL-UHFFFAOYSA-N,COc1nc2c(nc1OC)C(=O)C(n1cc(Cl)c3ccccc31)=C(n1cc(Cl)c3ccccc31)C2=O,,1.45
test,530,DPWVKLOIBOJHKD-UHFFFAOYSA-N,Cc1csc(C2=C(c3nc(C)cs3)C(=O)c3c(C#N)ccnc3C2=O)n1,,1.7
test,4022,CPNJWWRDYIKSFJ-AROPPZRASA-N,C=COC=Cc1ccc(N=Nc2ccc(C=COC=C)s2)s1,,0.56
test,3528,XLYIIWYWBLZKLI-UHFFFAOYSA-N,CC(O)=Nc1ccc(C2=CC(=O)c3ncc(C#N)nc3C2=O)s1,,1.31
test,776,GIYRUIFWSQUQNI-UHFFFAOYSA-N,Cn1c(O)ccc1C1=C(c2ccc(O)n2C)C(=O)c2nccnc2C1=O,,0.54
test,1615,KHBGQHXRYHTKNX-UHFFFAOYSA-N,O=C1C(c2nnc(O)nn2)=C(c2nnc(O)nn2)C(=O)c2ncccc21,,2.48
test,418,COEWIHZDGFLATI-UHFFFAOYSA-N,COc1ccnc2c1C(=O)C(c1ccc(C(F)(F)F)s1)=CC2=O,,2.26
test,1158,IEFIIWJUBOXNPZ-UHFFFAOYSA-N,N#Cc1ccnc2c1C(=O)C(c1ccc(F)s1)=C(c1ccc(F)s1)C2=O,,1.55
test,3184,VYCHYWMMXPLVKE-UHFFFAOYSA-N,O=Cn1c(O)ccc1C1=CC(=O)c2nccnc2C1=O,,1.47
test,2209,NSGSGIUPBAFKEB-UHFFFAOYSA-N,O=C1C(c2nc(Cl)cs2)=C(c2nc(Cl)cs2)C(=O)c2ncccc21,,1.96
test,3339,WPPKAKDOSRWEPG-UHFFFAOYSA-N,C#CC1=C(C#C)C(=O)c2c(C#N)cc(C#N)nc2C1=O,,2.89
test,3203,WAFWWQIUJLQBND-UHFFFAOYSA-N,COc1nc2c(nc1OC)C(=O)C(c1cnc(C(F)(F)F)[nH]1)=CC2=O,,2.19
test,3288,WLHIRVGCOAITOE-UHFFFAOYSA-N,COc1cnc2c(c1)C(=O)C(c1ccc([N+](=O)[O-])n1C)=CC2=O,,2.24
test,2531,PGBXFFZHLUZWIK-UHFFFAOYSA-N,N#Cc1cc(C#N)c2c(n1)C(=O)C=C(c1nc(S)co1)C2=O,,1.96
test,4265,IFQRVOIWVMQONV-UHFFFAOYSA-N,O=C1c2ccc(-c3nc(C(F)(F)F)cs3)cc2C(=O)c2cc(-c3nc(C(F)(F)F)cs3)ccc21,,2.22
test,4857,VGRNIPXRSAUBAG-UHFFFAOYSA-N,FC(F)(F)c1nnc(C2(C(F)(F)F)N=N2)nn1,,3.11
test,3976,BKDVNRQEULOUNV-UHFFFAOYSA-N,FC(F)(F)Oc1ncc(C2(OC(F)(F)F)N=N2)[nH]1,,2.1
test,1295,IVLJOKKWFGHQBM-UHFFFAOYSA-N,Cc1cn(C2=C(n3cc(C)c4ccccc43)C(=O)c3ncccc3C2=O)c2ccccc12,,1.07
test,4742,RVLODOITISSKGV-UHFFFAOYSA-N,CC1=CC=C(c2ccc3c(c2)C(=O)c2cc(C4=CC=C(C)S4(=O)=O)ccc2C3=O)S1(=O)=O,,2.19
test,4767,SGXKGNUZWJVEMZ-VHXPQNKSSA-N,COc1ccc(-c2ccc(N=Nc3ccc(-c4ccc(OC)cc4)s3)s2)cc1,,0.56
test,3290,WLJMXTWIYVCIBG-SYZQJQIISA-N,CC(O)=NN=CC1=CC(=O)c2ncc(C#N)nc2C1=O,,2.25
test,742,GEBKCZSHFNIERS-UHFFFAOYSA-N,N#Cc1cnc2c(n1)C(=O)C(C1=CC=CS1(=O)=O)=C(C1=CC=CS1(=O)=O)C2=O,,2.49
test,5132,SEIHPAFRSPKBOU-UHFFFAOYSA,CN1c2ccccc2N(c2cc[nH]n2)c2ccccc21,,0.22
test,4352,JWJOAFLKSWXFJL-UHFFFAOYSA-N,Cc1ccc(-c2cc(C#N)cc(-c3ccc(C)o3)c2C#N)o1,,-1.22
test,889,GXDIUCOBQYRUQO-UHFFFAOYSA-N,N#Cc1cnc2c(n1)C(=O)C(c1nnc(OC(F)(F)F)nn1)=CC2=O,,2.69
test,293,BWWLJXZWPQMLKJ-UHFFFAOYSA-N,N#Cc1nc2c(nc1C#N)C(=O)C(C#CC(F)(F)F)=CC2=O,,3.92
test,371,CHLHMFGOIRGYCV-UHFFFAOYSA-N,Cc1ccc(C2=C(c3ccc(C)cc3)C(=O)c3nccnc3C2=O)cc1,,1.71
test,3195,VZENHONABPSGGU-UHFFFAOYSA-N,N#Cc1ccc(C2=CC(=O)c3ncc(C#N)c(C#N)c3C2=O)[nH]1,,2.06
test,5084,ZXHIZSWXBZJJSE-UHLOJFIZSA-N,COC=Cc1ccc(N=Nc2ccc(C=COC)cc2)cc1,,0.93
test,2543,PHHDSLMVVOFWQO-UHFFFAOYSA-N,CC(O)=Nc1nccn1C1=C(n2ccnc2N=C(C)O)C(=O)c2nc(C#N)ccc2C1=O,,1.48
test,3045,URZLLVFQHPLFJO-UHFFFAOYSA-N,N#Cc1cnc2c(c1C#N)C(=O)C(C1=CC=C(O)C1)=CC2=O,,1.19
test,964,HGZLUNXXJSNQOH-UHFFFAOYSA-N,N#Cc1cnc2c(c1)C(=O)C(n1cc(S)c3ccccc31)=C(n1cc(S)c3ccccc31)C2=O,,1.09
test,1330,JAFHWDXGOBZEIF-UHFFFAOYSA-N,N#Cc1cc2c(nc1C#N)C(=O)C(n1ccc3ccccc31)=C(n1ccc3ccccc31)C2=O,,1.33
test,157,ATSJRUBQWOBZQY-UHFFFAOYSA-N,Cn1c(C#N)ccc1C1=C(c2ccc(C#N)n2C)C(=O)c2c(C#N)ccnc2C1=O,,1.78
test,65,AJCOHUMFJGSIHI-UHFFFAOYSA-N,N#Cc1nc2c(nc1C#N)C(=O)C(c1ccc([N+](=O)[O-])o1)=CC2=O,,2.78
test,3026,UQKUWYHZBSHIKO-PLNGDYQASA-N,COc1ccc2c(n1)C(=O)C=C(C=CS)C2=O,,1.86
test,245,BQZNCDIDLPUETG-UHFFFAOYSA-N,O=C1C(C2=CC=C(S)C2)=C(C2=CC=C(S)C2)C(=O)c2nccnc21,,0.67
test,3470,XFLHMFKYLMBDLT-UHFFFAOYSA-N,N#Cc1cc(C#N)c2c(n1)C(=O)C=C(c1ccc([N+](=O)[O-])o1)C2=O,,2.73
test,367,CHBSRFHUKKLJGG-UHFFFAOYSA-N,N#Cc1cnc2c(c1)C(=O)C(c1ccc(Cl)[nH]1)=CC2=O,,1.52
test,4322,JDWUOIHUUONFLP-DQRAZIAOSA-N,Clc1csc(-c2ccc(N=Nc3ccc(-c4nc(Cl)cs4)[nH]3)[nH]2)n1,,0.78
test,4494,MLBITYNKUMCSPC-ZCXUNETKSA-N,O=[N+]([O-])c1nnc(-c2ccc(N=Nc3ccc(-c4nnc([N+](=O)[O-])nn4)cc3)cc2)nn1,,1.91
test,1448,JOCBLISYOBFSCR-RJRFIUFISA-N,O=C1C=C(C=C[N+](=O)[O-])C(=O)c2nccnc21,,3.01
test,3139,VCHGPTBCRQMFJV-UHFFFAOYSA-N,N#Cc1cnc2c(n1)C(=O)C(n1ccnc1[N+](=O)[O-])=C(n1ccnc1[N+](=O)[O-])C2=O,,3.16
test,1095,HXPIKZLSQMLOND-CPSFFCFKSA-N,N#Cc1cc2c(nc1C#N)C(=O)C=C(C=N)C2=O,,2.94
test,2087,NDKCREQWWHXXDT-UHFFFAOYSA-N,CN(C)C1=CC=C(C2=C(C3=CC=C(N(C)C)S3(=O)=O)C(=O)c3ncc(C#N)cc3C2=O)S1(=O)=O,,0.9
test,2138,NIWYJZMFQRVFQJ-UHFFFAOYSA-N,COc1coc(C2=CC(=O)c3nccc(C#N)c3C2=O)n1,,1.78
test,3247,WFQYTWZHCCEMFH-UHFFFAOYSA-N,N#Cc1cc(C#N)c2c(n1)C(=O)C(c1nccs1)=C(c1nccs1)C2=O,,1.95
test,2653,RHAOUOQTXPOGDJ-UHFFFAOYSA-N,N#Cc1cnc2c(c1)C(=O)C(c1cc(O)c[nH]1)=C(c1cc(O)c[nH]1)C2=O,,0.79
test,3725,YZNQWUPNLYFJMV-UHFFFAOYSA-N,N#Cc1cnc2c(c1C#N)C(=O)C(c1cnc(S)[nH]1)=C(c1cnc(S)[nH]1)C2=O,,1.21
test,553,DSWTZNJDUZUNMN-UHFFFAOYSA-N,COc1ccc(C2=CC(=O)c3ncc(C#N)cc3C2=O)n1C,,1.06
test,1699,KSXAHBDKAMRGGB-UHFFFAOYSA-N,N#Cc1ccnc2c1C(=O)C(c1ncc(S)cn1)=CC2=O,,2.26
test,3562,XQDPWYBYEADRCA-UZNMPDEFSA-N,CC=CC1=C(C=CC)C(=O)c2ncc(C#N)cc2C1=O,,1.81
test,3792,ZHWFESGUCPMNJU-UHFFFAOYSA-N,O=C1C(c2ccc(C(F)(F)F)cn2)=C(c2ccc(C(F)(F)F)cn2)C(=O)c2nccnc21,,2.8
test,3659,YRQRMUANRDTQCK-UHFFFAOYSA-N,N#Cc1ccc2c(n1)C(=O)C(c1ccc(O)s1)=C(c1ccc(O)s1)C2=O,,1.05
test,1456,JPLRNBFFYUASHF-UHFFFAOYSA-N,N#Cc1ccc2c(n1)C(=O)C=C(c1ncc(C(F)(F)F)o1)C2=O,,2.89
test,1200,IKSGRZNGYBYAPC-UHFFFAOYSA-N,COc1nccn1C1=CC(=O)c2nccc(C#N)c2C1=O,,1.58
test,3654,YRBXHPMDKGMYBK-UHFFFAOYSA-N,N#Cc1cnc2c(c1)C(=O)C(c1ccccn1)=CC2=O,,2.59
test,3614,XWZHBHPDUSBILT-UHFFFAOYSA-N,COc1ccc(C2=CC(=O)c3ncc(C#N)nc3C2=O)n1C,,1.11
test,4607,ONPGEIUMHHZZCE-UHFFFAOYSA-N,Clc1ccc(C2(Cl)N=N2)s1,,1.92
test,151,ASXNUPNRHHWUQT-UHFFFAOYSA-N,O=C1C=C(c2cc(S)c[nH]2)C(=O)c2nccnc21,,1.31
test,1055,HTHVEGABFAGMLM-UHFFFAOYSA-N,N#Cc1nc2c(nc1C#N)C(=O)C(c1cc(F)c[nH]1)=C(c1cc(F)c[nH]1)C2=O,,1.12
test,2554,PIHRPQYYRVYDJR-UHFFFAOYSA-N,N#Cc1cnc2c(c1)C(=O)C(c1cc(C(F)(F)F)c[nH]1)=CC2=O,,1.97
test,1569,KCEAMMUBZSHMHL-UHFFFAOYSA-N,O=C1C(c2ccc[nH]2)=C(c2ccc[nH]2)C(=O)c2ncccc21,,0.89
test,1520,JWWVCNIFOXQDDK-UHFFFAOYSA-N,N#Cc1cc(C#N)c2c(n1)C(=O)C=C(c1ccc(C#N)[nH]1)C2=O,,2.05
test,447,CUFBGRMSJJGFSB-UHFFFAOYSA-N,N#Cc1ccc(C2=CC(=O)c3ncc(C#N)cc3C2=O)cc1,,2.75
test,4903,WMHZMKIFOJGBEG-FMQUCBEESA-N,O=[N+]([O-])c1ncc(-c2ccc(N=Nc3ccc(-c4cnc([N+](=O)[O-])[nH]4)o3)o2)[nH]1,,1.13
test,4383,KGTPITGDDKVHBS-UHFFFAOYSA-N,Clc1ncc(C2(Cl)N=N2)[nH]1,,2.02
test,1020,HPCMWUNARRKHAG-UHFFFAOYSA-N,N#CC1=CC=C(C2=C(C3=CC=C(C#N)S3(=O)=O)C(=O)c3ncccc3C2=O)S1(=O)=O,,2.79
test,4196,GZTAJJBXXKZHCG-UHFFFAOYSA-N,O=C1c2ccc(-c3ccc(F)cc3)cc2C(=O)c2cc(-c3ccc(F)cc3)ccc21,,2.4
test,3112,VABZGHAIHUTIPZ-UHFFFAOYSA-N,N#Cc1cc(C#N)c2c(n1)C(=O)C=C(c1nccs1)C2=O,,2.34
test,2951,UINTYZGABLYCJE-UHFFFAOYSA-N,N#Cc1cnc2c(c1)C(=O)C(c1ccc(Cl)cc1)=CC2=O,,2.33
test,4556,NSOATSDTQGCOID-DQRAZIAOSA-N,COc1ncc(-c2ccc(N=Nc3ccc(-c4cnc(OC)[nH]4)o3)o2)[nH]1,,0.27
test,1598,KFHMEIRJVYGKNO-UHFFFAOYSA-N,O=C1C=C(n2ccnc2[N+](=O)[O-])C(=O)c2nccnc21,,2.89
test,1097,HXTAHFCHEHXEJU-UHFFFAOYSA-N,COc1cnc2c(n1)C(=O)C(c1ncc(OC(F)(F)F)o1)=CC2=O,,2.31
test,4386,KJOGKVFGMQZSHF-UHFFFAOYSA-N,Cc1ccc(-c2ccc3c(c2)C(=O)c2cc(-c4ccc(C)cc4)ccc2C3=O)cc1,,2.1
test,5091,ZZILKUUVQBHYCL-ISLYRVAYSA-N,Sc1cnc(-c2ccc(N=Nc3ccc(-c4ncc(S)o4)s3)s2)o1,,1.06
test,3558,XPUZARJTJBIQQE-UHFFFAOYSA-N,N#Cc1cnc2c(c1C#N)C(=O)C(c1cnc(Cl)[nH]1)=CC2=O,,2.03
test,4391,KKZTYSOYSNCIKK-KNOCWOPBSA-N,O=[N+]([O-])C=Cc1ccc(N=Nc2ccc(C=C[N+](=O)[O-])o2)o1,,1.38
test,4315,JAQBTIXCPYYNAW-FMQUCBEESA-N,Oc1ccc(-c2ccc(N=Nc3ccc(-c4ccc(O)[nH]4)o3)o2)[nH]1,,0.11
test,4640,PNPYUROZPQBSRT-OCEACIFDSA-N,N#Cc1csc(-c2ccc(N=Nc3ccc(-c4nc(C#N)cs4)cc3)cc2)n1,,1.93
test,4019,CPANPYZVYYAHAF-DQRAZIAOSA-N,Oc1cnc(-c2ccc(N=Nc3ccc(-c4ncc(O)o4)cc3)cc2)o1,,1.2
test,555,DTDLQXRBXNAVQE-UHFFFAOYSA-N,CC(O)=NC1=CC=C(C2=CC(=O)c3nc(C#N)ccc3C2=O)C1,,0.97
test,3455,XDWNSKVROBALRF-UHFFFAOYSA-N,COc1nc2c(nc1OC)C(=O)C(c1ncc(C#N)s1)=CC2=O,,2.39
test,410,CNDLMPLFOJEGHG-UHFFFAOYSA-N,N#Cc1ccc(C2=C(c3ccc(C#N)cc3)C(=O)c3ncccc3C2=O)cc1,,2.45
test,1315,IWXXSAYYSWHIFR-UHFFFAOYSA-N,N#Cc1cnc2c(n1)C(=O)C=C(c1cnc([N+](=O)[O-])[nH]1)C2=O,,2.68
test,3625,XYEJFIQGIHEUBD-UHFFFAOYSA-N,CN(C)c1ccc(C2=CC(=O)c3nccnc3C2=O)o1,,0.84
test,4456,LRCYLGIWVXGASU-KNOCWOPBSA-N,SC=Cc1ccc(N=Nc2ccc(C=CS)o2)o1,,0.44
test,1905,MGFWQSDXRGQRQC-UHFFFAOYSA-N,N#Cc1cc(C#N)c2c(n1)C(=O)C=C(n1ccnc1C(F)(F)F)C2=O,,2.65
test,471,DAPLMMKPHAHCCX-HYXAFXHYSA-N,COC=CC1=CC(=O)c2nccc(C#N)c2C1=O,,1.82
test,2213,NSYRFMZZWYWCAK-UHFFFAOYSA-N,COc1ccnc2c1C(=O)C(c1ccc(N=C(C)O)s1)=CC2=O,,1.26
test,3758,ZDPLLPAOIKEYKN-UHFFFAOYSA-N,C#CC1=C(C#C)C(=O)c2nc(C#N)ccc2C1=O,,2.77
test,3360,WSZLLALGTFBEQL-UHFFFAOYSA-N,N#Cc1cc2c(nc1C#N)C(=O)C=C(c1ccc(O)n1C=O)C2=O,,1.54
test,3862,ZRAIGJHKCBEMRS-UHFFFAOYSA-N,N#Cc1ccc2c(n1)C(=O)C(c1cnc([N+](=O)[O-])[nH]1)=C(c1cnc([N+](=O)[O-])[nH]1)C2=O,,2.2
test,4553,NQPZOHUXAAHRJJ-FMQUCBEESA-N,Cc1csc(-c2ccc(N=Nc3ccc(-c4nc(C)cs4)s3)s2)n1,,1.13
test,881,GWJWOCONBUVSNU-UHFFFAOYSA-N,CN(C)c1ccc(C2=CC(=O)c3nc(C#N)cnc3C2=O)o1,,0.91
test,3065,UVCROSDQDJLEEW-UHFFFAOYSA-N,N#Cc1cc(C#N)c2c(n1)C(=O)C=C(c1nc(C(F)(F)F)co1)C2=O,,2.96
test,425,CPKYTZOLZUFTTQ-UHFFFAOYSA-N,COC1=CC=C(C2=CC(=O)c3nc(C#N)cc(C#N)c3C2=O)C1,,1.01
test,4889,WAWPOJWTGHXOLV-QURGRASLSA-N,Oc1csc(-c2ccc(N=Nc3ccc(-c4nc(O)cs4)cc3)cc2)n1,,1.39
test,2042,MYCUWWPCWGIBKQ-UZNMPDEFSA-N,COC=CC1=C(C=COC)C(=O)c2ncc(C#N)cc2C1=O,,1.27
test,932,HCULHOFSVCUZOL-UHFFFAOYSA-N,COc1cnc2c(n1)C(=O)C=C(c1nc(C(F)(F)F)co1)C2=O,,2.69
test,1344,JBYAVDDZVYJBQT-UHFFFAOYSA-N,O=C1C(c2ncc([N+](=O)[O-])o2)=CC(=O)c2ncccc21,,3.05
test,4586,OFJBMRGKMFXQOC-UHFFFAOYSA-N,Sc1ccc(C2(S)N=N2)nc1,,1.81
test,3524,XLUWYISTPCNQFJ-UHFFFAOYSA-N,Cc1ncc(C2=CC(=O)c3nc(C#N)c(C#N)cc3C2=O)[nH]1,,1.81
test,251,BRPNNYOGDIBIPZ-UHFFFAOYSA-N,N#Cc1cnc2c(c1)C(=O)C(c1ccc[nH]1)=CC2=O,,1.53
test,5217,ZXXZKQRPGOYNRW-UHFFFAOYSA,FC(F)(F)N1c2ccccc2N(S)c2ccccc21,,1.21
test,1319,IXTPRIALWBYPRC-UHFFFAOYSA-N,N#Cc1nc2c(nc1C#N)C(=O)C(c1ccc(S)cn1)=C(c1ccc(S)cn1)C2=O,,1.84
test,734,GCRPFZXLPCLZTH-UHFFFAOYSA-N,Cn1cccc1C1=C(c2cccn2C)C(=O)c2nc(C#N)ccc2C1=O,,1.09
test,1973,MPNMPYAUANXIEF-UHFFFAOYSA-N,COc1cnc2c(n1)C(=O)C(c1ncc([N+](=O)[O-])cn1)=CC2=O,,2.86
test,5067,ZLYIYYMBQVVTRL-ISLYRVAYSA-N,O=[N+]([O-])C1=CC=C(c2ccc(N=Nc3ccc(C4=CC=C([N+](=O)[O-])S4(=O)=O)s3)s2)S1(=O)=O,,1.75
test,227,BPJTZERHWZJPGP-XDUSUKGOSA-N,COc1cnc2c(n1)C(=O)C(C=NS)=C(C=NS)C2=O,,1.97
test,1658,KMXSNWOSSZQWSV-UHFFFAOYSA-N,COc1cnc(C2=CC(=O)c3ncc(C#N)c(C#N)c3C2=O)o1,,1.78
test,3931,ASLWQARYCMGXGV-UHFFFAOYSA-N,Cc1csc(-c2cc(C#N)cc(-c3nc(C)cs3)c2C#N)n1,,-0.79
test,4325,JFECFDAZKQFYSG-VHXPQNKSSA-N,N#Cc1ccc(-c2ccc(N=Nc3ccc(-c4ccc(C#N)o4)[nH]3)[nH]2)o1,,0.72
test,5521,BLCBISWCNLNHLH-UHFFFAOYSA,c1ccc2c(c1)Sc1ccccc1N2c1cnco1,,0.93
test,3089,UWWDPSMYVCLAEV-UHFFFAOYSA-N,Cc1ccc(C2=CC(=O)c3nc(C#N)cnc3C2=O)s1,,1.76
test,4316,JBPBYMZZUCRUIX-UHFFFAOYSA-N,N#Cc1cc(-c2ccc(C(F)(F)F)o2)c(C#N)c(-c2ccc(C(F)(F)F)o2)c1,,-0.81
test,4508,MTEQHCIFYAMMCB-UHFFFAOYSA-N,Cc1ncc(-c2ccc3c(c2)C(=O)c2cc(-c4cnc(C)[nH]4)ccc2C3=O)[nH]1,,1.46
test,3656,YRFUZWCJWXECQN-UHFFFAOYSA-N,CN(C)c1csc(C2=CC(=O)c3nccc(C#N)c3C2=O)n1,,0.95
test,2723,ROQJOQMTMAEBCL-UHFFFAOYSA-N,C#CC1=C(C#C)C(=O)c2ncccc2C1=O,,2.68
test,1046,HSOJKUYYICGSFI-UHFFFAOYSA-N,N#Cc1ccnc2c1C(=O)C(c1ncc(F)s1)=C(c1ncc(F)s1)C2=O,,1.88
test,3679,YUFNQMYWDHYMJB-IHWYPQMZSA-N,COc1cnc2c(c1)C(=O)C(C=CC#N)=CC2=O,,2.51
test,4030,CYKUMPVYVMAFKH-VHXPQNKSSA-N,N#Cc1ccc(-c2ccc(N=Nc3ccc(-c4ccc(C#N)[nH]4)s3)s2)[nH]1,,0.79
test,3978,BLBXSGNMYBATMG-VHXPQNKSSA-N,Clc1coc(-c2ccc(N=Nc3ccc(-c4nc(Cl)co4)cc3)cc2)n1,,1.45
test,3326,WOECBCHUZDDVBN-UHFFFAOYSA-N,N#Cc1cnc2c(n1)C(=O)C(C1=CC=C(OC(F)(F)F)S1(=O)=O)=CC2=O,,2.55
test,3877,ZSHUPTVBUIEUJI-UHFFFAOYSA-N,O=C1C(c2cc(F)c[nH]2)=C(c2cc(F)c[nH]2)C(=O)c2ncccc21,,1.08
test,292,BWVLYOISKNQTOG-UHFFFAOYSA-N,N#Cc1cnc2c(c1)C(=O)C(c1ncc(O)s1)=C(c1ncc(O)s1)C2=O,,1.49
test,1942,MLVWZUJCBOPZKD-UHFFFAOYSA-N,Cn1cccc1C1=CC(=O)c2nc(C#N)c(C#N)nc2C1=O,,1.62
test,3819,ZMDLXYDXOSKTID-ONEGZZNKSA-N,COc1nc2c(nc1OC)C(=O)C(C=CC#N)=CC2=O,,2.38
test,2642,RFBMVDARCLFEHF-UHFFFAOYSA-N,N#Cc1cnc2c(c1C#N)C(=O)C(c1ccc(Cl)cc1)=CC2=O,,2.4
test,2364,OMPDBVAVSQBXQK-UHFFFAOYSA-N,N#Cc1cnc2c(c1)C(=O)C(C1=CC=C(OC(F)(F)F)C1)=C(C1=CC=C(OC(F)(F)F)C1)C2=O,,1.12
test,2580,QKTWBXYJMVZQRK-FNORWQNLSA-N,CN(C)C=CC1=CC(=O)c2ncccc2C1=O,,1.06
test,5205,UKBXRXKLSHSCGD-UHFFFAOYSA,C=CSN1c2ccccc2N(Cl)c2ccccc21,,1.33
test,4952,XINLJJCXJSRGGQ-VHXPQNKSSA-N,O=Cn1c(Cl)ccc1-c1ccc(N=Nc2ccc(-c3ccc(Cl)n3C=O)[nH]2)[nH]1,,0.07
test,5263,VOEXQWQTKODJDB-UHFFFAOYSA,Clc1cc(N2c3ccccc3N(c3ccsc3Cl)c3ccccc32)cs1,,0.17
test,5095,BSCGMQUARSHAIH-UHFFFAOYSA,C#CON1c2ccccc2N(c2cc(OC)[nH]n2)c2ccccc21,,1.12
test,2518,PEZTYGYDAUXFJU-UHFFFAOYSA-N,CN(C)c1cnc(C2=CC(=O)c3ncc(C#N)cc3C2=O)nc1,,1.44
test,3667,YSOQKXYNGPNLQS-UHFFFAOYSA-N,COc1ccc2c(n1)C(=O)C=C(c1ncc(N=C(C)O)s1)C2=O,,1.46
test,3703,YXIQVOJAPLHRPF-UHFFFAOYSA-N,CC(O)=Nc1cnc(C2=C(c3ncc(N=C(C)O)o3)C(=O)c3ncc(C#N)cc3C2=O)o1,,1.36
test,2201,NQSKIHJBITUCEM-UHFFFAOYSA-N,N#Cc1cnc2c(n1)C(=O)C(c1ncc(Cl)cn1)=CC2=O,,2.75
test,4023,CPTHHTGZTQBXLG-UHFFFAOYSA-N,O=C1c2ccc(-c3ccc(O)[nH]3)cc2C(=O)c2cc(-c3ccc(O)[nH]3)ccc21,,1.04
test,1862,MBQWAYFQHQBMOH-UHFFFAOYSA-N,N#Cc1cnc2c(c1)C(=O)C(c1ccc(F)cc1)=C(c1ccc(F)cc1)C2=O,,2.03
test,1954,MNERJAUOHOKZGD-UHFFFAOYSA-N,N#Cc1nc2c(nc1C#N)C(=O)C(c1ccc(OC(F)(F)F)n1C=O)=CC2=O,,2.02
test,4564,NXEHLTPSELYRLD-UHFFFAOYSA-N,N#Cc1ccc(-c2ccc3c(c2)C(=O)c2cc(-c4ccc(C#N)s4)ccc2C3=O)s1,,2.04
test,1789,LSUGUINXTUGTLY-UHFFFAOYSA-N,N#Cc1cc2c(nc1C#N)C(=O)C=C(c1ccc(Cl)s1)C2=O,,2.03
test,2228,NUZYWTXZGJFZLF-UHFFFAOYSA-N,N#Cc1cc2c(nc1C#N)C(=O)C(c1nc(S)co1)=C(c1nc(S)co1)C2=O,,1.75
test,2890,SHSURQVPNNGTRM-UHFFFAOYSA-N,N#Cc1cc(C#N)c2c(n1)C(=O)C=C(c1nc(C(F)(F)F)cs1)C2=O,,2.68
test,4917,WUADVEIELZFNSY-ISLYRVAYSA-N,Oc1csc(-c2ccc(N=Nc3ccc(-c4nc(O)cs4)o3)o2)n1,,0.93
test,683,FIUXUGNFJFKBOR-UHFFFAOYSA-N,COc1cnc2c(n1)C(=O)C=C(c1ncc(Cl)o1)C2=O,,2.2
test,505,DNBOSSIFNFCYNB-UHFFFAOYSA-N,COc1cnc2c(n1)C(=O)C(c1nnc(Cl)nn1)=CC2=O,,2.56
test,2486,PATYGGRORSCJRO-UHFFFAOYSA-N,N#Cc1cnc2c(c1C#N)C(=O)C(n1cc(Cl)c3ccccc31)=C(n1cc(Cl)c3ccccc31)C2=O,,1.6
test,907,GZTKGFZLQVJDBY-UHFFFAOYSA-N,N#Cc1cnc2c(c1)C(=O)C(c1ncc(OC(F)(F)F)cn1)=CC2=O,,2.76
test,589,DXQDKSDBJAAXQJ-UHFFFAOYSA-N,COc1ccnc2c1C(=O)C(c1cnc[nH]1)=CC2=O,,1.76
test,2619,QOVMYCXNEJMLCY-UHFFFAOYSA-N,N#Cc1cn(C2=C(n3cc(C#N)nn3)C(=O)c3ncccc3C2=O)nn1,,3.16
test,3321,WNVHMXCZNGPLOZ-UHFFFAOYSA-N,N#Cc1cc(C#N)c2c(n1)C(=O)C=C(C#COC(F)(F)F)C2=O,,2.95
test,3106,UZCNTFSMPYPBHB-UHFFFAOYSA-N,N#CC1=CC=C(C2=CC(=O)c3nc(C#N)c(C#N)nc3C2=O)S1(=O)=O,,3.15
test,106,ANRPIUPDZVVESR-UHFFFAOYSA-N,COc1cnc2c(c1)C(=O)C(c1ccc(S)[nH]1)=CC2=O,,1.08
test,4680,QNCYQJFSWILAJE-FMQUCBEESA-N,Oc1c[nH]c(-c2ccc(N=Nc3ccc(-c4cc(O)c[nH]4)s3)s2)c1,,0.43
test,737,GCVNHCUARSLFNH-UHFFFAOYSA-N,CN(C)c1ccc(C2=CC(=O)c3nc(C#N)c(C#N)nc3C2=O)n1C=O,,1.03
test,4521,MXOIRLYYIXXIBC-UHFFFAOYSA-N,FC(F)(F)Oc1cnc(C2(OC(F)(F)F)N=N2)s1,,2.47
test,3000,UNABFRZNDNLIKP-UHFFFAOYSA-N,CN(C)c1nccn1C1=C(n2ccnc2N(C)C)C(=O)c2nc(C#N)ccc2C1=O,,0.94
test,1840,LYXYPZCRIZJDIG-UHFFFAOYSA-N,N#Cc1cnc2c(n1)C(=O)C(c1ccc(O)s1)=C(c1ccc(O)s1)C2=O,,1.01
test,1220,IMJDVAZBNRHWJK-UHFFFAOYSA-N,N#Cc1nc2c(nc1C#N)C(=O)C(c1cc(C(F)(F)F)c[nH]1)=C(c1cc(C(F)(F)F)c[nH]1)C2=O,,1.55
test,2689,RKZLLBKJFBICTR-UHFFFAOYSA-N,COc1nc2c(nc1OC)C(=O)C(c1ccc(C#N)o1)=CC2=O,,2.17
test,3123,VAVPLDQWZSHXMP-UHFFFAOYSA-N,N#Cc1ccnc2c1C(=O)C(n1cc(O)nn1)=C(n1cc(O)nn1)C2=O,,2.21
test,1652,KMFYDNOESBISMQ-UHFFFAOYSA-N,N#Cc1cnc2c(c1)C(=O)C(C1=CC=C([N+](=O)[O-])C1)=C(C1=CC=C([N+](=O)[O-])C1)C2=O,,2.05
test,1033,HQSCHRXEGUMPOF-UHFFFAOYSA-N,N#Cc1nc2c(nc1C#N)C(=O)C(c1ccco1)=CC2=O,,2.06
test,2388,OQBKUCMAJZLROF-UHFFFAOYSA-N,N#Cc1ccc(C2=CC(=O)c3nccnc3C2=O)cc1,,2.73
test,2218,NTMLFTLZSNMZGW-UHFFFAOYSA-N,COc1cnc(C2=C(c3ncc(OC)o3)C(=O)c3nc(C#N)c(C#N)nc3C2=O)o1,,1.43
